customer_id,booking_id,booking_type,property_type,property_img,agent_id,sale_id
C001,B001,Direct Purchase,Villa,https://image2url.com/r2/default/images/1775366894497-2d1627bd-ac8e-4a6c-a02f-998d681c0efe.png,A001,S001
C002,B002,Pre-Booking,Apartment,https://image2url.com/r2/default/images/1775365771521-eb23937a-a14e-441c-9dd3-73ae16559c6d.png,A002,S002
C003,B003,Loan Booking,Apartment,https://image2url.com/r2/default/images/1775365771521-eb23937a-a14e-441c-9dd3-73ae16559c6d.png,A003,S003
C004,B004,Resale,Apartment,https://image2url.com/r2/default/images/1775365771521-eb23937a-a14e-441c-9dd3-73ae16559c6d.png,A004,S004
C005,B005,Direct Purchase,Apartment,https://image2url.com/r2/default/images/1775365771521-eb23937a-a14e-441c-9dd3-73ae16559c6d.png,A005,S005
C006,B006,Pre-Booking,Apartment,https://image2url.com/r2/default/images/1775365771521-eb23937a-a14e-441c-9dd3-73ae16559c6d.png,A006,S006
C007,B007,Loan Booking,Apartment,https://image2url.com/r2/default/images/1775365771521-eb23937a-a14e-441c-9dd3-73ae16559c6d.png,A007,S007
C008,B008,Resale,Apartment,https://image2url.com/r2/default/images/1775365771521-eb23937a-a14e-441c-9dd3-73ae16559c6d.png,A008,S008
C009,B009,Direct Purchase,Villa,https://image2url.com/r2/default/images/1775366894497-2d1627bd-ac8e-4a6c-a02f-998d681c0efe.png,A009,S009
C010,B010,Pre-Booking,Villa,https://image2url.com/r2/default/images/1775366894497-2d1627bd-ac8e-4a6c-a02f-998d681c0efe.png,A010,S010
C011,B011,Loan Booking,Villa,https://image2url.com/r2/default/images/1775366894497-2d1627bd-ac8e-4a6c-a02f-998d681c0efe.png,A011,S011
C012,B012,Resale,Villa,https://image2url.com/r2/default/images/1775366894497-2d1627bd-ac8e-4a6c-a02f-998d681c0efe.png,A012,S012
C013,B013,Direct Purchase,Villa,https://image2url.com/r2/default/images/1775366894497-2d1627bd-ac8e-4a6c-a02f-998d681c0efe.png,A013,S013
C014,B014,Pre-Booking,Villa,https://image2url.com/r2/default/images/1775366894497-2d1627bd-ac8e-4a6c-a02f-998d681c0efe.png,A014,S014
C015,B015,Loan Booking,Commercial,https://image2url.com/r2/default/images/1775366053175-0f364451-8a33-4ba4-a427-6a66077a018d.png,A015,S015
C016,B016,Resale,Commercial,https://image2url.com/r2/default/images/1775366053175-0f364451-8a33-4ba4-a427-6a66077a018d.png,A016,S016
C017,B017,Direct Purchase,Commercial,https://image2url.com/r2/default/images/1775366053175-0f364451-8a33-4ba4-a427-6a66077a018d.png,A017,S017
C018,B018,Pre-Booking,Commercial,https://image2url.com/r2/default/images/1775366053175-0f364451-8a33-4ba4-a427-6a66077a018d.png,A018,S018
C019,B019,Loan Booking,Commercial,https://image2url.com/r2/default/images/1775366053175-0f364451-8a33-4ba4-a427-6a66077a018d.png,A019,S019
C020,B020,Resale,Commercial,https://image2url.com/r2/default/images/1775366053175-0f364451-8a33-4ba4-a427-6a66077a018d.png,A020,S020
C021,B021,Direct Purchase,Commercial,https://image2url.com/r2/default/images/1775366053175-0f364451-8a33-4ba4-a427-6a66077a018d.png,A021,S021
C022,B022,Pre-Booking,Plot,https://image2url.com/r2/default/images/1775366615084-bb21eb70-7bec-497f-9c8c-86ffed7e411e.png,A022,S022
C023,B023,Loan Booking,Plot,https://image2url.com/r2/default/images/1775366615084-bb21eb70-7bec-497f-9c8c-86ffed7e411e.png,A023,S023
C024,B024,Resale,Plot,https://image2url.com/r2/default/images/1775366615084-bb21eb70-7bec-497f-9c8c-86ffed7e411e.png,A024,S024
C025,B025,Direct Purchase,Plot,https://image2url.com/r2/default/images/1775366615084-bb21eb70-7bec-497f-9c8c-86ffed7e411e.png,A025,S025
C026,B026,Pre-Booking,Plot,https://image2url.com/r2/default/images/1775366615084-bb21eb70-7bec-497f-9c8c-86ffed7e411e.png,A026,S026
C027,B027,Loan Booking,Plot,https://image2url.com/r2/default/images/1775366615084-bb21eb70-7bec-497f-9c8c-86ffed7e411e.png,A027,S027
C028,B028,Resale,Farmhouse,https://image2url.com/r2/default/images/1775366212850-4b90d38e-a1b8-4f24-a55a-6d5f8d0b0f8b.png,A028,S028
C029,B029,Direct Purchase,Farmhouse,https://image2url.com/r2/default/images/1775366212850-4b90d38e-a1b8-4f24-a55a-6d5f8d0b0f8b.png,A029,S029
C030,B030,Pre-Booking,Farmhouse,https://image2url.com/r2/default/images/1775366212850-4b90d38e-a1b8-4f24-a55a-6d5f8d0b0f8b.png,A030,S030
C031,B031,Loan Booking,Farmhouse,https://image2url.com/r2/default/images/1775366212850-4b90d38e-a1b8-4f24-a55a-6d5f8d0b0f8b.png,A031,S031
C032,B032,Resale,Farmhouse,https://image2url.com/r2/default/images/1775366212850-4b90d38e-a1b8-4f24-a55a-6d5f8d0b0f8b.png,A032,S032
C033,B033,Direct Purchase,Farmhouse,https://image2url.com/r2/default/images/1775366212850-4b90d38e-a1b8-4f24-a55a-6d5f8d0b0f8b.png,A033,S033
C034,B034,Pre-Booking,Farmhouse,https://image2url.com/r2/default/images/1775366212850-4b90d38e-a1b8-4f24-a55a-6d5f8d0b0f8b.png,A034,S034
C035,B035,Loan Booking,Farmhouse,https://image2url.com/r2/default/images/1775366212850-4b90d38e-a1b8-4f24-a55a-6d5f8d0b0f8b.png,A035,S035
C036,B036,Resale,Farmhouse,https://image2url.com/r2/default/images/1775366212850-4b90d38e-a1b8-4f24-a55a-6d5f8d0b0f8b.png,A036,S036
C037,B037,Direct Purchase,Farmhouse,https://image2url.com/r2/default/images/1775366212850-4b90d38e-a1b8-4f24-a55a-6d5f8d0b0f8b.png,A037,S037
C038,B038,Pre-Booking,Apartment,https://image2url.com/r2/default/images/1775365771521-eb23937a-a14e-441c-9dd3-73ae16559c6d.png,A038,S038
C039,B039,Loan Booking,Villa,https://image2url.com/r2/default/images/1775366894497-2d1627bd-ac8e-4a6c-a02f-998d681c0efe.png,A039,S039
C040,B040,Resale,Commercial,https://image2url.com/r2/default/images/1775366053175-0f364451-8a33-4ba4-a427-6a66077a018d.png,A040,S040
C041,B041,Direct Purchase,Plot,https://image2url.com/r2/default/images/1775366615084-bb21eb70-7bec-497f-9c8c-86ffed7e411e.png,A041,S041
C042,B042,Pre-Booking,Farmhouse,https://image2url.com/r2/default/images/1775366212850-4b90d38e-a1b8-4f24-a55a-6d5f8d0b0f8b.png,A042,S042
C043,B043,Loan Booking,Apartment,https://image2url.com/r2/default/images/1775365771521-eb23937a-a14e-441c-9dd3-73ae16559c6d.png,A043,S043
C044,B044,Resale,Villa,https://image2url.com/r2/default/images/1775366894497-2d1627bd-ac8e-4a6c-a02f-998d681c0efe.png,A044,S044
C045,B045,Direct Purchase,Commercial,https://image2url.com/r2/default/images/1775366053175-0f364451-8a33-4ba4-a427-6a66077a018d.png,A045,S045
C046,B046,Pre-Booking,Plot,https://image2url.com/r2/default/images/1775366615084-bb21eb70-7bec-497f-9c8c-86ffed7e411e.png,A046,S046
C047,B047,Loan Booking,Farmhouse,https://image2url.com/r2/default/images/1775366212850-4b90d38e-a1b8-4f24-a55a-6d5f8d0b0f8b.png,A047,S047
C048,B048,Resale,Apartment,https://image2url.com/r2/default/images/1775365771521-eb23937a-a14e-441c-9dd3-73ae16559c6d.png,A048,S048
C049,B049,Direct Purchase,Villa,https://image2url.com/r2/default/images/1775366894497-2d1627bd-ac8e-4a6c-a02f-998d681c0efe.png,A049,S049
C050,B050,Pre-Booking,Commercial,https://image2url.com/r2/default/images/1775366053175-0f364451-8a33-4ba4-a427-6a66077a018d.png,A050,S050
C051,B051,Loan Booking,Plot,https://image2url.com/r2/default/images/1775366615084-bb21eb70-7bec-497f-9c8c-86ffed7e411e.png,A051,S051
C052,B052,Resale,Farmhouse,https://image2url.com/r2/default/images/1775366212850-4b90d38e-a1b8-4f24-a55a-6d5f8d0b0f8b.png,A052,S052
C053,B053,Direct Purchase,Apartment,https://image2url.com/r2/default/images/1775365771521-eb23937a-a14e-441c-9dd3-73ae16559c6d.png,A053,S053
C054,B054,Pre-Booking,Villa,https://image2url.com/r2/default/images/1775366894497-2d1627bd-ac8e-4a6c-a02f-998d681c0efe.png,A054,S054
C055,B055,Loan Booking,Commercial,https://image2url.com/r2/default/images/1775366053175-0f364451-8a33-4ba4-a427-6a66077a018d.png,A055,S055
C056,B056,Resale,Plot,https://image2url.com/r2/default/images/1775366615084-bb21eb70-7bec-497f-9c8c-86ffed7e411e.png,A056,S056
C057,B057,Direct Purchase,Farmhouse,https://image2url.com/r2/default/images/1775366212850-4b90d38e-a1b8-4f24-a55a-6d5f8d0b0f8b.png,A057,S057
C058,B058,Pre-Booking,Apartment,https://image2url.com/r2/default/images/1775365771521-eb23937a-a14e-441c-9dd3-73ae16559c6d.png,A058,S058
C059,B059,Loan Booking,Villa,https://image2url.com/r2/default/images/1775366894497-2d1627bd-ac8e-4a6c-a02f-998d681c0efe.png,A059,S059
C060,B060,Resale,Commercial,https://image2url.com/r2/default/images/1775366053175-0f364451-8a33-4ba4-a427-6a66077a018d.png,A060,S060
C061,B061,Direct Purchase,Plot,https://image2url.com/r2/default/images/1775366615084-bb21eb70-7bec-497f-9c8c-86ffed7e411e.png,A061,S061
C062,B062,Pre-Booking,Farmhouse,https://image2url.com/r2/default/images/1775366212850-4b90d38e-a1b8-4f24-a55a-6d5f8d0b0f8b.png,A062,S062
C063,B063,Loan Booking,Apartment,https://image2url.com/r2/default/images/1775365771521-eb23937a-a14e-441c-9dd3-73ae16559c6d.png,A063,S063
C064,B064,Resale,Villa,https://image2url.com/r2/default/images/1775366894497-2d1627bd-ac8e-4a6c-a02f-998d681c0efe.png,A064,S064
C065,B065,Direct Purchase,Commercial,https://image2url.com/r2/default/images/1775366053175-0f364451-8a33-4ba4-a427-6a66077a018d.png,A065,S065
C066,B066,Pre-Booking,Plot,https://image2url.com/r2/default/images/1775366615084-bb21eb70-7bec-497f-9c8c-86ffed7e411e.png,A066,S066
C067,B067,Loan Booking,Farmhouse,https://image2url.com/r2/default/images/1775366212850-4b90d38e-a1b8-4f24-a55a-6d5f8d0b0f8b.png,A067,S067
C068,B068,Resale,Apartment,https://image2url.com/r2/default/images/1775365771521-eb23937a-a14e-441c-9dd3-73ae16559c6d.png,A068,S068
C069,B069,Direct Purchase,Villa,https://image2url.com/r2/default/images/1775366894497-2d1627bd-ac8e-4a6c-a02f-998d681c0efe.png,A069,S069
C070,B070,Pre-Booking,Commercial,https://image2url.com/r2/default/images/1775366053175-0f364451-8a33-4ba4-a427-6a66077a018d.png,A070,S070
C071,B071,Loan Booking,Plot,https://image2url.com/r2/default/images/1775366615084-bb21eb70-7bec-497f-9c8c-86ffed7e411e.png,A071,S071
C072,B072,Resale,Farmhouse,https://image2url.com/r2/default/images/1775366212850-4b90d38e-a1b8-4f24-a55a-6d5f8d0b0f8b.png,A072,S072
C073,B073,Direct Purchase,Apartment,https://image2url.com/r2/default/images/1775365771521-eb23937a-a14e-441c-9dd3-73ae16559c6d.png,A073,S073
C074,B074,Pre-Booking,Villa,https://image2url.com/r2/default/images/1775366894497-2d1627bd-ac8e-4a6c-a02f-998d681c0efe.png,A074,S074
C075,B075,Loan Booking,Commercial,https://image2url.com/r2/default/images/1775366053175-0f364451-8a33-4ba4-a427-6a66077a018d.png,A075,S075
C076,B076,Resale,Plot,https://image2url.com/r2/default/images/1775366615084-bb21eb70-7bec-497f-9c8c-86ffed7e411e.png,A076,S076
C077,B077,Direct Purchase,Farmhouse,https://image2url.com/r2/default/images/1775366212850-4b90d38e-a1b8-4f24-a55a-6d5f8d0b0f8b.png,A077,S077
C078,B078,Pre-Booking,Apartment,https://image2url.com/r2/default/images/1775365771521-eb23937a-a14e-441c-9dd3-73ae16559c6d.png,A078,S078
C079,B079,Loan Booking,Villa,https://image2url.com/r2/default/images/1775366894497-2d1627bd-ac8e-4a6c-a02f-998d681c0efe.png,A079,S079
C080,B080,Resale,Commercial,https://image2url.com/r2/default/images/1775366053175-0f364451-8a33-4ba4-a427-6a66077a018d.png,A080,S080
C081,B081,Direct Purchase,Plot,https://image2url.com/r2/default/images/1775366615084-bb21eb70-7bec-497f-9c8c-86ffed7e411e.png,A081,S081
C082,B082,Pre-Booking,Farmhouse,https://image2url.com/r2/default/images/1775366212850-4b90d38e-a1b8-4f24-a55a-6d5f8d0b0f8b.png,A082,S082
C083,B083,Loan Booking,Apartment,https://image2url.com/r2/default/images/1775365771521-eb23937a-a14e-441c-9dd3-73ae16559c6d.png,A083,S083
C084,B084,Resale,Villa,https://image2url.com/r2/default/images/1775366894497-2d1627bd-ac8e-4a6c-a02f-998d681c0efe.png,A084,S084
C085,B085,Direct Purchase,Commercial,https://image2url.com/r2/default/images/1775366053175-0f364451-8a33-4ba4-a427-6a66077a018d.png,A085,S085
C086,B086,Pre-Booking,Plot,https://image2url.com/r2/default/images/1775366615084-bb21eb70-7bec-497f-9c8c-86ffed7e411e.png,A086,S086
C087,B087,Loan Booking,Farmhouse,https://image2url.com/r2/default/images/1775366212850-4b90d38e-a1b8-4f24-a55a-6d5f8d0b0f8b.png,A087,S087
C088,B088,Resale,Apartment,https://image2url.com/r2/default/images/1775365771521-eb23937a-a14e-441c-9dd3-73ae16559c6d.png,A088,S088
C089,B089,Direct Purchase,Villa,https://image2url.com/r2/default/images/1775366894497-2d1627bd-ac8e-4a6c-a02f-998d681c0efe.png,A089,S089
C090,B090,Pre-Booking,Commercial,https://image2url.com/r2/default/images/1775366053175-0f364451-8a33-4ba4-a427-6a66077a018d.png,A090,S090
C091,B091,Loan Booking,Plot,https://image2url.com/r2/default/images/1775366615084-bb21eb70-7bec-497f-9c8c-86ffed7e411e.png,A091,S091
C092,B092,Resale,Farmhouse,https://image2url.com/r2/default/images/1775366212850-4b90d38e-a1b8-4f24-a55a-6d5f8d0b0f8b.png,A092,S092
C093,B093,Direct Purchase,Apartment,https://image2url.com/r2/default/images/1775365771521-eb23937a-a14e-441c-9dd3-73ae16559c6d.png,A093,S093
C094,B094,Pre-Booking,Villa,https://image2url.com/r2/default/images/1775366894497-2d1627bd-ac8e-4a6c-a02f-998d681c0efe.png,A094,S094
C095,B095,Loan Booking,Commercial,https://image2url.com/r2/default/images/1775366053175-0f364451-8a33-4ba4-a427-6a66077a018d.png,A095,S095
C096,B096,Resale,Plot,https://image2url.com/r2/default/images/1775366615084-bb21eb70-7bec-497f-9c8c-86ffed7e411e.png,A096,S096
C097,B097,Direct Purchase,Farmhouse,https://image2url.com/r2/default/images/1775366212850-4b90d38e-a1b8-4f24-a55a-6d5f8d0b0f8b.png,A097,S097
C098,B098,Pre-Booking,Apartment,https://image2url.com/r2/default/images/1775365771521-eb23937a-a14e-441c-9dd3-73ae16559c6d.png,A098,S098
C099,B099,Loan Booking,Villa,https://image2url.com/r2/default/images/1775366894497-2d1627bd-ac8e-4a6c-a02f-998d681c0efe.png,A099,S099
C100,B100,Resale,Commercial,https://image2url.com/r2/default/images/1775366053175-0f364451-8a33-4ba4-a427-6a66077a018d.png,A100,S100
C101,B101,Direct Purchase,Plot,https://image2url.com/r2/default/images/1775366615084-bb21eb70-7bec-497f-9c8c-86ffed7e411e.png,A101,S101
C102,B102,Pre-Booking,Farmhouse,https://image2url.com/r2/default/images/1775366212850-4b90d38e-a1b8-4f24-a55a-6d5f8d0b0f8b.png,A102,S102
C103,B103,Loan Booking,Apartment,https://image2url.com/r2/default/images/1775365771521-eb23937a-a14e-441c-9dd3-73ae16559c6d.png,A103,S103
C104,B104,Resale,Villa,https://image2url.com/r2/default/images/1775366894497-2d1627bd-ac8e-4a6c-a02f-998d681c0efe.png,A104,S104
C105,B105,Direct Purchase,Commercial,https://image2url.com/r2/default/images/1775366053175-0f364451-8a33-4ba4-a427-6a66077a018d.png,A105,S105
C106,B106,Pre-Booking,Plot,https://image2url.com/r2/default/images/1775366615084-bb21eb70-7bec-497f-9c8c-86ffed7e411e.png,A106,S106
C107,B107,Loan Booking,Farmhouse,https://image2url.com/r2/default/images/1775366212850-4b90d38e-a1b8-4f24-a55a-6d5f8d0b0f8b.png,A107,S107
C108,B108,Resale,Apartment,https://image2url.com/r2/default/images/1775365771521-eb23937a-a14e-441c-9dd3-73ae16559c6d.png,A108,S108
C109,B109,Direct Purchase,Villa,https://image2url.com/r2/default/images/1775366894497-2d1627bd-ac8e-4a6c-a02f-998d681c0efe.png,A109,S109
C110,B110,Pre-Booking,Commercial,https://image2url.com/r2/default/images/1775366053175-0f364451-8a33-4ba4-a427-6a66077a018d.png,A110,S110
C111,B111,Loan Booking,Plot,https://image2url.com/r2/default/images/1775366615084-bb21eb70-7bec-497f-9c8c-86ffed7e411e.png,A111,S111
C112,B112,Resale,Farmhouse,https://image2url.com/r2/default/images/1775366212850-4b90d38e-a1b8-4f24-a55a-6d5f8d0b0f8b.png,A112,S112
C113,B113,Direct Purchase,Apartment,https://image2url.com/r2/default/images/1775365771521-eb23937a-a14e-441c-9dd3-73ae16559c6d.png,A113,S113
C114,B114,Pre-Booking,Villa,https://image2url.com/r2/default/images/1775366894497-2d1627bd-ac8e-4a6c-a02f-998d681c0efe.png,A114,S114
C115,B115,Loan Booking,Commercial,https://image2url.com/r2/default/images/1775366053175-0f364451-8a33-4ba4-a427-6a66077a018d.png,A115,S115
C116,B116,Resale,Plot,https://image2url.com/r2/default/images/1775366615084-bb21eb70-7bec-497f-9c8c-86ffed7e411e.png,A116,S116
C117,B117,Direct Purchase,Farmhouse,https://image2url.com/r2/default/images/1775366212850-4b90d38e-a1b8-4f24-a55a-6d5f8d0b0f8b.png,A117,S117
C118,B118,Pre-Booking,Apartment,https://image2url.com/r2/default/images/1775365771521-eb23937a-a14e-441c-9dd3-73ae16559c6d.png,A118,S118
C119,B119,Loan Booking,Villa,https://image2url.com/r2/default/images/1775366894497-2d1627bd-ac8e-4a6c-a02f-998d681c0efe.png,A119,S119
C120,B120,Resale,Commercial,https://image2url.com/r2/default/images/1775366053175-0f364451-8a33-4ba4-a427-6a66077a018d.png,A120,S120
C121,B121,Direct Purchase,Plot,https://image2url.com/r2/default/images/1775366615084-bb21eb70-7bec-497f-9c8c-86ffed7e411e.png,A121,S121
C122,B122,Pre-Booking,Farmhouse,https://image2url.com/r2/default/images/1775366212850-4b90d38e-a1b8-4f24-a55a-6d5f8d0b0f8b.png,A122,S122
C123,B123,Loan Booking,Apartment,https://image2url.com/r2/default/images/1775365771521-eb23937a-a14e-441c-9dd3-73ae16559c6d.png,A123,S123
C124,B124,Resale,Villa,https://image2url.com/r2/default/images/1775366894497-2d1627bd-ac8e-4a6c-a02f-998d681c0efe.png,A124,S124
C125,B125,Direct Purchase,Commercial,https://image2url.com/r2/default/images/1775366053175-0f364451-8a33-4ba4-a427-6a66077a018d.png,A125,S125
C126,B126,Pre-Booking,Plot,https://image2url.com/r2/default/images/1775366615084-bb21eb70-7bec-497f-9c8c-86ffed7e411e.png,A126,S126
C127,B127,Loan Booking,Farmhouse,https://image2url.com/r2/default/images/1775366212850-4b90d38e-a1b8-4f24-a55a-6d5f8d0b0f8b.png,A127,S127
C128,B128,Resale,Apartment,https://image2url.com/r2/default/images/1775365771521-eb23937a-a14e-441c-9dd3-73ae16559c6d.png,A128,S128
C129,B129,Direct Purchase,Villa,https://image2url.com/r2/default/images/1775366894497-2d1627bd-ac8e-4a6c-a02f-998d681c0efe.png,A129,S129
C130,B130,Pre-Booking,Commercial,https://image2url.com/r2/default/images/1775366053175-0f364451-8a33-4ba4-a427-6a66077a018d.png,A130,S130
C131,B131,Loan Booking,Plot,https://image2url.com/r2/default/images/1775366615084-bb21eb70-7bec-497f-9c8c-86ffed7e411e.png,A131,S131
C132,B132,Resale,Farmhouse,https://image2url.com/r2/default/images/1775366212850-4b90d38e-a1b8-4f24-a55a-6d5f8d0b0f8b.png,A132,S132
C133,B133,Direct Purchase,Apartment,https://image2url.com/r2/default/images/1775365771521-eb23937a-a14e-441c-9dd3-73ae16559c6d.png,A133,S133
C134,B134,Pre-Booking,Villa,https://image2url.com/r2/default/images/1775366894497-2d1627bd-ac8e-4a6c-a02f-998d681c0efe.png,A134,S134
C135,B135,Loan Booking,Commercial,https://image2url.com/r2/default/images/1775366053175-0f364451-8a33-4ba4-a427-6a66077a018d.png,A135,S135
C136,B136,Resale,Plot,https://image2url.com/r2/default/images/1775366615084-bb21eb70-7bec-497f-9c8c-86ffed7e411e.png,A136,S136
C137,B137,Direct Purchase,Farmhouse,https://image2url.com/r2/default/images/1775366212850-4b90d38e-a1b8-4f24-a55a-6d5f8d0b0f8b.png,A137,S137
C138,B138,Pre-Booking,Apartment,https://image2url.com/r2/default/images/1775365771521-eb23937a-a14e-441c-9dd3-73ae16559c6d.png,A138,S138
C139,B139,Loan Booking,Villa,https://image2url.com/r2/default/images/1775366894497-2d1627bd-ac8e-4a6c-a02f-998d681c0efe.png,A139,S139
C140,B140,Resale,Commercial,https://image2url.com/r2/default/images/1775366053175-0f364451-8a33-4ba4-a427-6a66077a018d.png,A140,S140
C141,B141,Direct Purchase,Plot,https://image2url.com/r2/default/images/1775366615084-bb21eb70-7bec-497f-9c8c-86ffed7e411e.png,A141,S141
C142,B142,Pre-Booking,Farmhouse,https://image2url.com/r2/default/images/1775366212850-4b90d38e-a1b8-4f24-a55a-6d5f8d0b0f8b.png,A142,S142
C143,B143,Loan Booking,Apartment,https://image2url.com/r2/default/images/1775365771521-eb23937a-a14e-441c-9dd3-73ae16559c6d.png,A143,S143
C144,B144,Resale,Villa,https://image2url.com/r2/default/images/1775366894497-2d1627bd-ac8e-4a6c-a02f-998d681c0efe.png,A144,S144
C145,B145,Direct Purchase,Commercial,https://image2url.com/r2/default/images/1775366053175-0f364451-8a33-4ba4-a427-6a66077a018d.png,A145,S145
C146,B146,Pre-Booking,Plot,https://image2url.com/r2/default/images/1775366615084-bb21eb70-7bec-497f-9c8c-86ffed7e411e.png,A146,S146
C147,B147,Loan Booking,Farmhouse,https://image2url.com/r2/default/images/1775366212850-4b90d38e-a1b8-4f24-a55a-6d5f8d0b0f8b.png,A147,S147
C148,B148,Resale,Apartment,https://image2url.com/r2/default/images/1775365771521-eb23937a-a14e-441c-9dd3-73ae16559c6d.png,A148,S148
C149,B149,Direct Purchase,Villa,https://image2url.com/r2/default/images/1775366894497-2d1627bd-ac8e-4a6c-a02f-998d681c0efe.png,A149,S149
C150,B150,Pre-Booking,Commercial,https://image2url.com/r2/default/images/1775366053175-0f364451-8a33-4ba4-a427-6a66077a018d.png,A150,S150
C151,B151,Loan Booking,Plot,https://image2url.com/r2/default/images/1775366615084-bb21eb70-7bec-497f-9c8c-86ffed7e411e.png,A151,S151
C152,B152,Resale,Farmhouse,https://image2url.com/r2/default/images/1775366212850-4b90d38e-a1b8-4f24-a55a-6d5f8d0b0f8b.png,A152,S152
C153,B153,Direct Purchase,Apartment,https://image2url.com/r2/default/images/1775365771521-eb23937a-a14e-441c-9dd3-73ae16559c6d.png,A153,S153
C154,B154,Pre-Booking,Villa,https://image2url.com/r2/default/images/1775366894497-2d1627bd-ac8e-4a6c-a02f-998d681c0efe.png,A154,S154
C155,B155,Loan Booking,Commercial,https://image2url.com/r2/default/images/1775366053175-0f364451-8a33-4ba4-a427-6a66077a018d.png,A155,S155
C156,B156,Resale,Plot,https://image2url.com/r2/default/images/1775366615084-bb21eb70-7bec-497f-9c8c-86ffed7e411e.png,A156,S156
C157,B157,Direct Purchase,Farmhouse,https://image2url.com/r2/default/images/1775366212850-4b90d38e-a1b8-4f24-a55a-6d5f8d0b0f8b.png,A157,S157
C158,B158,Pre-Booking,Apartment,https://image2url.com/r2/default/images/1775365771521-eb23937a-a14e-441c-9dd3-73ae16559c6d.png,A158,S158
C159,B159,Loan Booking,Villa,https://image2url.com/r2/default/images/1775366894497-2d1627bd-ac8e-4a6c-a02f-998d681c0efe.png,A159,S159
C160,B160,Resale,Commercial,https://image2url.com/r2/default/images/1775366053175-0f364451-8a33-4ba4-a427-6a66077a018d.png,A160,S160
C161,B161,Direct Purchase,Plot,https://image2url.com/r2/default/images/1775366615084-bb21eb70-7bec-497f-9c8c-86ffed7e411e.png,A161,S161
C162,B162,Pre-Booking,Farmhouse,https://image2url.com/r2/default/images/1775366212850-4b90d38e-a1b8-4f24-a55a-6d5f8d0b0f8b.png,A162,S162
C163,B163,Loan Booking,Apartment,https://image2url.com/r2/default/images/1775365771521-eb23937a-a14e-441c-9dd3-73ae16559c6d.png,A163,S163
C164,B164,Resale,Villa,https://image2url.com/r2/default/images/1775366894497-2d1627bd-ac8e-4a6c-a02f-998d681c0efe.png,A164,S164
C165,B165,Direct Purchase,Commercial,https://image2url.com/r2/default/images/1775366053175-0f364451-8a33-4ba4-a427-6a66077a018d.png,A165,S165
C166,B166,Pre-Booking,Plot,https://image2url.com/r2/default/images/1775366615084-bb21eb70-7bec-497f-9c8c-86ffed7e411e.png,A166,S166
C167,B167,Loan Booking,Farmhouse,https://image2url.com/r2/default/images/1775366212850-4b90d38e-a1b8-4f24-a55a-6d5f8d0b0f8b.png,A167,S167
C168,B168,Resale,Apartment,https://image2url.com/r2/default/images/1775365771521-eb23937a-a14e-441c-9dd3-73ae16559c6d.png,A168,S168
C169,B169,Direct Purchase,Villa,https://image2url.com/r2/default/images/1775366894497-2d1627bd-ac8e-4a6c-a02f-998d681c0efe.png,A169,S169
C170,B170,Pre-Booking,Commercial,https://image2url.com/r2/default/images/1775366053175-0f364451-8a33-4ba4-a427-6a66077a018d.png,A170,S170
C171,B171,Loan Booking,Plot,https://image2url.com/r2/default/images/1775366615084-bb21eb70-7bec-497f-9c8c-86ffed7e411e.png,A171,S171
C172,B172,Resale,Farmhouse,https://image2url.com/r2/default/images/1775366212850-4b90d38e-a1b8-4f24-a55a-6d5f8d0b0f8b.png,A172,S172
C173,B173,Direct Purchase,Apartment,https://image2url.com/r2/default/images/1775365771521-eb23937a-a14e-441c-9dd3-73ae16559c6d.png,A173,S173
C174,B174,Pre-Booking,Villa,https://image2url.com/r2/default/images/1775366894497-2d1627bd-ac8e-4a6c-a02f-998d681c0efe.png,A174,S174
C175,B175,Loan Booking,Commercial,https://image2url.com/r2/default/images/1775366053175-0f364451-8a33-4ba4-a427-6a66077a018d.png,A175,S175
C176,B176,Resale,Plot,https://image2url.com/r2/default/images/1775366615084-bb21eb70-7bec-497f-9c8c-86ffed7e411e.png,A176,S176
C177,B177,Direct Purchase,Farmhouse,https://image2url.com/r2/default/images/1775366212850-4b90d38e-a1b8-4f24-a55a-6d5f8d0b0f8b.png,A177,S177
C178,B178,Pre-Booking,Apartment,https://image2url.com/r2/default/images/1775365771521-eb23937a-a14e-441c-9dd3-73ae16559c6d.png,A178,S178
C179,B179,Loan Booking,Villa,https://image2url.com/r2/default/images/1775366894497-2d1627bd-ac8e-4a6c-a02f-998d681c0efe.png,A179,S179
C180,B180,Resale,Commercial,https://image2url.com/r2/default/images/1775366053175-0f364451-8a33-4ba4-a427-6a66077a018d.png,A180,S180
C181,B181,Direct Purchase,Plot,https://image2url.com/r2/default/images/1775366615084-bb21eb70-7bec-497f-9c8c-86ffed7e411e.png,A181,S181
C182,B182,Pre-Booking,Farmhouse,https://image2url.com/r2/default/images/1775366212850-4b90d38e-a1b8-4f24-a55a-6d5f8d0b0f8b.png,A182,S182
C183,B183,Loan Booking,Apartment,https://image2url.com/r2/default/images/1775365771521-eb23937a-a14e-441c-9dd3-73ae16559c6d.png,A183,S183
C184,B184,Resale,Villa,https://image2url.com/r2/default/images/1775366894497-2d1627bd-ac8e-4a6c-a02f-998d681c0efe.png,A184,S184
C185,B185,Direct Purchase,Commercial,https://image2url.com/r2/default/images/1775366053175-0f364451-8a33-4ba4-a427-6a66077a018d.png,A185,S185
C186,B186,Pre-Booking,Plot,https://image2url.com/r2/default/images/1775366615084-bb21eb70-7bec-497f-9c8c-86ffed7e411e.png,A186,S186
C187,B187,Loan Booking,Farmhouse,https://image2url.com/r2/default/images/1775366212850-4b90d38e-a1b8-4f24-a55a-6d5f8d0b0f8b.png,A187,S187
C188,B188,Resale,Apartment,https://image2url.com/r2/default/images/1775365771521-eb23937a-a14e-441c-9dd3-73ae16559c6d.png,A188,S188
C189,B189,Direct Purchase,Villa,https://image2url.com/r2/default/images/1775366894497-2d1627bd-ac8e-4a6c-a02f-998d681c0efe.png,A189,S189
C190,B190,Pre-Booking,Commercial,https://image2url.com/r2/default/images/1775366053175-0f364451-8a33-4ba4-a427-6a66077a018d.png,A190,S190
C191,B191,Loan Booking,Plot,https://image2url.com/r2/default/images/1775366615084-bb21eb70-7bec-497f-9c8c-86ffed7e411e.png,A191,S191
C192,B192,Resale,Farmhouse,https://image2url.com/r2/default/images/1775366212850-4b90d38e-a1b8-4f24-a55a-6d5f8d0b0f8b.png,A192,S192
C193,B193,Direct Purchase,Apartment,https://image2url.com/r2/default/images/1775365771521-eb23937a-a14e-441c-9dd3-73ae16559c6d.png,A193,S193
C194,B194,Pre-Booking,Villa,https://image2url.com/r2/default/images/1775366894497-2d1627bd-ac8e-4a6c-a02f-998d681c0efe.png,A194,S194
C195,B195,Loan Booking,Commercial,https://image2url.com/r2/default/images/1775366053175-0f364451-8a33-4ba4-a427-6a66077a018d.png,A195,S195
C196,B196,Resale,Plot,https://image2url.com/r2/default/images/1775366615084-bb21eb70-7bec-497f-9c8c-86ffed7e411e.png,A196,S196
C197,B197,Direct Purchase,Farmhouse,https://image2url.com/r2/default/images/1775366212850-4b90d38e-a1b8-4f24-a55a-6d5f8d0b0f8b.png,A197,S197
C198,B198,Pre-Booking,Apartment,https://image2url.com/r2/default/images/1775365771521-eb23937a-a14e-441c-9dd3-73ae16559c6d.png,A198,S198
C199,B199,Loan Booking,Villa,https://image2url.com/r2/default/images/1775366894497-2d1627bd-ac8e-4a6c-a02f-998d681c0efe.png,A199,S199
C200,B200,Resale,Commercial,https://image2url.com/r2/default/images/1775366053175-0f364451-8a33-4ba4-a427-6a66077a018d.png,A200,S200
C201,B201,Direct Purchase,Plot,https://image2url.com/r2/default/images/1775366615084-bb21eb70-7bec-497f-9c8c-86ffed7e411e.png,A201,S201
C202,B202,Pre-Booking,Farmhouse,https://image2url.com/r2/default/images/1775366212850-4b90d38e-a1b8-4f24-a55a-6d5f8d0b0f8b.png,A202,S202
C203,B203,Loan Booking,Apartment,https://image2url.com/r2/default/images/1775365771521-eb23937a-a14e-441c-9dd3-73ae16559c6d.png,A203,S203
C204,B204,Resale,Villa,https://image2url.com/r2/default/images/1775366894497-2d1627bd-ac8e-4a6c-a02f-998d681c0efe.png,A204,S204
C205,B205,Direct Purchase,Commercial,https://image2url.com/r2/default/images/1775366053175-0f364451-8a33-4ba4-a427-6a66077a018d.png,A205,S205
C206,B206,Pre-Booking,Plot,https://image2url.com/r2/default/images/1775366615084-bb21eb70-7bec-497f-9c8c-86ffed7e411e.png,A206,S206
C207,B207,Loan Booking,Farmhouse,https://image2url.com/r2/default/images/1775366212850-4b90d38e-a1b8-4f24-a55a-6d5f8d0b0f8b.png,A207,S207
C208,B208,Resale,Apartment,https://image2url.com/r2/default/images/1775365771521-eb23937a-a14e-441c-9dd3-73ae16559c6d.png,A208,S208
C209,B209,Direct Purchase,Villa,https://image2url.com/r2/default/images/1775366894497-2d1627bd-ac8e-4a6c-a02f-998d681c0efe.png,A209,S209
C210,B210,Pre-Booking,Commercial,https://image2url.com/r2/default/images/1775366053175-0f364451-8a33-4ba4-a427-6a66077a018d.png,A210,S210
C211,B211,Loan Booking,Plot,https://image2url.com/r2/default/images/1775366615084-bb21eb70-7bec-497f-9c8c-86ffed7e411e.png,A211,S211
C212,B212,Resale,Farmhouse,https://image2url.com/r2/default/images/1775366212850-4b90d38e-a1b8-4f24-a55a-6d5f8d0b0f8b.png,A212,S212
C213,B213,Direct Purchase,Apartment,https://image2url.com/r2/default/images/1775365771521-eb23937a-a14e-441c-9dd3-73ae16559c6d.png,A213,S213
C214,B214,Pre-Booking,Villa,https://image2url.com/r2/default/images/1775366894497-2d1627bd-ac8e-4a6c-a02f-998d681c0efe.png,A214,S214
C215,B215,Loan Booking,Commercial,https://image2url.com/r2/default/images/1775366053175-0f364451-8a33-4ba4-a427-6a66077a018d.png,A215,S215
C216,B216,Resale,Plot,https://image2url.com/r2/default/images/1775366615084-bb21eb70-7bec-497f-9c8c-86ffed7e411e.png,A216,S216
C217,B217,Direct Purchase,Farmhouse,https://image2url.com/r2/default/images/1775366212850-4b90d38e-a1b8-4f24-a55a-6d5f8d0b0f8b.png,A217,S217
C218,B218,Pre-Booking,Apartment,https://image2url.com/r2/default/images/1775365771521-eb23937a-a14e-441c-9dd3-73ae16559c6d.png,A218,S218
C219,B219,Loan Booking,Villa,https://image2url.com/r2/default/images/1775366894497-2d1627bd-ac8e-4a6c-a02f-998d681c0efe.png,A219,S219
C220,B220,Resale,Commercial,https://image2url.com/r2/default/images/1775366053175-0f364451-8a33-4ba4-a427-6a66077a018d.png,A220,S220
C221,B221,Direct Purchase,Plot,https://image2url.com/r2/default/images/1775366615084-bb21eb70-7bec-497f-9c8c-86ffed7e411e.png,A221,S221
C222,B222,Pre-Booking,Farmhouse,https://image2url.com/r2/default/images/1775366212850-4b90d38e-a1b8-4f24-a55a-6d5f8d0b0f8b.png,A222,S222
C223,B223,Loan Booking,Apartment,https://image2url.com/r2/default/images/1775365771521-eb23937a-a14e-441c-9dd3-73ae16559c6d.png,A223,S223
C224,B224,Resale,Villa,https://image2url.com/r2/default/images/1775366894497-2d1627bd-ac8e-4a6c-a02f-998d681c0efe.png,A224,S224
C225,B225,Direct Purchase,Commercial,https://image2url.com/r2/default/images/1775366053175-0f364451-8a33-4ba4-a427-6a66077a018d.png,A225,S225
C226,B226,Pre-Booking,Plot,https://image2url.com/r2/default/images/1775366615084-bb21eb70-7bec-497f-9c8c-86ffed7e411e.png,A226,S226
C227,B227,Loan Booking,Farmhouse,https://image2url.com/r2/default/images/1775366212850-4b90d38e-a1b8-4f24-a55a-6d5f8d0b0f8b.png,A227,S227
C228,B228,Resale,Apartment,https://image2url.com/r2/default/images/1775365771521-eb23937a-a14e-441c-9dd3-73ae16559c6d.png,A228,S228
C229,B229,Direct Purchase,Villa,https://image2url.com/r2/default/images/1775366894497-2d1627bd-ac8e-4a6c-a02f-998d681c0efe.png,A229,S229
C230,B230,Pre-Booking,Commercial,https://image2url.com/r2/default/images/1775366053175-0f364451-8a33-4ba4-a427-6a66077a018d.png,A230,S230
C231,B231,Loan Booking,Plot,https://image2url.com/r2/default/images/1775366615084-bb21eb70-7bec-497f-9c8c-86ffed7e411e.png,A231,S231
C232,B232,Resale,Farmhouse,https://image2url.com/r2/default/images/1775366212850-4b90d38e-a1b8-4f24-a55a-6d5f8d0b0f8b.png,A232,S232
C233,B233,Direct Purchase,Apartment,https://image2url.com/r2/default/images/1775365771521-eb23937a-a14e-441c-9dd3-73ae16559c6d.png,A233,S233
C234,B234,Pre-Booking,Villa,https://image2url.com/r2/default/images/1775366894497-2d1627bd-ac8e-4a6c-a02f-998d681c0efe.png,A234,S234
C235,B235,Loan Booking,Commercial,https://image2url.com/r2/default/images/1775366053175-0f364451-8a33-4ba4-a427-6a66077a018d.png,A235,S235
C236,B236,Resale,Plot,https://image2url.com/r2/default/images/1775366615084-bb21eb70-7bec-497f-9c8c-86ffed7e411e.png,A236,S236
C237,B237,Direct Purchase,Farmhouse,https://image2url.com/r2/default/images/1775366212850-4b90d38e-a1b8-4f24-a55a-6d5f8d0b0f8b.png,A237,S237
C238,B238,Pre-Booking,Apartment,https://image2url.com/r2/default/images/1775365771521-eb23937a-a14e-441c-9dd3-73ae16559c6d.png,A238,S238
C239,B239,Loan Booking,Villa,https://image2url.com/r2/default/images/1775366894497-2d1627bd-ac8e-4a6c-a02f-998d681c0efe.png,A239,S239
C240,B240,Resale,Commercial,https://image2url.com/r2/default/images/1775366053175-0f364451-8a33-4ba4-a427-6a66077a018d.png,A240,S240
C241,B241,Direct Purchase,Plot,https://image2url.com/r2/default/images/1775366615084-bb21eb70-7bec-497f-9c8c-86ffed7e411e.png,A241,S241
C242,B242,Pre-Booking,Farmhouse,https://image2url.com/r2/default/images/1775366212850-4b90d38e-a1b8-4f24-a55a-6d5f8d0b0f8b.png,A242,S242
C243,B243,Loan Booking,Apartment,https://image2url.com/r2/default/images/1775365771521-eb23937a-a14e-441c-9dd3-73ae16559c6d.png,A243,S243
C244,B244,Resale,Villa,https://image2url.com/r2/default/images/1775366894497-2d1627bd-ac8e-4a6c-a02f-998d681c0efe.png,A244,S244
C245,B245,Direct Purchase,Commercial,https://image2url.com/r2/default/images/1775366053175-0f364451-8a33-4ba4-a427-6a66077a018d.png,A245,S245
C246,B246,Pre-Booking,Plot,https://image2url.com/r2/default/images/1775366615084-bb21eb70-7bec-497f-9c8c-86ffed7e411e.png,A246,S246
C247,B247,Loan Booking,Farmhouse,https://image2url.com/r2/default/images/1775366212850-4b90d38e-a1b8-4f24-a55a-6d5f8d0b0f8b.png,A247,S247
C248,B248,Resale,Apartment,https://image2url.com/r2/default/images/1775365771521-eb23937a-a14e-441c-9dd3-73ae16559c6d.png,A248,S248
C249,B249,Direct Purchase,Villa,https://image2url.com/r2/default/images/1775366894497-2d1627bd-ac8e-4a6c-a02f-998d681c0efe.png,A249,S249
C250,B250,Pre-Booking,Commercial,https://image2url.com/r2/default/images/1775366053175-0f364451-8a33-4ba4-a427-6a66077a018d.png,A250,S250
C251,B251,Loan Booking,Plot,https://image2url.com/r2/default/images/1775366615084-bb21eb70-7bec-497f-9c8c-86ffed7e411e.png,A251,S251
C252,B252,Resale,Farmhouse,https://image2url.com/r2/default/images/1775366212850-4b90d38e-a1b8-4f24-a55a-6d5f8d0b0f8b.png,A252,S252
C253,B253,Direct Purchase,Apartment,https://image2url.com/r2/default/images/1775365771521-eb23937a-a14e-441c-9dd3-73ae16559c6d.png,A253,S253
C254,B254,Pre-Booking,Villa,https://image2url.com/r2/default/images/1775366894497-2d1627bd-ac8e-4a6c-a02f-998d681c0efe.png,A254,S254
C255,B255,Loan Booking,Commercial,https://image2url.com/r2/default/images/1775366053175-0f364451-8a33-4ba4-a427-6a66077a018d.png,A255,S255
C256,B256,Resale,Plot,https://image2url.com/r2/default/images/1775366615084-bb21eb70-7bec-497f-9c8c-86ffed7e411e.png,A256,S256
C257,B257,Direct Purchase,Farmhouse,https://image2url.com/r2/default/images/1775366212850-4b90d38e-a1b8-4f24-a55a-6d5f8d0b0f8b.png,A257,S257
C258,B258,Pre-Booking,Apartment,https://image2url.com/r2/default/images/1775365771521-eb23937a-a14e-441c-9dd3-73ae16559c6d.png,A258,S258
C259,B259,Loan Booking,Villa,https://image2url.com/r2/default/images/1775366894497-2d1627bd-ac8e-4a6c-a02f-998d681c0efe.png,A259,S259
C260,B260,Resale,Commercial,https://image2url.com/r2/default/images/1775366053175-0f364451-8a33-4ba4-a427-6a66077a018d.png,A260,S260
C261,B261,Direct Purchase,Plot,https://image2url.com/r2/default/images/1775366615084-bb21eb70-7bec-497f-9c8c-86ffed7e411e.png,A261,S261
C262,B262,Pre-Booking,Farmhouse,https://image2url.com/r2/default/images/1775366212850-4b90d38e-a1b8-4f24-a55a-6d5f8d0b0f8b.png,A262,S262
C263,B263,Loan Booking,Apartment,https://image2url.com/r2/default/images/1775365771521-eb23937a-a14e-441c-9dd3-73ae16559c6d.png,A263,S263
C264,B264,Resale,Villa,https://image2url.com/r2/default/images/1775366894497-2d1627bd-ac8e-4a6c-a02f-998d681c0efe.png,A264,S264
C265,B265,Direct Purchase,Commercial,https://image2url.com/r2/default/images/1775366053175-0f364451-8a33-4ba4-a427-6a66077a018d.png,A265,S265
C266,B266,Pre-Booking,Plot,https://image2url.com/r2/default/images/1775366615084-bb21eb70-7bec-497f-9c8c-86ffed7e411e.png,A266,S266
C267,B267,Loan Booking,Farmhouse,https://image2url.com/r2/default/images/1775366212850-4b90d38e-a1b8-4f24-a55a-6d5f8d0b0f8b.png,A267,S267
C268,B268,Resale,Apartment,https://image2url.com/r2/default/images/1775365771521-eb23937a-a14e-441c-9dd3-73ae16559c6d.png,A268,S268
C269,B269,Direct Purchase,Villa,https://image2url.com/r2/default/images/1775366894497-2d1627bd-ac8e-4a6c-a02f-998d681c0efe.png,A269,S269
C270,B270,Pre-Booking,Commercial,https://image2url.com/r2/default/images/1775366053175-0f364451-8a33-4ba4-a427-6a66077a018d.png,A270,S270
C271,B271,Loan Booking,Plot,https://image2url.com/r2/default/images/1775366615084-bb21eb70-7bec-497f-9c8c-86ffed7e411e.png,A271,S271
C272,B272,Resale,Farmhouse,https://image2url.com/r2/default/images/1775366212850-4b90d38e-a1b8-4f24-a55a-6d5f8d0b0f8b.png,A272,S272
C273,B273,Direct Purchase,Apartment,https://image2url.com/r2/default/images/1775365771521-eb23937a-a14e-441c-9dd3-73ae16559c6d.png,A273,S273
C274,B274,Pre-Booking,Villa,https://image2url.com/r2/default/images/1775366894497-2d1627bd-ac8e-4a6c-a02f-998d681c0efe.png,A274,S274
C275,B275,Loan Booking,Commercial,https://image2url.com/r2/default/images/1775366053175-0f364451-8a33-4ba4-a427-6a66077a018d.png,A275,S275
C276,B276,Resale,Plot,https://image2url.com/r2/default/images/1775366615084-bb21eb70-7bec-497f-9c8c-86ffed7e411e.png,A276,S276
C277,B277,Direct Purchase,Farmhouse,https://image2url.com/r2/default/images/1775366212850-4b90d38e-a1b8-4f24-a55a-6d5f8d0b0f8b.png,A277,S277
C278,B278,Pre-Booking,Apartment,https://image2url.com/r2/default/images/1775365771521-eb23937a-a14e-441c-9dd3-73ae16559c6d.png,A278,S278
C279,B279,Loan Booking,Villa,https://image2url.com/r2/default/images/1775366894497-2d1627bd-ac8e-4a6c-a02f-998d681c0efe.png,A279,S279
C280,B280,Resale,Commercial,https://image2url.com/r2/default/images/1775366053175-0f364451-8a33-4ba4-a427-6a66077a018d.png,A280,S280
C281,B281,Direct Purchase,Plot,https://image2url.com/r2/default/images/1775366615084-bb21eb70-7bec-497f-9c8c-86ffed7e411e.png,A281,S281
C282,B282,Pre-Booking,Farmhouse,https://image2url.com/r2/default/images/1775366212850-4b90d38e-a1b8-4f24-a55a-6d5f8d0b0f8b.png,A282,S282
C283,B283,Loan Booking,Apartment,https://image2url.com/r2/default/images/1775365771521-eb23937a-a14e-441c-9dd3-73ae16559c6d.png,A283,S283
C284,B284,Resale,Villa,https://image2url.com/r2/default/images/1775366894497-2d1627bd-ac8e-4a6c-a02f-998d681c0efe.png,A284,S284
C285,B285,Direct Purchase,Commercial,https://image2url.com/r2/default/images/1775366053175-0f364451-8a33-4ba4-a427-6a66077a018d.png,A285,S285
C286,B286,Pre-Booking,Plot,https://image2url.com/r2/default/images/1775366615084-bb21eb70-7bec-497f-9c8c-86ffed7e411e.png,A286,S286
C287,B287,Loan Booking,Farmhouse,https://image2url.com/r2/default/images/1775366212850-4b90d38e-a1b8-4f24-a55a-6d5f8d0b0f8b.png,A287,S287
C288,B288,Resale,Apartment,https://image2url.com/r2/default/images/1775365771521-eb23937a-a14e-441c-9dd3-73ae16559c6d.png,A288,S288
C289,B289,Direct Purchase,Villa,https://image2url.com/r2/default/images/1775366894497-2d1627bd-ac8e-4a6c-a02f-998d681c0efe.png,A289,S289
C290,B290,Pre-Booking,Commercial,https://image2url.com/r2/default/images/1775366053175-0f364451-8a33-4ba4-a427-6a66077a018d.png,A290,S290
C291,B291,Loan Booking,Plot,https://image2url.com/r2/default/images/1775366615084-bb21eb70-7bec-497f-9c8c-86ffed7e411e.png,A291,S291
C292,B292,Resale,Farmhouse,https://image2url.com/r2/default/images/1775366212850-4b90d38e-a1b8-4f24-a55a-6d5f8d0b0f8b.png,A292,S292
C293,B293,Direct Purchase,Apartment,https://image2url.com/r2/default/images/1775365771521-eb23937a-a14e-441c-9dd3-73ae16559c6d.png,A293,S293
C294,B294,Pre-Booking,Villa,https://image2url.com/r2/default/images/1775366894497-2d1627bd-ac8e-4a6c-a02f-998d681c0efe.png,A294,S294
C295,B295,Loan Booking,Commercial,https://image2url.com/r2/default/images/1775366053175-0f364451-8a33-4ba4-a427-6a66077a018d.png,A295,S295
C296,B296,Resale,Plot,https://image2url.com/r2/default/images/1775366615084-bb21eb70-7bec-497f-9c8c-86ffed7e411e.png,A296,S296
C297,B297,Direct Purchase,Farmhouse,https://image2url.com/r2/default/images/1775366212850-4b90d38e-a1b8-4f24-a55a-6d5f8d0b0f8b.png,A297,S297
C298,B298,Pre-Booking,Apartment,https://image2url.com/r2/default/images/1775365771521-eb23937a-a14e-441c-9dd3-73ae16559c6d.png,A298,S298
C299,B299,Loan Booking,Villa,https://image2url.com/r2/default/images/1775366894497-2d1627bd-ac8e-4a6c-a02f-998d681c0efe.png,A299,S299
C300,B300,Resale,Commercial,https://image2url.com/r2/default/images/1775366053175-0f364451-8a33-4ba4-a427-6a66077a018d.png,A300,S300
C301,B301,Direct Purchase,Plot,https://image2url.com/r2/default/images/1775366615084-bb21eb70-7bec-497f-9c8c-86ffed7e411e.png,A301,S301
C302,B302,Pre-Booking,Farmhouse,https://image2url.com/r2/default/images/1775366212850-4b90d38e-a1b8-4f24-a55a-6d5f8d0b0f8b.png,A302,S302
C303,B303,Loan Booking,Apartment,https://image2url.com/r2/default/images/1775365771521-eb23937a-a14e-441c-9dd3-73ae16559c6d.png,A303,S303
C304,B304,Resale,Villa,https://image2url.com/r2/default/images/1775366894497-2d1627bd-ac8e-4a6c-a02f-998d681c0efe.png,A304,S304
C305,B305,Direct Purchase,Commercial,https://image2url.com/r2/default/images/1775366053175-0f364451-8a33-4ba4-a427-6a66077a018d.png,A305,S305
C306,B306,Pre-Booking,Plot,https://image2url.com/r2/default/images/1775366615084-bb21eb70-7bec-497f-9c8c-86ffed7e411e.png,A306,S306
C307,B307,Loan Booking,Farmhouse,https://image2url.com/r2/default/images/1775366212850-4b90d38e-a1b8-4f24-a55a-6d5f8d0b0f8b.png,A307,S307
C308,B308,Resale,Apartment,https://image2url.com/r2/default/images/1775365771521-eb23937a-a14e-441c-9dd3-73ae16559c6d.png,A308,S308
C309,B309,Direct Purchase,Villa,https://image2url.com/r2/default/images/1775366894497-2d1627bd-ac8e-4a6c-a02f-998d681c0efe.png,A309,S309
C310,B310,Pre-Booking,Commercial,https://image2url.com/r2/default/images/1775366053175-0f364451-8a33-4ba4-a427-6a66077a018d.png,A310,S310
C311,B311,Loan Booking,Plot,https://image2url.com/r2/default/images/1775366615084-bb21eb70-7bec-497f-9c8c-86ffed7e411e.png,A311,S311
C312,B312,Resale,Farmhouse,https://image2url.com/r2/default/images/1775366212850-4b90d38e-a1b8-4f24-a55a-6d5f8d0b0f8b.png,A312,S312
C313,B313,Direct Purchase,Apartment,https://image2url.com/r2/default/images/1775365771521-eb23937a-a14e-441c-9dd3-73ae16559c6d.png,A313,S313
C314,B314,Pre-Booking,Villa,https://image2url.com/r2/default/images/1775366894497-2d1627bd-ac8e-4a6c-a02f-998d681c0efe.png,A314,S314
C315,B315,Loan Booking,Commercial,https://image2url.com/r2/default/images/1775366053175-0f364451-8a33-4ba4-a427-6a66077a018d.png,A315,S315
C316,B316,Resale,Plot,https://image2url.com/r2/default/images/1775366615084-bb21eb70-7bec-497f-9c8c-86ffed7e411e.png,A316,S316
C317,B317,Direct Purchase,Farmhouse,https://image2url.com/r2/default/images/1775366212850-4b90d38e-a1b8-4f24-a55a-6d5f8d0b0f8b.png,A317,S317
C318,B318,Pre-Booking,Apartment,https://image2url.com/r2/default/images/1775365771521-eb23937a-a14e-441c-9dd3-73ae16559c6d.png,A318,S318
C319,B319,Loan Booking,Villa,https://image2url.com/r2/default/images/1775366894497-2d1627bd-ac8e-4a6c-a02f-998d681c0efe.png,A319,S319
C320,B320,Resale,Commercial,https://image2url.com/r2/default/images/1775366053175-0f364451-8a33-4ba4-a427-6a66077a018d.png,A320,S320
C321,B321,Direct Purchase,Plot,https://image2url.com/r2/default/images/1775366615084-bb21eb70-7bec-497f-9c8c-86ffed7e411e.png,A321,S321
C322,B322,Pre-Booking,Farmhouse,https://image2url.com/r2/default/images/1775366212850-4b90d38e-a1b8-4f24-a55a-6d5f8d0b0f8b.png,A322,S322
C323,B323,Loan Booking,Apartment,https://image2url.com/r2/default/images/1775365771521-eb23937a-a14e-441c-9dd3-73ae16559c6d.png,A323,S323
C324,B324,Resale,Villa,https://image2url.com/r2/default/images/1775366894497-2d1627bd-ac8e-4a6c-a02f-998d681c0efe.png,A324,S324
C325,B325,Direct Purchase,Commercial,https://image2url.com/r2/default/images/1775366053175-0f364451-8a33-4ba4-a427-6a66077a018d.png,A325,S325
C326,B326,Pre-Booking,Plot,https://image2url.com/r2/default/images/1775366615084-bb21eb70-7bec-497f-9c8c-86ffed7e411e.png,A326,S326
C327,B327,Loan Booking,Farmhouse,https://image2url.com/r2/default/images/1775366212850-4b90d38e-a1b8-4f24-a55a-6d5f8d0b0f8b.png,A327,S327
C328,B328,Resale,Apartment,https://image2url.com/r2/default/images/1775365771521-eb23937a-a14e-441c-9dd3-73ae16559c6d.png,A328,S328
C329,B329,Direct Purchase,Villa,https://image2url.com/r2/default/images/1775366894497-2d1627bd-ac8e-4a6c-a02f-998d681c0efe.png,A329,S329
C330,B330,Pre-Booking,Commercial,https://image2url.com/r2/default/images/1775366053175-0f364451-8a33-4ba4-a427-6a66077a018d.png,A330,S330
C331,B331,Loan Booking,Plot,https://image2url.com/r2/default/images/1775366615084-bb21eb70-7bec-497f-9c8c-86ffed7e411e.png,A331,S331
C332,B332,Resale,Farmhouse,https://image2url.com/r2/default/images/1775366212850-4b90d38e-a1b8-4f24-a55a-6d5f8d0b0f8b.png,A332,S332
C333,B333,Direct Purchase,Apartment,https://image2url.com/r2/default/images/1775365771521-eb23937a-a14e-441c-9dd3-73ae16559c6d.png,A333,S333
C334,B334,Pre-Booking,Villa,https://image2url.com/r2/default/images/1775366894497-2d1627bd-ac8e-4a6c-a02f-998d681c0efe.png,A334,S334
C335,B335,Loan Booking,Commercial,https://image2url.com/r2/default/images/1775366053175-0f364451-8a33-4ba4-a427-6a66077a018d.png,A335,S335
C336,B336,Resale,Plot,https://image2url.com/r2/default/images/1775366615084-bb21eb70-7bec-497f-9c8c-86ffed7e411e.png,A336,S336
C337,B337,Direct Purchase,Farmhouse,https://image2url.com/r2/default/images/1775366212850-4b90d38e-a1b8-4f24-a55a-6d5f8d0b0f8b.png,A337,S337
C338,B338,Pre-Booking,Apartment,https://image2url.com/r2/default/images/1775365771521-eb23937a-a14e-441c-9dd3-73ae16559c6d.png,A338,S338
C339,B339,Loan Booking,Villa,https://image2url.com/r2/default/images/1775366894497-2d1627bd-ac8e-4a6c-a02f-998d681c0efe.png,A339,S339
C340,B340,Resale,Commercial,https://image2url.com/r2/default/images/1775366053175-0f364451-8a33-4ba4-a427-6a66077a018d.png,A340,S340
C341,B341,Direct Purchase,Plot,https://image2url.com/r2/default/images/1775366615084-bb21eb70-7bec-497f-9c8c-86ffed7e411e.png,A341,S341
C342,B342,Pre-Booking,Farmhouse,https://image2url.com/r2/default/images/1775366212850-4b90d38e-a1b8-4f24-a55a-6d5f8d0b0f8b.png,A342,S342
C343,B343,Loan Booking,Apartment,https://image2url.com/r2/default/images/1775365771521-eb23937a-a14e-441c-9dd3-73ae16559c6d.png,A343,S343
C344,B344,Resale,Villa,https://image2url.com/r2/default/images/1775366894497-2d1627bd-ac8e-4a6c-a02f-998d681c0efe.png,A344,S344
C345,B345,Direct Purchase,Commercial,https://image2url.com/r2/default/images/1775366053175-0f364451-8a33-4ba4-a427-6a66077a018d.png,A345,S345
C346,B346,Pre-Booking,Plot,https://image2url.com/r2/default/images/1775366615084-bb21eb70-7bec-497f-9c8c-86ffed7e411e.png,A346,S346
C347,B347,Loan Booking,Farmhouse,https://image2url.com/r2/default/images/1775366212850-4b90d38e-a1b8-4f24-a55a-6d5f8d0b0f8b.png,A347,S347
C348,B348,Resale,Apartment,https://image2url.com/r2/default/images/1775365771521-eb23937a-a14e-441c-9dd3-73ae16559c6d.png,A348,S348
C349,B349,Direct Purchase,Villa,https://image2url.com/r2/default/images/1775366894497-2d1627bd-ac8e-4a6c-a02f-998d681c0efe.png,A349,S349
C350,B350,Pre-Booking,Commercial,https://image2url.com/r2/default/images/1775366053175-0f364451-8a33-4ba4-a427-6a66077a018d.png,A350,S350
C351,B351,Loan Booking,Plot,https://image2url.com/r2/default/images/1775366615084-bb21eb70-7bec-497f-9c8c-86ffed7e411e.png,A351,S351
C352,B352,Resale,Farmhouse,https://image2url.com/r2/default/images/1775366212850-4b90d38e-a1b8-4f24-a55a-6d5f8d0b0f8b.png,A352,S352
C353,B353,Direct Purchase,Apartment,https://image2url.com/r2/default/images/1775365771521-eb23937a-a14e-441c-9dd3-73ae16559c6d.png,A353,S353
C354,B354,Pre-Booking,Villa,https://image2url.com/r2/default/images/1775366894497-2d1627bd-ac8e-4a6c-a02f-998d681c0efe.png,A354,S354
C355,B355,Loan Booking,Commercial,https://image2url.com/r2/default/images/1775366053175-0f364451-8a33-4ba4-a427-6a66077a018d.png,A355,S355
C356,B356,Resale,Plot,https://image2url.com/r2/default/images/1775366615084-bb21eb70-7bec-497f-9c8c-86ffed7e411e.png,A356,S356
C357,B357,Direct Purchase,Farmhouse,https://image2url.com/r2/default/images/1775366212850-4b90d38e-a1b8-4f24-a55a-6d5f8d0b0f8b.png,A357,S357
C358,B358,Pre-Booking,Apartment,https://image2url.com/r2/default/images/1775365771521-eb23937a-a14e-441c-9dd3-73ae16559c6d.png,A358,S358
C359,B359,Loan Booking,Villa,https://image2url.com/r2/default/images/1775366894497-2d1627bd-ac8e-4a6c-a02f-998d681c0efe.png,A359,S359
C360,B360,Resale,Commercial,https://image2url.com/r2/default/images/1775366053175-0f364451-8a33-4ba4-a427-6a66077a018d.png,A360,S360
C361,B361,Direct Purchase,Plot,https://image2url.com/r2/default/images/1775366615084-bb21eb70-7bec-497f-9c8c-86ffed7e411e.png,A361,S361
C362,B362,Pre-Booking,Farmhouse,https://image2url.com/r2/default/images/1775366212850-4b90d38e-a1b8-4f24-a55a-6d5f8d0b0f8b.png,A362,S362
C363,B363,Loan Booking,Apartment,https://image2url.com/r2/default/images/1775365771521-eb23937a-a14e-441c-9dd3-73ae16559c6d.png,A363,S363
C364,B364,Resale,Villa,https://image2url.com/r2/default/images/1775366894497-2d1627bd-ac8e-4a6c-a02f-998d681c0efe.png,A364,S364
C365,B365,Direct Purchase,Commercial,https://image2url.com/r2/default/images/1775366053175-0f364451-8a33-4ba4-a427-6a66077a018d.png,A365,S365
C366,B366,Pre-Booking,Plot,https://image2url.com/r2/default/images/1775366615084-bb21eb70-7bec-497f-9c8c-86ffed7e411e.png,A366,S366
C367,B367,Loan Booking,Farmhouse,https://image2url.com/r2/default/images/1775366212850-4b90d38e-a1b8-4f24-a55a-6d5f8d0b0f8b.png,A367,S367
C368,B368,Resale,Apartment,https://image2url.com/r2/default/images/1775365771521-eb23937a-a14e-441c-9dd3-73ae16559c6d.png,A368,S368
C369,B369,Direct Purchase,Villa,https://image2url.com/r2/default/images/1775366894497-2d1627bd-ac8e-4a6c-a02f-998d681c0efe.png,A369,S369
C370,B370,Pre-Booking,Commercial,https://image2url.com/r2/default/images/1775366053175-0f364451-8a33-4ba4-a427-6a66077a018d.png,A370,S370
C371,B371,Loan Booking,Plot,https://image2url.com/r2/default/images/1775366615084-bb21eb70-7bec-497f-9c8c-86ffed7e411e.png,A371,S371
C372,B372,Resale,Farmhouse,https://image2url.com/r2/default/images/1775366212850-4b90d38e-a1b8-4f24-a55a-6d5f8d0b0f8b.png,A372,S372
C373,B373,Direct Purchase,Apartment,https://image2url.com/r2/default/images/1775365771521-eb23937a-a14e-441c-9dd3-73ae16559c6d.png,A373,S373
C374,B374,Pre-Booking,Villa,https://image2url.com/r2/default/images/1775366894497-2d1627bd-ac8e-4a6c-a02f-998d681c0efe.png,A374,S374
C375,B375,Loan Booking,Commercial,https://image2url.com/r2/default/images/1775366053175-0f364451-8a33-4ba4-a427-6a66077a018d.png,A375,S375
C376,B376,Resale,Plot,https://image2url.com/r2/default/images/1775366615084-bb21eb70-7bec-497f-9c8c-86ffed7e411e.png,A376,S376
C377,B377,Direct Purchase,Farmhouse,https://image2url.com/r2/default/images/1775366212850-4b90d38e-a1b8-4f24-a55a-6d5f8d0b0f8b.png,A377,S377
C378,B378,Pre-Booking,Apartment,https://image2url.com/r2/default/images/1775365771521-eb23937a-a14e-441c-9dd3-73ae16559c6d.png,A378,S378
C379,B379,Loan Booking,Villa,https://image2url.com/r2/default/images/1775366894497-2d1627bd-ac8e-4a6c-a02f-998d681c0efe.png,A379,S379
C380,B380,Resale,Commercial,https://image2url.com/r2/default/images/1775366053175-0f364451-8a33-4ba4-a427-6a66077a018d.png,A380,S380
C381,B381,Direct Purchase,Plot,https://image2url.com/r2/default/images/1775366615084-bb21eb70-7bec-497f-9c8c-86ffed7e411e.png,A381,S381
C382,B382,Pre-Booking,Farmhouse,https://image2url.com/r2/default/images/1775366212850-4b90d38e-a1b8-4f24-a55a-6d5f8d0b0f8b.png,A382,S382
C383,B383,Loan Booking,Apartment,https://image2url.com/r2/default/images/1775365771521-eb23937a-a14e-441c-9dd3-73ae16559c6d.png,A383,S383
C384,B384,Resale,Villa,https://image2url.com/r2/default/images/1775366894497-2d1627bd-ac8e-4a6c-a02f-998d681c0efe.png,A384,S384
C385,B385,Direct Purchase,Commercial,https://image2url.com/r2/default/images/1775366053175-0f364451-8a33-4ba4-a427-6a66077a018d.png,A385,S385
C386,B386,Pre-Booking,Plot,https://image2url.com/r2/default/images/1775366615084-bb21eb70-7bec-497f-9c8c-86ffed7e411e.png,A386,S386
C387,B387,Loan Booking,Farmhouse,https://image2url.com/r2/default/images/1775366212850-4b90d38e-a1b8-4f24-a55a-6d5f8d0b0f8b.png,A387,S387
C388,B388,Resale,Apartment,https://image2url.com/r2/default/images/1775365771521-eb23937a-a14e-441c-9dd3-73ae16559c6d.png,A388,S388
C389,B389,Direct Purchase,Villa,https://image2url.com/r2/default/images/1775366894497-2d1627bd-ac8e-4a6c-a02f-998d681c0efe.png,A389,S389
C390,B390,Pre-Booking,Commercial,https://image2url.com/r2/default/images/1775366053175-0f364451-8a33-4ba4-a427-6a66077a018d.png,A390,S390
C391,B391,Loan Booking,Plot,https://image2url.com/r2/default/images/1775366615084-bb21eb70-7bec-497f-9c8c-86ffed7e411e.png,A391,S391
C392,B392,Resale,Farmhouse,https://image2url.com/r2/default/images/1775366212850-4b90d38e-a1b8-4f24-a55a-6d5f8d0b0f8b.png,A392,S392
C393,B393,Direct Purchase,Apartment,https://image2url.com/r2/default/images/1775365771521-eb23937a-a14e-441c-9dd3-73ae16559c6d.png,A393,S393
C394,B394,Pre-Booking,Villa,https://image2url.com/r2/default/images/1775366894497-2d1627bd-ac8e-4a6c-a02f-998d681c0efe.png,A394,S394
C395,B395,Loan Booking,Commercial,https://image2url.com/r2/default/images/1775366053175-0f364451-8a33-4ba4-a427-6a66077a018d.png,A395,S395
C396,B396,Resale,Plot,https://image2url.com/r2/default/images/1775366615084-bb21eb70-7bec-497f-9c8c-86ffed7e411e.png,A396,S396
C397,B397,Direct Purchase,Farmhouse,https://image2url.com/r2/default/images/1775366212850-4b90d38e-a1b8-4f24-a55a-6d5f8d0b0f8b.png,A397,S397
C398,B398,Pre-Booking,Apartment,https://image2url.com/r2/default/images/1775365771521-eb23937a-a14e-441c-9dd3-73ae16559c6d.png,A398,S398
C399,B399,Loan Booking,Villa,https://image2url.com/r2/default/images/1775366894497-2d1627bd-ac8e-4a6c-a02f-998d681c0efe.png,A399,S399
C400,B400,Resale,Commercial,https://image2url.com/r2/default/images/1775366053175-0f364451-8a33-4ba4-a427-6a66077a018d.png,A400,S400
C401,B401,Direct Purchase,Apartment,https://image2url.com/r2/default/images/1775365771521-eb23937a-a14e-441c-9dd3-73ae16559c6d.png,A401,S401
C402,B402,Pre-Booking,Apartment,https://image2url.com/r2/default/images/1775365771521-eb23937a-a14e-441c-9dd3-73ae16559c6d.png,A402,S402
C403,B403,Loan Booking,Apartment,https://image2url.com/r2/default/images/1775365771521-eb23937a-a14e-441c-9dd3-73ae16559c6d.png,A403,S403
C404,B404,Resale,Apartment,https://image2url.com/r2/default/images/1775365771521-eb23937a-a14e-441c-9dd3-73ae16559c6d.png,A404,S404
C405,B405,Direct Purchase,Apartment,https://image2url.com/r2/default/images/1775365771521-eb23937a-a14e-441c-9dd3-73ae16559c6d.png,A405,S405
C406,B406,Pre-Booking,Apartment,https://image2url.com/r2/default/images/1775365771521-eb23937a-a14e-441c-9dd3-73ae16559c6d.png,A406,S406
C407,B407,Loan Booking,Apartment,https://image2url.com/r2/default/images/1775365771521-eb23937a-a14e-441c-9dd3-73ae16559c6d.png,A407,S407
C408,B408,Resale,Apartment,https://image2url.com/r2/default/images/1775365771521-eb23937a-a14e-441c-9dd3-73ae16559c6d.png,A408,S408
C409,B409,Direct Purchase,Apartment,https://image2url.com/r2/default/images/1775365771521-eb23937a-a14e-441c-9dd3-73ae16559c6d.png,A409,S409
C410,B410,Pre-Booking,Apartment,https://image2url.com/r2/default/images/1775365771521-eb23937a-a14e-441c-9dd3-73ae16559c6d.png,A410,S410
C411,B411,Loan Booking,Apartment,https://image2url.com/r2/default/images/1775365771521-eb23937a-a14e-441c-9dd3-73ae16559c6d.png,A411,S411
C412,B412,Resale,Apartment,https://image2url.com/r2/default/images/1775365771521-eb23937a-a14e-441c-9dd3-73ae16559c6d.png,A412,S412
C413,B413,Direct Purchase,Apartment,https://image2url.com/r2/default/images/1775365771521-eb23937a-a14e-441c-9dd3-73ae16559c6d.png,A413,S413
C414,B414,Pre-Booking,Apartment,https://image2url.com/r2/default/images/1775365771521-eb23937a-a14e-441c-9dd3-73ae16559c6d.png,A414,S414
C415,B415,Loan Booking,Apartment,https://image2url.com/r2/default/images/1775365771521-eb23937a-a14e-441c-9dd3-73ae16559c6d.png,A415,S415
C416,B416,Resale,Apartment,https://image2url.com/r2/default/images/1775365771521-eb23937a-a14e-441c-9dd3-73ae16559c6d.png,A416,S416
C417,B417,Direct Purchase,Apartment,https://image2url.com/r2/default/images/1775365771521-eb23937a-a14e-441c-9dd3-73ae16559c6d.png,A417,S417
C418,B418,Pre-Booking,Apartment,https://image2url.com/r2/default/images/1775365771521-eb23937a-a14e-441c-9dd3-73ae16559c6d.png,A418,S418
C419,B419,Loan Booking,Apartment,https://image2url.com/r2/default/images/1775365771521-eb23937a-a14e-441c-9dd3-73ae16559c6d.png,A419,S419
C420,B420,Resale,Apartment,https://image2url.com/r2/default/images/1775365771521-eb23937a-a14e-441c-9dd3-73ae16559c6d.png,A420,S420
C421,B421,Direct Purchase,Apartment,https://image2url.com/r2/default/images/1775365771521-eb23937a-a14e-441c-9dd3-73ae16559c6d.png,A421,S421
C422,B422,Pre-Booking,Apartment,https://image2url.com/r2/default/images/1775365771521-eb23937a-a14e-441c-9dd3-73ae16559c6d.png,A422,S422
C423,B423,Loan Booking,Apartment,https://image2url.com/r2/default/images/1775365771521-eb23937a-a14e-441c-9dd3-73ae16559c6d.png,A423,S423
C424,B424,Resale,Apartment,https://image2url.com/r2/default/images/1775365771521-eb23937a-a14e-441c-9dd3-73ae16559c6d.png,A424,S424
C425,B425,Direct Purchase,Apartment,https://image2url.com/r2/default/images/1775365771521-eb23937a-a14e-441c-9dd3-73ae16559c6d.png,A425,S425
C426,B426,Pre-Booking,Apartment,https://image2url.com/r2/default/images/1775365771521-eb23937a-a14e-441c-9dd3-73ae16559c6d.png,A426,S426
C427,B427,Loan Booking,Apartment,https://image2url.com/r2/default/images/1775365771521-eb23937a-a14e-441c-9dd3-73ae16559c6d.png,A427,S427
C428,B428,Resale,Apartment,https://image2url.com/r2/default/images/1775365771521-eb23937a-a14e-441c-9dd3-73ae16559c6d.png,A428,S428
C429,B429,Direct Purchase,Apartment,https://image2url.com/r2/default/images/1775365771521-eb23937a-a14e-441c-9dd3-73ae16559c6d.png,A429,S429
C430,B430,Pre-Booking,Apartment,https://image2url.com/r2/default/images/1775365771521-eb23937a-a14e-441c-9dd3-73ae16559c6d.png,A430,S430
C431,B431,Loan Booking,Apartment,https://image2url.com/r2/default/images/1775365771521-eb23937a-a14e-441c-9dd3-73ae16559c6d.png,A431,S431
C432,B432,Resale,Apartment,https://image2url.com/r2/default/images/1775365771521-eb23937a-a14e-441c-9dd3-73ae16559c6d.png,A432,S432
C433,B433,Direct Purchase,Apartment,https://image2url.com/r2/default/images/1775365771521-eb23937a-a14e-441c-9dd3-73ae16559c6d.png,A433,S433
C434,B434,Pre-Booking,Apartment,https://image2url.com/r2/default/images/1775365771521-eb23937a-a14e-441c-9dd3-73ae16559c6d.png,A434,S434
C435,B435,Loan Booking,Apartment,https://image2url.com/r2/default/images/1775365771521-eb23937a-a14e-441c-9dd3-73ae16559c6d.png,A435,S435
C436,B436,Resale,Apartment,https://image2url.com/r2/default/images/1775365771521-eb23937a-a14e-441c-9dd3-73ae16559c6d.png,A436,S436
C437,B437,Direct Purchase,Apartment,https://image2url.com/r2/default/images/1775365771521-eb23937a-a14e-441c-9dd3-73ae16559c6d.png,A437,S437
C438,B438,Pre-Booking,Apartment,https://image2url.com/r2/default/images/1775365771521-eb23937a-a14e-441c-9dd3-73ae16559c6d.png,A438,S438
C439,B439,Loan Booking,Apartment,https://image2url.com/r2/default/images/1775365771521-eb23937a-a14e-441c-9dd3-73ae16559c6d.png,A439,S439
C440,B440,Resale,Apartment,https://image2url.com/r2/default/images/1775365771521-eb23937a-a14e-441c-9dd3-73ae16559c6d.png,A440,S440
C441,B441,Direct Purchase,Apartment,https://image2url.com/r2/default/images/1775365771521-eb23937a-a14e-441c-9dd3-73ae16559c6d.png,A441,S441
C442,B442,Pre-Booking,Apartment,https://image2url.com/r2/default/images/1775365771521-eb23937a-a14e-441c-9dd3-73ae16559c6d.png,A442,S442
C443,B443,Loan Booking,Apartment,https://image2url.com/r2/default/images/1775365771521-eb23937a-a14e-441c-9dd3-73ae16559c6d.png,A443,S443
C444,B444,Resale,Apartment,https://image2url.com/r2/default/images/1775365771521-eb23937a-a14e-441c-9dd3-73ae16559c6d.png,A444,S444
C445,B445,Direct Purchase,Apartment,https://image2url.com/r2/default/images/1775365771521-eb23937a-a14e-441c-9dd3-73ae16559c6d.png,A445,S445
C446,B446,Pre-Booking,Apartment,https://image2url.com/r2/default/images/1775365771521-eb23937a-a14e-441c-9dd3-73ae16559c6d.png,A446,S446
C447,B447,Loan Booking,Apartment,https://image2url.com/r2/default/images/1775365771521-eb23937a-a14e-441c-9dd3-73ae16559c6d.png,A447,S447
C448,B448,Resale,Apartment,https://image2url.com/r2/default/images/1775365771521-eb23937a-a14e-441c-9dd3-73ae16559c6d.png,A448,S448
C449,B449,Direct Purchase,Apartment,https://image2url.com/r2/default/images/1775365771521-eb23937a-a14e-441c-9dd3-73ae16559c6d.png,A449,S449
C450,B450,Pre-Booking,Apartment,https://image2url.com/r2/default/images/1775365771521-eb23937a-a14e-441c-9dd3-73ae16559c6d.png,A450,S450
C451,B451,Loan Booking,Apartment,https://image2url.com/r2/default/images/1775365771521-eb23937a-a14e-441c-9dd3-73ae16559c6d.png,A451,S451
C452,B452,Resale,Apartment,https://image2url.com/r2/default/images/1775365771521-eb23937a-a14e-441c-9dd3-73ae16559c6d.png,A452,S452
C453,B453,Direct Purchase,Apartment,https://image2url.com/r2/default/images/1775365771521-eb23937a-a14e-441c-9dd3-73ae16559c6d.png,A453,S453
C454,B454,Pre-Booking,Apartment,https://image2url.com/r2/default/images/1775365771521-eb23937a-a14e-441c-9dd3-73ae16559c6d.png,A454,S454
C455,B455,Loan Booking,Apartment,https://image2url.com/r2/default/images/1775365771521-eb23937a-a14e-441c-9dd3-73ae16559c6d.png,A455,S455
C456,B456,Resale,Apartment,https://image2url.com/r2/default/images/1775365771521-eb23937a-a14e-441c-9dd3-73ae16559c6d.png,A456,S456
C457,B457,Direct Purchase,Apartment,https://image2url.com/r2/default/images/1775365771521-eb23937a-a14e-441c-9dd3-73ae16559c6d.png,A457,S457
C458,B458,Pre-Booking,Apartment,https://image2url.com/r2/default/images/1775365771521-eb23937a-a14e-441c-9dd3-73ae16559c6d.png,A458,S458
C459,B459,Loan Booking,Apartment,https://image2url.com/r2/default/images/1775365771521-eb23937a-a14e-441c-9dd3-73ae16559c6d.png,A459,S459
C460,B460,Resale,Apartment,https://image2url.com/r2/default/images/1775365771521-eb23937a-a14e-441c-9dd3-73ae16559c6d.png,A460,S460
C461,B461,Direct Purchase,Apartment,https://image2url.com/r2/default/images/1775365771521-eb23937a-a14e-441c-9dd3-73ae16559c6d.png,A461,S461
C462,B462,Pre-Booking,Apartment,https://image2url.com/r2/default/images/1775365771521-eb23937a-a14e-441c-9dd3-73ae16559c6d.png,A462,S462
C463,B463,Loan Booking,Apartment,https://image2url.com/r2/default/images/1775365771521-eb23937a-a14e-441c-9dd3-73ae16559c6d.png,A463,S463
C464,B464,Resale,Apartment,https://image2url.com/r2/default/images/1775365771521-eb23937a-a14e-441c-9dd3-73ae16559c6d.png,A464,S464
C465,B465,Direct Purchase,Apartment,https://image2url.com/r2/default/images/1775365771521-eb23937a-a14e-441c-9dd3-73ae16559c6d.png,A465,S465
C466,B466,Pre-Booking,Apartment,https://image2url.com/r2/default/images/1775365771521-eb23937a-a14e-441c-9dd3-73ae16559c6d.png,A466,S466
C467,B467,Loan Booking,Apartment,https://image2url.com/r2/default/images/1775365771521-eb23937a-a14e-441c-9dd3-73ae16559c6d.png,A467,S467
C468,B468,Resale,Apartment,https://image2url.com/r2/default/images/1775365771521-eb23937a-a14e-441c-9dd3-73ae16559c6d.png,A468,S468
C469,B469,Direct Purchase,Apartment,https://image2url.com/r2/default/images/1775365771521-eb23937a-a14e-441c-9dd3-73ae16559c6d.png,A469,S469
C470,B470,Pre-Booking,Apartment,https://image2url.com/r2/default/images/1775365771521-eb23937a-a14e-441c-9dd3-73ae16559c6d.png,A470,S470
C471,B471,Loan Booking,Apartment,https://image2url.com/r2/default/images/1775365771521-eb23937a-a14e-441c-9dd3-73ae16559c6d.png,A471,S471
C472,B472,Resale,Apartment,https://image2url.com/r2/default/images/1775365771521-eb23937a-a14e-441c-9dd3-73ae16559c6d.png,A472,S472
C473,B473,Direct Purchase,Apartment,https://image2url.com/r2/default/images/1775365771521-eb23937a-a14e-441c-9dd3-73ae16559c6d.png,A473,S473
C474,B474,Pre-Booking,Apartment,https://image2url.com/r2/default/images/1775365771521-eb23937a-a14e-441c-9dd3-73ae16559c6d.png,A474,S474
C475,B475,Loan Booking,Apartment,https://image2url.com/r2/default/images/1775365771521-eb23937a-a14e-441c-9dd3-73ae16559c6d.png,A475,S475
C476,B476,Resale,Apartment,https://image2url.com/r2/default/images/1775365771521-eb23937a-a14e-441c-9dd3-73ae16559c6d.png,A476,S476
C477,B477,Direct Purchase,Apartment,https://image2url.com/r2/default/images/1775365771521-eb23937a-a14e-441c-9dd3-73ae16559c6d.png,A477,S477
C478,B478,Pre-Booking,Apartment,https://image2url.com/r2/default/images/1775365771521-eb23937a-a14e-441c-9dd3-73ae16559c6d.png,A478,S478
C479,B479,Loan Booking,Apartment,https://image2url.com/r2/default/images/1775365771521-eb23937a-a14e-441c-9dd3-73ae16559c6d.png,A479,S479
C480,B480,Resale,Apartment,https://image2url.com/r2/default/images/1775365771521-eb23937a-a14e-441c-9dd3-73ae16559c6d.png,A480,S480
C481,B481,Direct Purchase,Apartment,https://image2url.com/r2/default/images/1775365771521-eb23937a-a14e-441c-9dd3-73ae16559c6d.png,A481,S481
C482,B482,Pre-Booking,Apartment,https://image2url.com/r2/default/images/1775365771521-eb23937a-a14e-441c-9dd3-73ae16559c6d.png,A482,S482
C483,B483,Loan Booking,Apartment,https://image2url.com/r2/default/images/1775365771521-eb23937a-a14e-441c-9dd3-73ae16559c6d.png,A483,S483
C484,B484,Resale,Apartment,https://image2url.com/r2/default/images/1775365771521-eb23937a-a14e-441c-9dd3-73ae16559c6d.png,A484,S484
C485,B485,Direct Purchase,Apartment,https://image2url.com/r2/default/images/1775365771521-eb23937a-a14e-441c-9dd3-73ae16559c6d.png,A485,S485
C486,B486,Pre-Booking,Apartment,https://image2url.com/r2/default/images/1775365771521-eb23937a-a14e-441c-9dd3-73ae16559c6d.png,A486,S486
C487,B487,Loan Booking,Apartment,https://image2url.com/r2/default/images/1775365771521-eb23937a-a14e-441c-9dd3-73ae16559c6d.png,A487,S487
C488,B488,Resale,Apartment,https://image2url.com/r2/default/images/1775365771521-eb23937a-a14e-441c-9dd3-73ae16559c6d.png,A488,S488
C489,B489,Direct Purchase,Apartment,https://image2url.com/r2/default/images/1775365771521-eb23937a-a14e-441c-9dd3-73ae16559c6d.png,A489,S489
C490,B490,Pre-Booking,Apartment,https://image2url.com/r2/default/images/1775365771521-eb23937a-a14e-441c-9dd3-73ae16559c6d.png,A490,S490
C491,B491,Loan Booking,Apartment,https://image2url.com/r2/default/images/1775365771521-eb23937a-a14e-441c-9dd3-73ae16559c6d.png,A491,S491
C492,B492,Resale,Apartment,https://image2url.com/r2/default/images/1775365771521-eb23937a-a14e-441c-9dd3-73ae16559c6d.png,A492,S492
C493,B493,Direct Purchase,Apartment,https://image2url.com/r2/default/images/1775365771521-eb23937a-a14e-441c-9dd3-73ae16559c6d.png,A493,S493
C494,B494,Pre-Booking,Apartment,https://image2url.com/r2/default/images/1775365771521-eb23937a-a14e-441c-9dd3-73ae16559c6d.png,A494,S494
C495,B495,Loan Booking,Apartment,https://image2url.com/r2/default/images/1775365771521-eb23937a-a14e-441c-9dd3-73ae16559c6d.png,A495,S495
C496,B496,Resale,Apartment,https://image2url.com/r2/default/images/1775365771521-eb23937a-a14e-441c-9dd3-73ae16559c6d.png,A496,S496
C497,B497,Direct Purchase,Apartment,https://image2url.com/r2/default/images/1775365771521-eb23937a-a14e-441c-9dd3-73ae16559c6d.png,A497,S497
C498,B498,Pre-Booking,Apartment,https://image2url.com/r2/default/images/1775365771521-eb23937a-a14e-441c-9dd3-73ae16559c6d.png,A498,S498
C499,B499,Loan Booking,Apartment,https://image2url.com/r2/default/images/1775365771521-eb23937a-a14e-441c-9dd3-73ae16559c6d.png,A499,S499
C500,B500,Resale,Apartment,https://image2url.com/r2/default/images/1775365771521-eb23937a-a14e-441c-9dd3-73ae16559c6d.png,A500,S500
C501,B501,Direct Purchase,Apartment,https://image2url.com/r2/default/images/1775365771521-eb23937a-a14e-441c-9dd3-73ae16559c6d.png,A501,S501
C502,B502,Pre-Booking,Apartment,https://image2url.com/r2/default/images/1775365771521-eb23937a-a14e-441c-9dd3-73ae16559c6d.png,A502,S502
C503,B503,Loan Booking,Apartment,https://image2url.com/r2/default/images/1775365771521-eb23937a-a14e-441c-9dd3-73ae16559c6d.png,A503,S503
C504,B504,Resale,Apartment,https://image2url.com/r2/default/images/1775365771521-eb23937a-a14e-441c-9dd3-73ae16559c6d.png,A504,S504
C505,B505,Direct Purchase,Apartment,https://image2url.com/r2/default/images/1775365771521-eb23937a-a14e-441c-9dd3-73ae16559c6d.png,A505,S505
C506,B506,Pre-Booking,Apartment,https://image2url.com/r2/default/images/1775365771521-eb23937a-a14e-441c-9dd3-73ae16559c6d.png,A506,S506
C507,B507,Loan Booking,Apartment,https://image2url.com/r2/default/images/1775365771521-eb23937a-a14e-441c-9dd3-73ae16559c6d.png,A507,S507
C508,B508,Resale,Apartment,https://image2url.com/r2/default/images/1775365771521-eb23937a-a14e-441c-9dd3-73ae16559c6d.png,A508,S508
C509,B509,Direct Purchase,Apartment,https://image2url.com/r2/default/images/1775365771521-eb23937a-a14e-441c-9dd3-73ae16559c6d.png,A509,S509
C510,B510,Pre-Booking,Apartment,https://image2url.com/r2/default/images/1775365771521-eb23937a-a14e-441c-9dd3-73ae16559c6d.png,A510,S510
C511,B511,Loan Booking,Apartment,https://image2url.com/r2/default/images/1775365771521-eb23937a-a14e-441c-9dd3-73ae16559c6d.png,A511,S511
C512,B512,Resale,Apartment,https://image2url.com/r2/default/images/1775365771521-eb23937a-a14e-441c-9dd3-73ae16559c6d.png,A512,S512
C513,B513,Direct Purchase,Apartment,https://image2url.com/r2/default/images/1775365771521-eb23937a-a14e-441c-9dd3-73ae16559c6d.png,A513,S513
C514,B514,Pre-Booking,Apartment,https://image2url.com/r2/default/images/1775365771521-eb23937a-a14e-441c-9dd3-73ae16559c6d.png,A514,S514
C515,B515,Loan Booking,Apartment,https://image2url.com/r2/default/images/1775365771521-eb23937a-a14e-441c-9dd3-73ae16559c6d.png,A515,S515
C516,B516,Resale,Apartment,https://image2url.com/r2/default/images/1775365771521-eb23937a-a14e-441c-9dd3-73ae16559c6d.png,A516,S516
C517,B517,Direct Purchase,Apartment,https://image2url.com/r2/default/images/1775365771521-eb23937a-a14e-441c-9dd3-73ae16559c6d.png,A517,S517
C518,B518,Pre-Booking,Apartment,https://image2url.com/r2/default/images/1775365771521-eb23937a-a14e-441c-9dd3-73ae16559c6d.png,A518,S518
C519,B519,Loan Booking,Apartment,https://image2url.com/r2/default/images/1775365771521-eb23937a-a14e-441c-9dd3-73ae16559c6d.png,A519,S519
C520,B520,Resale,Apartment,https://image2url.com/r2/default/images/1775365771521-eb23937a-a14e-441c-9dd3-73ae16559c6d.png,A520,S520
C521,B521,Direct Purchase,Apartment,https://image2url.com/r2/default/images/1775365771521-eb23937a-a14e-441c-9dd3-73ae16559c6d.png,A521,S521
C522,B522,Pre-Booking,Apartment,https://image2url.com/r2/default/images/1775365771521-eb23937a-a14e-441c-9dd3-73ae16559c6d.png,A522,S522
C523,B523,Loan Booking,Apartment,https://image2url.com/r2/default/images/1775365771521-eb23937a-a14e-441c-9dd3-73ae16559c6d.png,A523,S523
C524,B524,Resale,Apartment,https://image2url.com/r2/default/images/1775365771521-eb23937a-a14e-441c-9dd3-73ae16559c6d.png,A524,S524
C525,B525,Direct Purchase,Apartment,https://image2url.com/r2/default/images/1775365771521-eb23937a-a14e-441c-9dd3-73ae16559c6d.png,A525,S525
C526,B526,Pre-Booking,Apartment,https://image2url.com/r2/default/images/1775365771521-eb23937a-a14e-441c-9dd3-73ae16559c6d.png,A526,S526
C527,B527,Loan Booking,Apartment,https://image2url.com/r2/default/images/1775365771521-eb23937a-a14e-441c-9dd3-73ae16559c6d.png,A527,S527
C528,B528,Resale,Apartment,https://image2url.com/r2/default/images/1775365771521-eb23937a-a14e-441c-9dd3-73ae16559c6d.png,A528,S528
C529,B529,Direct Purchase,Apartment,https://image2url.com/r2/default/images/1775365771521-eb23937a-a14e-441c-9dd3-73ae16559c6d.png,A529,S529
C530,B530,Pre-Booking,Apartment,https://image2url.com/r2/default/images/1775365771521-eb23937a-a14e-441c-9dd3-73ae16559c6d.png,A530,S530
C531,B531,Loan Booking,Villa,https://image2url.com/r2/default/images/1775366894497-2d1627bd-ac8e-4a6c-a02f-998d681c0efe.png,A531,S531
C532,B532,Resale,Plot,https://image2url.com/r2/default/images/1775366615084-bb21eb70-7bec-497f-9c8c-86ffed7e411e.png,A532,S532
C533,B533,Direct Purchase,Farmhouse,https://image2url.com/r2/default/images/1775366212850-4b90d38e-a1b8-4f24-a55a-6d5f8d0b0f8b.png,A533,S533
C534,B534,Pre-Booking,Villa,https://image2url.com/r2/default/images/1775366894497-2d1627bd-ac8e-4a6c-a02f-998d681c0efe.png,A534,S534
C535,B535,Loan Booking,Plot,https://image2url.com/r2/default/images/1775366615084-bb21eb70-7bec-497f-9c8c-86ffed7e411e.png,A535,S535
C536,B536,Resale,Farmhouse,https://image2url.com/r2/default/images/1775366212850-4b90d38e-a1b8-4f24-a55a-6d5f8d0b0f8b.png,A536,S536
C537,B537,Direct Purchase,Villa,https://image2url.com/r2/default/images/1775366894497-2d1627bd-ac8e-4a6c-a02f-998d681c0efe.png,A537,S537
C538,B538,Pre-Booking,Plot,https://image2url.com/r2/default/images/1775366615084-bb21eb70-7bec-497f-9c8c-86ffed7e411e.png,A538,S538
C539,B539,Loan Booking,Farmhouse,https://image2url.com/r2/default/images/1775366212850-4b90d38e-a1b8-4f24-a55a-6d5f8d0b0f8b.png,A539,S539
C540,B540,Resale,Villa,https://image2url.com/r2/default/images/1775366894497-2d1627bd-ac8e-4a6c-a02f-998d681c0efe.png,A540,S540
C541,B541,Direct Purchase,Plot,https://image2url.com/r2/default/images/1775366615084-bb21eb70-7bec-497f-9c8c-86ffed7e411e.png,A541,S541
C542,B542,Pre-Booking,Farmhouse,https://image2url.com/r2/default/images/1775366212850-4b90d38e-a1b8-4f24-a55a-6d5f8d0b0f8b.png,A542,S542
C543,B543,Loan Booking,Farmhouse,https://image2url.com/r2/default/images/1775366212850-4b90d38e-a1b8-4f24-a55a-6d5f8d0b0f8b.png,A543,S543
C544,B544,Resale,Farmhouse,https://image2url.com/r2/default/images/1775366212850-4b90d38e-a1b8-4f24-a55a-6d5f8d0b0f8b.png,A544,S544
C545,B545,Direct Purchase,Farmhouse,https://image2url.com/r2/default/images/1775366212850-4b90d38e-a1b8-4f24-a55a-6d5f8d0b0f8b.png,A545,S545
C546,B546,Pre-Booking,Farmhouse,https://image2url.com/r2/default/images/1775366212850-4b90d38e-a1b8-4f24-a55a-6d5f8d0b0f8b.png,A546,S546
C547,B547,Loan Booking,Farmhouse,https://image2url.com/r2/default/images/1775366212850-4b90d38e-a1b8-4f24-a55a-6d5f8d0b0f8b.png,A547,S547
C548,B548,Resale,Farmhouse,https://image2url.com/r2/default/images/1775366212850-4b90d38e-a1b8-4f24-a55a-6d5f8d0b0f8b.png,A548,S548
C549,B549,Direct Purchase,Farmhouse,https://image2url.com/r2/default/images/1775366212850-4b90d38e-a1b8-4f24-a55a-6d5f8d0b0f8b.png,A549,S549
C550,B550,Pre-Booking,Farmhouse,https://image2url.com/r2/default/images/1775366212850-4b90d38e-a1b8-4f24-a55a-6d5f8d0b0f8b.png,A550,S550
C551,B551,Loan Booking,Farmhouse,https://image2url.com/r2/default/images/1775366212850-4b90d38e-a1b8-4f24-a55a-6d5f8d0b0f8b.png,A551,S551
C552,B552,Resale,Farmhouse,https://image2url.com/r2/default/images/1775366212850-4b90d38e-a1b8-4f24-a55a-6d5f8d0b0f8b.png,A552,S552
C553,B553,Direct Purchase,Farmhouse,https://image2url.com/r2/default/images/1775366212850-4b90d38e-a1b8-4f24-a55a-6d5f8d0b0f8b.png,A553,S553
C554,B554,Pre-Booking,Farmhouse,https://image2url.com/r2/default/images/1775366212850-4b90d38e-a1b8-4f24-a55a-6d5f8d0b0f8b.png,A554,S554
C555,B555,Loan Booking,Farmhouse,https://image2url.com/r2/default/images/1775366212850-4b90d38e-a1b8-4f24-a55a-6d5f8d0b0f8b.png,A555,S555
C556,B556,Resale,Farmhouse,https://image2url.com/r2/default/images/1775366212850-4b90d38e-a1b8-4f24-a55a-6d5f8d0b0f8b.png,A556,S556
C557,B557,Direct Purchase,Farmhouse,https://image2url.com/r2/default/images/1775366212850-4b90d38e-a1b8-4f24-a55a-6d5f8d0b0f8b.png,A557,S557
C558,B558,Pre-Booking,Farmhouse,https://image2url.com/r2/default/images/1775366212850-4b90d38e-a1b8-4f24-a55a-6d5f8d0b0f8b.png,A558,S558
C559,B559,Loan Booking,Farmhouse,https://image2url.com/r2/default/images/1775366212850-4b90d38e-a1b8-4f24-a55a-6d5f8d0b0f8b.png,A559,S559
C560,B560,Resale,Farmhouse,https://image2url.com/r2/default/images/1775366212850-4b90d38e-a1b8-4f24-a55a-6d5f8d0b0f8b.png,A560,S560
C561,B561,Direct Purchase,Farmhouse,https://image2url.com/r2/default/images/1775366212850-4b90d38e-a1b8-4f24-a55a-6d5f8d0b0f8b.png,A561,S561
C562,B562,Pre-Booking,Farmhouse,https://image2url.com/r2/default/images/1775366212850-4b90d38e-a1b8-4f24-a55a-6d5f8d0b0f8b.png,A562,S562
C563,B563,Loan Booking,Farmhouse,https://image2url.com/r2/default/images/1775366212850-4b90d38e-a1b8-4f24-a55a-6d5f8d0b0f8b.png,A563,S563
C564,B564,Resale,Farmhouse,https://image2url.com/r2/default/images/1775366212850-4b90d38e-a1b8-4f24-a55a-6d5f8d0b0f8b.png,A564,S564
C565,B565,Direct Purchase,Farmhouse,https://image2url.com/r2/default/images/1775366212850-4b90d38e-a1b8-4f24-a55a-6d5f8d0b0f8b.png,A565,S565
C566,B566,Pre-Booking,Farmhouse,https://image2url.com/r2/default/images/1775366212850-4b90d38e-a1b8-4f24-a55a-6d5f8d0b0f8b.png,A566,S566
C567,B567,Loan Booking,Farmhouse,https://image2url.com/r2/default/images/1775366212850-4b90d38e-a1b8-4f24-a55a-6d5f8d0b0f8b.png,A567,S567
C568,B568,Resale,Farmhouse,https://image2url.com/r2/default/images/1775366212850-4b90d38e-a1b8-4f24-a55a-6d5f8d0b0f8b.png,A568,S568
C569,B569,Direct Purchase,Farmhouse,https://image2url.com/r2/default/images/1775366212850-4b90d38e-a1b8-4f24-a55a-6d5f8d0b0f8b.png,A569,S569
C570,B570,Pre-Booking,Farmhouse,https://image2url.com/r2/default/images/1775366212850-4b90d38e-a1b8-4f24-a55a-6d5f8d0b0f8b.png,A570,S570
C571,B571,Loan Booking,Farmhouse,https://image2url.com/r2/default/images/1775366212850-4b90d38e-a1b8-4f24-a55a-6d5f8d0b0f8b.png,A571,S571
C572,B572,Resale,Farmhouse,https://image2url.com/r2/default/images/1775366212850-4b90d38e-a1b8-4f24-a55a-6d5f8d0b0f8b.png,A572,S572
C573,B573,Direct Purchase,Farmhouse,https://image2url.com/r2/default/images/1775366212850-4b90d38e-a1b8-4f24-a55a-6d5f8d0b0f8b.png,A573,S573
C574,B574,Pre-Booking,Farmhouse,https://image2url.com/r2/default/images/1775366212850-4b90d38e-a1b8-4f24-a55a-6d5f8d0b0f8b.png,A574,S574
C575,B575,Loan Booking,Farmhouse,https://image2url.com/r2/default/images/1775366212850-4b90d38e-a1b8-4f24-a55a-6d5f8d0b0f8b.png,A575,S575
C576,B576,Resale,Farmhouse,https://image2url.com/r2/default/images/1775366212850-4b90d38e-a1b8-4f24-a55a-6d5f8d0b0f8b.png,A576,S576
C577,B577,Direct Purchase,Farmhouse,https://image2url.com/r2/default/images/1775366212850-4b90d38e-a1b8-4f24-a55a-6d5f8d0b0f8b.png,A577,S577
C578,B578,Pre-Booking,Farmhouse,https://image2url.com/r2/default/images/1775366212850-4b90d38e-a1b8-4f24-a55a-6d5f8d0b0f8b.png,A578,S578
C579,B579,Loan Booking,Farmhouse,https://image2url.com/r2/default/images/1775366212850-4b90d38e-a1b8-4f24-a55a-6d5f8d0b0f8b.png,A579,S579
C580,B580,Resale,Farmhouse,https://image2url.com/r2/default/images/1775366212850-4b90d38e-a1b8-4f24-a55a-6d5f8d0b0f8b.png,A580,S580
C581,B581,Direct Purchase,Farmhouse,https://image2url.com/r2/default/images/1775366212850-4b90d38e-a1b8-4f24-a55a-6d5f8d0b0f8b.png,A581,S581
C582,B582,Pre-Booking,Farmhouse,https://image2url.com/r2/default/images/1775366212850-4b90d38e-a1b8-4f24-a55a-6d5f8d0b0f8b.png,A582,S582
C583,B583,Loan Booking,Farmhouse,https://image2url.com/r2/default/images/1775366212850-4b90d38e-a1b8-4f24-a55a-6d5f8d0b0f8b.png,A583,S583
C584,B584,Resale,Farmhouse,https://image2url.com/r2/default/images/1775366212850-4b90d38e-a1b8-4f24-a55a-6d5f8d0b0f8b.png,A584,S584
C585,B585,Direct Purchase,Farmhouse,https://image2url.com/r2/default/images/1775366212850-4b90d38e-a1b8-4f24-a55a-6d5f8d0b0f8b.png,A585,S585
C586,B586,Pre-Booking,Farmhouse,https://image2url.com/r2/default/images/1775366212850-4b90d38e-a1b8-4f24-a55a-6d5f8d0b0f8b.png,A586,S586
C587,B587,Loan Booking,Farmhouse,https://image2url.com/r2/default/images/1775366212850-4b90d38e-a1b8-4f24-a55a-6d5f8d0b0f8b.png,A587,S587
C588,B588,Resale,Farmhouse,https://image2url.com/r2/default/images/1775366212850-4b90d38e-a1b8-4f24-a55a-6d5f8d0b0f8b.png,A588,S588
C589,B589,Direct Purchase,Farmhouse,https://image2url.com/r2/default/images/1775366212850-4b90d38e-a1b8-4f24-a55a-6d5f8d0b0f8b.png,A589,S589
C590,B590,Pre-Booking,Farmhouse,https://image2url.com/r2/default/images/1775366212850-4b90d38e-a1b8-4f24-a55a-6d5f8d0b0f8b.png,A590,S590
C591,B591,Loan Booking,Farmhouse,https://image2url.com/r2/default/images/1775366212850-4b90d38e-a1b8-4f24-a55a-6d5f8d0b0f8b.png,A591,S591
C592,B592,Resale,Farmhouse,https://image2url.com/r2/default/images/1775366212850-4b90d38e-a1b8-4f24-a55a-6d5f8d0b0f8b.png,A592,S592
C593,B593,Direct Purchase,Farmhouse,https://image2url.com/r2/default/images/1775366212850-4b90d38e-a1b8-4f24-a55a-6d5f8d0b0f8b.png,A593,S593
C594,B594,Pre-Booking,Farmhouse,https://image2url.com/r2/default/images/1775366212850-4b90d38e-a1b8-4f24-a55a-6d5f8d0b0f8b.png,A594,S594
C595,B595,Loan Booking,Farmhouse,https://image2url.com/r2/default/images/1775366212850-4b90d38e-a1b8-4f24-a55a-6d5f8d0b0f8b.png,A595,S595
C596,B596,Resale,Farmhouse,https://image2url.com/r2/default/images/1775366212850-4b90d38e-a1b8-4f24-a55a-6d5f8d0b0f8b.png,A596,S596
C597,B597,Direct Purchase,Farmhouse,https://image2url.com/r2/default/images/1775366212850-4b90d38e-a1b8-4f24-a55a-6d5f8d0b0f8b.png,A597,S597
C598,B598,Pre-Booking,Farmhouse,https://image2url.com/r2/default/images/1775366212850-4b90d38e-a1b8-4f24-a55a-6d5f8d0b0f8b.png,A598,S598
C599,B599,Loan Booking,Farmhouse,https://image2url.com/r2/default/images/1775366212850-4b90d38e-a1b8-4f24-a55a-6d5f8d0b0f8b.png,A599,S599
C600,B600,Resale,Farmhouse,https://image2url.com/r2/default/images/1775366212850-4b90d38e-a1b8-4f24-a55a-6d5f8d0b0f8b.png,A600,S600
C601,B601,Direct Purchase,Farmhouse,https://image2url.com/r2/default/images/1775366212850-4b90d38e-a1b8-4f24-a55a-6d5f8d0b0f8b.png,A601,S601
C602,B602,Pre-Booking,Farmhouse,https://image2url.com/r2/default/images/1775366212850-4b90d38e-a1b8-4f24-a55a-6d5f8d0b0f8b.png,A602,S602
C603,B603,Loan Booking,Farmhouse,https://image2url.com/r2/default/images/1775366212850-4b90d38e-a1b8-4f24-a55a-6d5f8d0b0f8b.png,A603,S603
C604,B604,Resale,Farmhouse,https://image2url.com/r2/default/images/1775366212850-4b90d38e-a1b8-4f24-a55a-6d5f8d0b0f8b.png,A604,S604
C605,B605,Direct Purchase,Farmhouse,https://image2url.com/r2/default/images/1775366212850-4b90d38e-a1b8-4f24-a55a-6d5f8d0b0f8b.png,A605,S605
C606,B606,Pre-Booking,Farmhouse,https://image2url.com/r2/default/images/1775366212850-4b90d38e-a1b8-4f24-a55a-6d5f8d0b0f8b.png,A606,S606
C607,B607,Loan Booking,Farmhouse,https://image2url.com/r2/default/images/1775366212850-4b90d38e-a1b8-4f24-a55a-6d5f8d0b0f8b.png,A607,S607
C608,B608,Resale,Farmhouse,https://image2url.com/r2/default/images/1775366212850-4b90d38e-a1b8-4f24-a55a-6d5f8d0b0f8b.png,A608,S608
C609,B609,Direct Purchase,Farmhouse,https://image2url.com/r2/default/images/1775366212850-4b90d38e-a1b8-4f24-a55a-6d5f8d0b0f8b.png,A609,S609
C610,B610,Pre-Booking,Farmhouse,https://image2url.com/r2/default/images/1775366212850-4b90d38e-a1b8-4f24-a55a-6d5f8d0b0f8b.png,A610,S610
C611,B611,Loan Booking,Farmhouse,https://image2url.com/r2/default/images/1775366212850-4b90d38e-a1b8-4f24-a55a-6d5f8d0b0f8b.png,A611,S611
C612,B612,Resale,Farmhouse,https://image2url.com/r2/default/images/1775366212850-4b90d38e-a1b8-4f24-a55a-6d5f8d0b0f8b.png,A612,S612
C613,B613,Direct Purchase,Farmhouse,https://image2url.com/r2/default/images/1775366212850-4b90d38e-a1b8-4f24-a55a-6d5f8d0b0f8b.png,A613,S613
C614,B614,Pre-Booking,Farmhouse,https://image2url.com/r2/default/images/1775366212850-4b90d38e-a1b8-4f24-a55a-6d5f8d0b0f8b.png,A614,S614
C615,B615,Loan Booking,Farmhouse,https://image2url.com/r2/default/images/1775366212850-4b90d38e-a1b8-4f24-a55a-6d5f8d0b0f8b.png,A615,S615
C616,B616,Resale,Farmhouse,https://image2url.com/r2/default/images/1775366212850-4b90d38e-a1b8-4f24-a55a-6d5f8d0b0f8b.png,A616,S616
C617,B617,Direct Purchase,Farmhouse,https://image2url.com/r2/default/images/1775366212850-4b90d38e-a1b8-4f24-a55a-6d5f8d0b0f8b.png,A617,S617
C618,B618,Pre-Booking,Farmhouse,https://image2url.com/r2/default/images/1775366212850-4b90d38e-a1b8-4f24-a55a-6d5f8d0b0f8b.png,A618,S618
C619,B619,Loan Booking,Farmhouse,https://image2url.com/r2/default/images/1775366212850-4b90d38e-a1b8-4f24-a55a-6d5f8d0b0f8b.png,A619,S619
C620,B620,Resale,Farmhouse,https://image2url.com/r2/default/images/1775366212850-4b90d38e-a1b8-4f24-a55a-6d5f8d0b0f8b.png,A620,S620
C621,B621,Direct Purchase,Farmhouse,https://image2url.com/r2/default/images/1775366212850-4b90d38e-a1b8-4f24-a55a-6d5f8d0b0f8b.png,A621,S621
C622,B622,Pre-Booking,Farmhouse,https://image2url.com/r2/default/images/1775366212850-4b90d38e-a1b8-4f24-a55a-6d5f8d0b0f8b.png,A622,S622
C623,B623,Loan Booking,Farmhouse,https://image2url.com/r2/default/images/1775366212850-4b90d38e-a1b8-4f24-a55a-6d5f8d0b0f8b.png,A623,S623
C624,B624,Resale,Farmhouse,https://image2url.com/r2/default/images/1775366212850-4b90d38e-a1b8-4f24-a55a-6d5f8d0b0f8b.png,A624,S624
C625,B625,Direct Purchase,Farmhouse,https://image2url.com/r2/default/images/1775366212850-4b90d38e-a1b8-4f24-a55a-6d5f8d0b0f8b.png,A625,S625
C626,B626,Pre-Booking,Farmhouse,https://image2url.com/r2/default/images/1775366212850-4b90d38e-a1b8-4f24-a55a-6d5f8d0b0f8b.png,A626,S626
C627,B627,Loan Booking,Farmhouse,https://image2url.com/r2/default/images/1775366212850-4b90d38e-a1b8-4f24-a55a-6d5f8d0b0f8b.png,A627,S627
C628,B628,Resale,Farmhouse,https://image2url.com/r2/default/images/1775366212850-4b90d38e-a1b8-4f24-a55a-6d5f8d0b0f8b.png,A628,S628
C629,B629,Direct Purchase,Farmhouse,https://image2url.com/r2/default/images/1775366212850-4b90d38e-a1b8-4f24-a55a-6d5f8d0b0f8b.png,A629,S629
C630,B630,Pre-Booking,Farmhouse,https://image2url.com/r2/default/images/1775366212850-4b90d38e-a1b8-4f24-a55a-6d5f8d0b0f8b.png,A630,S630
C631,B631,Loan Booking,Farmhouse,https://image2url.com/r2/default/images/1775366212850-4b90d38e-a1b8-4f24-a55a-6d5f8d0b0f8b.png,A631,S631
C632,B632,Resale,Farmhouse,https://image2url.com/r2/default/images/1775366212850-4b90d38e-a1b8-4f24-a55a-6d5f8d0b0f8b.png,A632,S632
C633,B633,Direct Purchase,Farmhouse,https://image2url.com/r2/default/images/1775366212850-4b90d38e-a1b8-4f24-a55a-6d5f8d0b0f8b.png,A633,S633
C634,B634,Pre-Booking,Farmhouse,https://image2url.com/r2/default/images/1775366212850-4b90d38e-a1b8-4f24-a55a-6d5f8d0b0f8b.png,A634,S634
C635,B635,Loan Booking,Farmhouse,https://image2url.com/r2/default/images/1775366212850-4b90d38e-a1b8-4f24-a55a-6d5f8d0b0f8b.png,A635,S635
C636,B636,Resale,Farmhouse,https://image2url.com/r2/default/images/1775366212850-4b90d38e-a1b8-4f24-a55a-6d5f8d0b0f8b.png,A636,S636
C637,B637,Direct Purchase,Farmhouse,https://image2url.com/r2/default/images/1775366212850-4b90d38e-a1b8-4f24-a55a-6d5f8d0b0f8b.png,A637,S637
C638,B638,Pre-Booking,Farmhouse,https://image2url.com/r2/default/images/1775366212850-4b90d38e-a1b8-4f24-a55a-6d5f8d0b0f8b.png,A638,S638
C639,B639,Loan Booking,Farmhouse,https://image2url.com/r2/default/images/1775366212850-4b90d38e-a1b8-4f24-a55a-6d5f8d0b0f8b.png,A639,S639
C640,B640,Resale,Farmhouse,https://image2url.com/r2/default/images/1775366212850-4b90d38e-a1b8-4f24-a55a-6d5f8d0b0f8b.png,A640,S640
C641,B641,Direct Purchase,Farmhouse,https://image2url.com/r2/default/images/1775366212850-4b90d38e-a1b8-4f24-a55a-6d5f8d0b0f8b.png,A641,S641
C642,B642,Pre-Booking,Farmhouse,https://image2url.com/r2/default/images/1775366212850-4b90d38e-a1b8-4f24-a55a-6d5f8d0b0f8b.png,A642,S642
C643,B643,Loan Booking,Farmhouse,https://image2url.com/r2/default/images/1775366212850-4b90d38e-a1b8-4f24-a55a-6d5f8d0b0f8b.png,A643,S643
C644,B644,Resale,Farmhouse,https://image2url.com/r2/default/images/1775366212850-4b90d38e-a1b8-4f24-a55a-6d5f8d0b0f8b.png,A644,S644
C645,B645,Direct Purchase,Farmhouse,https://image2url.com/r2/default/images/1775366212850-4b90d38e-a1b8-4f24-a55a-6d5f8d0b0f8b.png,A645,S645
C646,B646,Pre-Booking,Farmhouse,https://image2url.com/r2/default/images/1775366212850-4b90d38e-a1b8-4f24-a55a-6d5f8d0b0f8b.png,A646,S646
C647,B647,Loan Booking,Farmhouse,https://image2url.com/r2/default/images/1775366212850-4b90d38e-a1b8-4f24-a55a-6d5f8d0b0f8b.png,A647,S647
C648,B648,Resale,Farmhouse,https://image2url.com/r2/default/images/1775366212850-4b90d38e-a1b8-4f24-a55a-6d5f8d0b0f8b.png,A648,S648
C649,B649,Direct Purchase,Farmhouse,https://image2url.com/r2/default/images/1775366212850-4b90d38e-a1b8-4f24-a55a-6d5f8d0b0f8b.png,A649,S649
C650,B650,Pre-Booking,Farmhouse,https://image2url.com/r2/default/images/1775366212850-4b90d38e-a1b8-4f24-a55a-6d5f8d0b0f8b.png,A650,S650
C651,B651,Loan Booking,Farmhouse,https://image2url.com/r2/default/images/1775366212850-4b90d38e-a1b8-4f24-a55a-6d5f8d0b0f8b.png,A651,S651
C652,B652,Resale,Farmhouse,https://image2url.com/r2/default/images/1775366212850-4b90d38e-a1b8-4f24-a55a-6d5f8d0b0f8b.png,A652,S652
C653,B653,Direct Purchase,Farmhouse,https://image2url.com/r2/default/images/1775366212850-4b90d38e-a1b8-4f24-a55a-6d5f8d0b0f8b.png,A653,S653
C654,B654,Pre-Booking,Farmhouse,https://image2url.com/r2/default/images/1775366212850-4b90d38e-a1b8-4f24-a55a-6d5f8d0b0f8b.png,A654,S654
C655,B655,Loan Booking,Farmhouse,https://image2url.com/r2/default/images/1775366212850-4b90d38e-a1b8-4f24-a55a-6d5f8d0b0f8b.png,A655,S655
C656,B656,Resale,Farmhouse,https://image2url.com/r2/default/images/1775366212850-4b90d38e-a1b8-4f24-a55a-6d5f8d0b0f8b.png,A656,S656
C657,B657,Direct Purchase,Farmhouse,https://image2url.com/r2/default/images/1775366212850-4b90d38e-a1b8-4f24-a55a-6d5f8d0b0f8b.png,A657,S657
C658,B658,Pre-Booking,Farmhouse,https://image2url.com/r2/default/images/1775366212850-4b90d38e-a1b8-4f24-a55a-6d5f8d0b0f8b.png,A658,S658
C659,B659,Loan Booking,Farmhouse,https://image2url.com/r2/default/images/1775366212850-4b90d38e-a1b8-4f24-a55a-6d5f8d0b0f8b.png,A659,S659
C660,B660,Resale,Farmhouse,https://image2url.com/r2/default/images/1775366212850-4b90d38e-a1b8-4f24-a55a-6d5f8d0b0f8b.png,A660,S660
C661,B661,Direct Purchase,Farmhouse,https://image2url.com/r2/default/images/1775366212850-4b90d38e-a1b8-4f24-a55a-6d5f8d0b0f8b.png,A661,S661
C662,B662,Pre-Booking,Farmhouse,https://image2url.com/r2/default/images/1775366212850-4b90d38e-a1b8-4f24-a55a-6d5f8d0b0f8b.png,A662,S662
C663,B663,Loan Booking,Farmhouse,https://image2url.com/r2/default/images/1775366212850-4b90d38e-a1b8-4f24-a55a-6d5f8d0b0f8b.png,A663,S663
C664,B664,Resale,Farmhouse,https://image2url.com/r2/default/images/1775366212850-4b90d38e-a1b8-4f24-a55a-6d5f8d0b0f8b.png,A664,S664
C665,B665,Direct Purchase,Farmhouse,https://image2url.com/r2/default/images/1775366212850-4b90d38e-a1b8-4f24-a55a-6d5f8d0b0f8b.png,A665,S665
C666,B666,Pre-Booking,Farmhouse,https://image2url.com/r2/default/images/1775366212850-4b90d38e-a1b8-4f24-a55a-6d5f8d0b0f8b.png,A666,S666
C667,B667,Loan Booking,Farmhouse,https://image2url.com/r2/default/images/1775366212850-4b90d38e-a1b8-4f24-a55a-6d5f8d0b0f8b.png,A667,S667
C668,B668,Resale,Farmhouse,https://image2url.com/r2/default/images/1775366212850-4b90d38e-a1b8-4f24-a55a-6d5f8d0b0f8b.png,A668,S668
C669,B669,Direct Purchase,Farmhouse,https://image2url.com/r2/default/images/1775366212850-4b90d38e-a1b8-4f24-a55a-6d5f8d0b0f8b.png,A669,S669
C670,B670,Pre-Booking,Farmhouse,https://image2url.com/r2/default/images/1775366212850-4b90d38e-a1b8-4f24-a55a-6d5f8d0b0f8b.png,A670,S670
C671,B671,Loan Booking,Farmhouse,https://image2url.com/r2/default/images/1775366212850-4b90d38e-a1b8-4f24-a55a-6d5f8d0b0f8b.png,A671,S671
C672,B672,Resale,Farmhouse,https://image2url.com/r2/default/images/1775366212850-4b90d38e-a1b8-4f24-a55a-6d5f8d0b0f8b.png,A672,S672
C673,B673,Direct Purchase,Farmhouse,https://image2url.com/r2/default/images/1775366212850-4b90d38e-a1b8-4f24-a55a-6d5f8d0b0f8b.png,A673,S673
C674,B674,Pre-Booking,Farmhouse,https://image2url.com/r2/default/images/1775366212850-4b90d38e-a1b8-4f24-a55a-6d5f8d0b0f8b.png,A674,S674
C675,B675,Loan Booking,Farmhouse,https://image2url.com/r2/default/images/1775366212850-4b90d38e-a1b8-4f24-a55a-6d5f8d0b0f8b.png,A675,S675
C676,B676,Resale,Farmhouse,https://image2url.com/r2/default/images/1775366212850-4b90d38e-a1b8-4f24-a55a-6d5f8d0b0f8b.png,A676,S676
C677,B677,Direct Purchase,Farmhouse,https://image2url.com/r2/default/images/1775366212850-4b90d38e-a1b8-4f24-a55a-6d5f8d0b0f8b.png,A677,S677
C678,B678,Pre-Booking,Farmhouse,https://image2url.com/r2/default/images/1775366212850-4b90d38e-a1b8-4f24-a55a-6d5f8d0b0f8b.png,A678,S678
C679,B679,Loan Booking,Farmhouse,https://image2url.com/r2/default/images/1775366212850-4b90d38e-a1b8-4f24-a55a-6d5f8d0b0f8b.png,A679,S679
C680,B680,Resale,Farmhouse,https://image2url.com/r2/default/images/1775366212850-4b90d38e-a1b8-4f24-a55a-6d5f8d0b0f8b.png,A680,S680
C681,B681,Direct Purchase,Farmhouse,https://image2url.com/r2/default/images/1775366212850-4b90d38e-a1b8-4f24-a55a-6d5f8d0b0f8b.png,A681,S681
C682,B682,Pre-Booking,Farmhouse,https://image2url.com/r2/default/images/1775366212850-4b90d38e-a1b8-4f24-a55a-6d5f8d0b0f8b.png,A682,S682
C683,B683,Loan Booking,Farmhouse,https://image2url.com/r2/default/images/1775366212850-4b90d38e-a1b8-4f24-a55a-6d5f8d0b0f8b.png,A683,S683
C684,B684,Resale,Farmhouse,https://image2url.com/r2/default/images/1775366212850-4b90d38e-a1b8-4f24-a55a-6d5f8d0b0f8b.png,A684,S684
C685,B685,Direct Purchase,Farmhouse,https://image2url.com/r2/default/images/1775366212850-4b90d38e-a1b8-4f24-a55a-6d5f8d0b0f8b.png,A685,S685
C686,B686,Pre-Booking,Farmhouse,https://image2url.com/r2/default/images/1775366212850-4b90d38e-a1b8-4f24-a55a-6d5f8d0b0f8b.png,A686,S686
C687,B687,Loan Booking,Farmhouse,https://image2url.com/r2/default/images/1775366212850-4b90d38e-a1b8-4f24-a55a-6d5f8d0b0f8b.png,A687,S687
C688,B688,Resale,Farmhouse,https://image2url.com/r2/default/images/1775366212850-4b90d38e-a1b8-4f24-a55a-6d5f8d0b0f8b.png,A688,S688
C689,B689,Direct Purchase,Farmhouse,https://image2url.com/r2/default/images/1775366212850-4b90d38e-a1b8-4f24-a55a-6d5f8d0b0f8b.png,A689,S689
C690,B690,Pre-Booking,Farmhouse,https://image2url.com/r2/default/images/1775366212850-4b90d38e-a1b8-4f24-a55a-6d5f8d0b0f8b.png,A690,S690
C691,B691,Loan Booking,Plot,https://image2url.com/r2/default/images/1775366615084-bb21eb70-7bec-497f-9c8c-86ffed7e411e.png,A691,S691
C692,B692,Resale,Plot,https://image2url.com/r2/default/images/1775366615084-bb21eb70-7bec-497f-9c8c-86ffed7e411e.png,A692,S692
C693,B693,Direct Purchase,Plot,https://image2url.com/r2/default/images/1775366615084-bb21eb70-7bec-497f-9c8c-86ffed7e411e.png,A693,S693
C694,B694,Pre-Booking,Plot,https://image2url.com/r2/default/images/1775366615084-bb21eb70-7bec-497f-9c8c-86ffed7e411e.png,A694,S694
C695,B695,Loan Booking,Plot,https://image2url.com/r2/default/images/1775366615084-bb21eb70-7bec-497f-9c8c-86ffed7e411e.png,A695,S695
C696,B696,Resale,Plot,https://image2url.com/r2/default/images/1775366615084-bb21eb70-7bec-497f-9c8c-86ffed7e411e.png,A696,S696
C697,B697,Direct Purchase,Plot,https://image2url.com/r2/default/images/1775366615084-bb21eb70-7bec-497f-9c8c-86ffed7e411e.png,A697,S697
C698,B698,Pre-Booking,Plot,https://image2url.com/r2/default/images/1775366615084-bb21eb70-7bec-497f-9c8c-86ffed7e411e.png,A698,S698
C699,B699,Loan Booking,Plot,https://image2url.com/r2/default/images/1775366615084-bb21eb70-7bec-497f-9c8c-86ffed7e411e.png,A699,S699
C700,B700,Resale,Plot,https://image2url.com/r2/default/images/1775366615084-bb21eb70-7bec-497f-9c8c-86ffed7e411e.png,A700,S700
C701,B701,Direct Purchase,Plot,https://image2url.com/r2/default/images/1775366615084-bb21eb70-7bec-497f-9c8c-86ffed7e411e.png,A701,S701
C702,B702,Pre-Booking,Plot,https://image2url.com/r2/default/images/1775366615084-bb21eb70-7bec-497f-9c8c-86ffed7e411e.png,A702,S702
C703,B703,Loan Booking,Plot,https://image2url.com/r2/default/images/1775366615084-bb21eb70-7bec-497f-9c8c-86ffed7e411e.png,A703,S703
C704,B704,Resale,Plot,https://image2url.com/r2/default/images/1775366615084-bb21eb70-7bec-497f-9c8c-86ffed7e411e.png,A704,S704
C705,B705,Direct Purchase,Plot,https://image2url.com/r2/default/images/1775366615084-bb21eb70-7bec-497f-9c8c-86ffed7e411e.png,A705,S705
C706,B706,Pre-Booking,Plot,https://image2url.com/r2/default/images/1775366615084-bb21eb70-7bec-497f-9c8c-86ffed7e411e.png,A706,S706
C707,B707,Loan Booking,Plot,https://image2url.com/r2/default/images/1775366615084-bb21eb70-7bec-497f-9c8c-86ffed7e411e.png,A707,S707
C708,B708,Resale,Plot,https://image2url.com/r2/default/images/1775366615084-bb21eb70-7bec-497f-9c8c-86ffed7e411e.png,A708,S708
C709,B709,Direct Purchase,Plot,https://image2url.com/r2/default/images/1775366615084-bb21eb70-7bec-497f-9c8c-86ffed7e411e.png,A709,S709
C710,B710,Pre-Booking,Plot,https://image2url.com/r2/default/images/1775366615084-bb21eb70-7bec-497f-9c8c-86ffed7e411e.png,A710,S710
C711,B711,Loan Booking,Plot,https://image2url.com/r2/default/images/1775366615084-bb21eb70-7bec-497f-9c8c-86ffed7e411e.png,A711,S711
C712,B712,Resale,Plot,https://image2url.com/r2/default/images/1775366615084-bb21eb70-7bec-497f-9c8c-86ffed7e411e.png,A712,S712
C713,B713,Direct Purchase,Plot,https://image2url.com/r2/default/images/1775366615084-bb21eb70-7bec-497f-9c8c-86ffed7e411e.png,A713,S713
C714,B714,Pre-Booking,Plot,https://image2url.com/r2/default/images/1775366615084-bb21eb70-7bec-497f-9c8c-86ffed7e411e.png,A714,S714
C715,B715,Loan Booking,Plot,https://image2url.com/r2/default/images/1775366615084-bb21eb70-7bec-497f-9c8c-86ffed7e411e.png,A715,S715
C716,B716,Resale,Plot,https://image2url.com/r2/default/images/1775366615084-bb21eb70-7bec-497f-9c8c-86ffed7e411e.png,A716,S716
C717,B717,Direct Purchase,Plot,https://image2url.com/r2/default/images/1775366615084-bb21eb70-7bec-497f-9c8c-86ffed7e411e.png,A717,S717
C718,B718,Pre-Booking,Plot,https://image2url.com/r2/default/images/1775366615084-bb21eb70-7bec-497f-9c8c-86ffed7e411e.png,A718,S718
C719,B719,Loan Booking,Plot,https://image2url.com/r2/default/images/1775366615084-bb21eb70-7bec-497f-9c8c-86ffed7e411e.png,A719,S719
C720,B720,Resale,Plot,https://image2url.com/r2/default/images/1775366615084-bb21eb70-7bec-497f-9c8c-86ffed7e411e.png,A720,S720
C721,B721,Direct Purchase,Plot,https://image2url.com/r2/default/images/1775366615084-bb21eb70-7bec-497f-9c8c-86ffed7e411e.png,A721,S721
C722,B722,Pre-Booking,Plot,https://image2url.com/r2/default/images/1775366615084-bb21eb70-7bec-497f-9c8c-86ffed7e411e.png,A722,S722
C723,B723,Loan Booking,Plot,https://image2url.com/r2/default/images/1775366615084-bb21eb70-7bec-497f-9c8c-86ffed7e411e.png,A723,S723
C724,B724,Resale,Plot,https://image2url.com/r2/default/images/1775366615084-bb21eb70-7bec-497f-9c8c-86ffed7e411e.png,A724,S724
C725,B725,Direct Purchase,Plot,https://image2url.com/r2/default/images/1775366615084-bb21eb70-7bec-497f-9c8c-86ffed7e411e.png,A725,S725
C726,B726,Pre-Booking,Plot,https://image2url.com/r2/default/images/1775366615084-bb21eb70-7bec-497f-9c8c-86ffed7e411e.png,A726,S726
C727,B727,Loan Booking,Plot,https://image2url.com/r2/default/images/1775366615084-bb21eb70-7bec-497f-9c8c-86ffed7e411e.png,A727,S727
C728,B728,Resale,Plot,https://image2url.com/r2/default/images/1775366615084-bb21eb70-7bec-497f-9c8c-86ffed7e411e.png,A728,S728
C729,B729,Direct Purchase,Plot,https://image2url.com/r2/default/images/1775366615084-bb21eb70-7bec-497f-9c8c-86ffed7e411e.png,A729,S729
C730,B730,Pre-Booking,Plot,https://image2url.com/r2/default/images/1775366615084-bb21eb70-7bec-497f-9c8c-86ffed7e411e.png,A730,S730
C731,B731,Loan Booking,Plot,https://image2url.com/r2/default/images/1775366615084-bb21eb70-7bec-497f-9c8c-86ffed7e411e.png,A731,S731
C732,B732,Resale,Plot,https://image2url.com/r2/default/images/1775366615084-bb21eb70-7bec-497f-9c8c-86ffed7e411e.png,A732,S732
C733,B733,Direct Purchase,Plot,https://image2url.com/r2/default/images/1775366615084-bb21eb70-7bec-497f-9c8c-86ffed7e411e.png,A733,S733
C734,B734,Pre-Booking,Plot,https://image2url.com/r2/default/images/1775366615084-bb21eb70-7bec-497f-9c8c-86ffed7e411e.png,A734,S734
C735,B735,Loan Booking,Plot,https://image2url.com/r2/default/images/1775366615084-bb21eb70-7bec-497f-9c8c-86ffed7e411e.png,A735,S735
C736,B736,Resale,Plot,https://image2url.com/r2/default/images/1775366615084-bb21eb70-7bec-497f-9c8c-86ffed7e411e.png,A736,S736
C737,B737,Direct Purchase,Plot,https://image2url.com/r2/default/images/1775366615084-bb21eb70-7bec-497f-9c8c-86ffed7e411e.png,A737,S737
C738,B738,Pre-Booking,Plot,https://image2url.com/r2/default/images/1775366615084-bb21eb70-7bec-497f-9c8c-86ffed7e411e.png,A738,S738
C739,B739,Loan Booking,Plot,https://image2url.com/r2/default/images/1775366615084-bb21eb70-7bec-497f-9c8c-86ffed7e411e.png,A739,S739
C740,B740,Resale,Plot,https://image2url.com/r2/default/images/1775366615084-bb21eb70-7bec-497f-9c8c-86ffed7e411e.png,A740,S740
C741,B741,Direct Purchase,Plot,https://image2url.com/r2/default/images/1775366615084-bb21eb70-7bec-497f-9c8c-86ffed7e411e.png,A741,S741
C742,B742,Pre-Booking,Plot,https://image2url.com/r2/default/images/1775366615084-bb21eb70-7bec-497f-9c8c-86ffed7e411e.png,A742,S742
C743,B743,Loan Booking,Plot,https://image2url.com/r2/default/images/1775366615084-bb21eb70-7bec-497f-9c8c-86ffed7e411e.png,A743,S743
C744,B744,Resale,Plot,https://image2url.com/r2/default/images/1775366615084-bb21eb70-7bec-497f-9c8c-86ffed7e411e.png,A744,S744
C745,B745,Direct Purchase,Plot,https://image2url.com/r2/default/images/1775366615084-bb21eb70-7bec-497f-9c8c-86ffed7e411e.png,A745,S745
C746,B746,Pre-Booking,Plot,https://image2url.com/r2/default/images/1775366615084-bb21eb70-7bec-497f-9c8c-86ffed7e411e.png,A746,S746
C747,B747,Loan Booking,Plot,https://image2url.com/r2/default/images/1775366615084-bb21eb70-7bec-497f-9c8c-86ffed7e411e.png,A747,S747
C748,B748,Resale,Plot,https://image2url.com/r2/default/images/1775366615084-bb21eb70-7bec-497f-9c8c-86ffed7e411e.png,A748,S748
C749,B749,Direct Purchase,Plot,https://image2url.com/r2/default/images/1775366615084-bb21eb70-7bec-497f-9c8c-86ffed7e411e.png,A749,S749
C750,B750,Pre-Booking,Plot,https://image2url.com/r2/default/images/1775366615084-bb21eb70-7bec-497f-9c8c-86ffed7e411e.png,A750,S750
C751,B751,Loan Booking,Plot,https://image2url.com/r2/default/images/1775366615084-bb21eb70-7bec-497f-9c8c-86ffed7e411e.png,A751,S751
C752,B752,Resale,Plot,https://image2url.com/r2/default/images/1775366615084-bb21eb70-7bec-497f-9c8c-86ffed7e411e.png,A752,S752
C753,B753,Direct Purchase,Plot,https://image2url.com/r2/default/images/1775366615084-bb21eb70-7bec-497f-9c8c-86ffed7e411e.png,A753,S753
C754,B754,Pre-Booking,Plot,https://image2url.com/r2/default/images/1775366615084-bb21eb70-7bec-497f-9c8c-86ffed7e411e.png,A754,S754
C755,B755,Loan Booking,Plot,https://image2url.com/r2/default/images/1775366615084-bb21eb70-7bec-497f-9c8c-86ffed7e411e.png,A755,S755
C756,B756,Resale,Plot,https://image2url.com/r2/default/images/1775366615084-bb21eb70-7bec-497f-9c8c-86ffed7e411e.png,A756,S756
C757,B757,Direct Purchase,Plot,https://image2url.com/r2/default/images/1775366615084-bb21eb70-7bec-497f-9c8c-86ffed7e411e.png,A757,S757
C758,B758,Pre-Booking,Plot,https://image2url.com/r2/default/images/1775366615084-bb21eb70-7bec-497f-9c8c-86ffed7e411e.png,A758,S758
C759,B759,Loan Booking,Plot,https://image2url.com/r2/default/images/1775366615084-bb21eb70-7bec-497f-9c8c-86ffed7e411e.png,A759,S759
C760,B760,Resale,Plot,https://image2url.com/r2/default/images/1775366615084-bb21eb70-7bec-497f-9c8c-86ffed7e411e.png,A760,S760
C761,B761,Direct Purchase,Plot,https://image2url.com/r2/default/images/1775366615084-bb21eb70-7bec-497f-9c8c-86ffed7e411e.png,A761,S761
C762,B762,Pre-Booking,Plot,https://image2url.com/r2/default/images/1775366615084-bb21eb70-7bec-497f-9c8c-86ffed7e411e.png,A762,S762
C763,B763,Loan Booking,Plot,https://image2url.com/r2/default/images/1775366615084-bb21eb70-7bec-497f-9c8c-86ffed7e411e.png,A763,S763
C764,B764,Resale,Plot,https://image2url.com/r2/default/images/1775366615084-bb21eb70-7bec-497f-9c8c-86ffed7e411e.png,A764,S764
C765,B765,Direct Purchase,Plot,https://image2url.com/r2/default/images/1775366615084-bb21eb70-7bec-497f-9c8c-86ffed7e411e.png,A765,S765
C766,B766,Pre-Booking,Plot,https://image2url.com/r2/default/images/1775366615084-bb21eb70-7bec-497f-9c8c-86ffed7e411e.png,A766,S766
C767,B767,Loan Booking,Plot,https://image2url.com/r2/default/images/1775366615084-bb21eb70-7bec-497f-9c8c-86ffed7e411e.png,A767,S767
C768,B768,Resale,Plot,https://image2url.com/r2/default/images/1775366615084-bb21eb70-7bec-497f-9c8c-86ffed7e411e.png,A768,S768
C769,B769,Direct Purchase,Plot,https://image2url.com/r2/default/images/1775366615084-bb21eb70-7bec-497f-9c8c-86ffed7e411e.png,A769,S769
C770,B770,Pre-Booking,Plot,https://image2url.com/r2/default/images/1775366615084-bb21eb70-7bec-497f-9c8c-86ffed7e411e.png,A770,S770
C771,B771,Loan Booking,Plot,https://image2url.com/r2/default/images/1775366615084-bb21eb70-7bec-497f-9c8c-86ffed7e411e.png,A771,S771
C772,B772,Resale,Plot,https://image2url.com/r2/default/images/1775366615084-bb21eb70-7bec-497f-9c8c-86ffed7e411e.png,A772,S772
C773,B773,Direct Purchase,Plot,https://image2url.com/r2/default/images/1775366615084-bb21eb70-7bec-497f-9c8c-86ffed7e411e.png,A773,S773
C774,B774,Pre-Booking,Plot,https://image2url.com/r2/default/images/1775366615084-bb21eb70-7bec-497f-9c8c-86ffed7e411e.png,A774,S774
C775,B775,Loan Booking,Plot,https://image2url.com/r2/default/images/1775366615084-bb21eb70-7bec-497f-9c8c-86ffed7e411e.png,A775,S775
C776,B776,Resale,Plot,https://image2url.com/r2/default/images/1775366615084-bb21eb70-7bec-497f-9c8c-86ffed7e411e.png,A776,S776
C777,B777,Direct Purchase,Plot,https://image2url.com/r2/default/images/1775366615084-bb21eb70-7bec-497f-9c8c-86ffed7e411e.png,A777,S777
C778,B778,Pre-Booking,Plot,https://image2url.com/r2/default/images/1775366615084-bb21eb70-7bec-497f-9c8c-86ffed7e411e.png,A778,S778
C779,B779,Loan Booking,Plot,https://image2url.com/r2/default/images/1775366615084-bb21eb70-7bec-497f-9c8c-86ffed7e411e.png,A779,S779
C780,B780,Resale,Plot,https://image2url.com/r2/default/images/1775366615084-bb21eb70-7bec-497f-9c8c-86ffed7e411e.png,A780,S780
C781,B781,Direct Purchase,Plot,https://image2url.com/r2/default/images/1775366615084-bb21eb70-7bec-497f-9c8c-86ffed7e411e.png,A781,S781
C782,B782,Pre-Booking,Plot,https://image2url.com/r2/default/images/1775366615084-bb21eb70-7bec-497f-9c8c-86ffed7e411e.png,A782,S782
C783,B783,Loan Booking,Plot,https://image2url.com/r2/default/images/1775366615084-bb21eb70-7bec-497f-9c8c-86ffed7e411e.png,A783,S783
C784,B784,Resale,Plot,https://image2url.com/r2/default/images/1775366615084-bb21eb70-7bec-497f-9c8c-86ffed7e411e.png,A784,S784
C785,B785,Direct Purchase,Plot,https://image2url.com/r2/default/images/1775366615084-bb21eb70-7bec-497f-9c8c-86ffed7e411e.png,A785,S785
C786,B786,Pre-Booking,Plot,https://image2url.com/r2/default/images/1775366615084-bb21eb70-7bec-497f-9c8c-86ffed7e411e.png,A786,S786
C787,B787,Loan Booking,Plot,https://image2url.com/r2/default/images/1775366615084-bb21eb70-7bec-497f-9c8c-86ffed7e411e.png,A787,S787
C788,B788,Resale,Plot,https://image2url.com/r2/default/images/1775366615084-bb21eb70-7bec-497f-9c8c-86ffed7e411e.png,A788,S788
C789,B789,Direct Purchase,Plot,https://image2url.com/r2/default/images/1775366615084-bb21eb70-7bec-497f-9c8c-86ffed7e411e.png,A789,S789
C790,B790,Pre-Booking,Plot,https://image2url.com/r2/default/images/1775366615084-bb21eb70-7bec-497f-9c8c-86ffed7e411e.png,A790,S790
C791,B791,Loan Booking,Plot,https://image2url.com/r2/default/images/1775366615084-bb21eb70-7bec-497f-9c8c-86ffed7e411e.png,A791,S791
C792,B792,Resale,Plot,https://image2url.com/r2/default/images/1775366615084-bb21eb70-7bec-497f-9c8c-86ffed7e411e.png,A792,S792
C793,B793,Direct Purchase,Plot,https://image2url.com/r2/default/images/1775366615084-bb21eb70-7bec-497f-9c8c-86ffed7e411e.png,A793,S793
C794,B794,Pre-Booking,Plot,https://image2url.com/r2/default/images/1775366615084-bb21eb70-7bec-497f-9c8c-86ffed7e411e.png,A794,S794
C795,B795,Loan Booking,Plot,https://image2url.com/r2/default/images/1775366615084-bb21eb70-7bec-497f-9c8c-86ffed7e411e.png,A795,S795
C796,B796,Resale,Plot,https://image2url.com/r2/default/images/1775366615084-bb21eb70-7bec-497f-9c8c-86ffed7e411e.png,A796,S796
C797,B797,Direct Purchase,Plot,https://image2url.com/r2/default/images/1775366615084-bb21eb70-7bec-497f-9c8c-86ffed7e411e.png,A797,S797
C798,B798,Pre-Booking,Plot,https://image2url.com/r2/default/images/1775366615084-bb21eb70-7bec-497f-9c8c-86ffed7e411e.png,A798,S798
C799,B799,Loan Booking,Plot,https://image2url.com/r2/default/images/1775366615084-bb21eb70-7bec-497f-9c8c-86ffed7e411e.png,A799,S799
C800,B800,Resale,Plot,https://image2url.com/r2/default/images/1775366615084-bb21eb70-7bec-497f-9c8c-86ffed7e411e.png,A800,S800
C801,B801,Direct Purchase,Plot,https://image2url.com/r2/default/images/1775366615084-bb21eb70-7bec-497f-9c8c-86ffed7e411e.png,A801,S801
C802,B802,Pre-Booking,Plot,https://image2url.com/r2/default/images/1775366615084-bb21eb70-7bec-497f-9c8c-86ffed7e411e.png,A802,S802
C803,B803,Loan Booking,Plot,https://image2url.com/r2/default/images/1775366615084-bb21eb70-7bec-497f-9c8c-86ffed7e411e.png,A803,S803
C804,B804,Resale,Plot,https://image2url.com/r2/default/images/1775366615084-bb21eb70-7bec-497f-9c8c-86ffed7e411e.png,A804,S804
C805,B805,Direct Purchase,Plot,https://image2url.com/r2/default/images/1775366615084-bb21eb70-7bec-497f-9c8c-86ffed7e411e.png,A805,S805
C806,B806,Pre-Booking,Plot,https://image2url.com/r2/default/images/1775366615084-bb21eb70-7bec-497f-9c8c-86ffed7e411e.png,A806,S806
C807,B807,Loan Booking,Plot,https://image2url.com/r2/default/images/1775366615084-bb21eb70-7bec-497f-9c8c-86ffed7e411e.png,A807,S807
C808,B808,Resale,Plot,https://image2url.com/r2/default/images/1775366615084-bb21eb70-7bec-497f-9c8c-86ffed7e411e.png,A808,S808
C809,B809,Direct Purchase,Plot,https://image2url.com/r2/default/images/1775366615084-bb21eb70-7bec-497f-9c8c-86ffed7e411e.png,A809,S809
C810,B810,Pre-Booking,Plot,https://image2url.com/r2/default/images/1775366615084-bb21eb70-7bec-497f-9c8c-86ffed7e411e.png,A810,S810
C811,B811,Loan Booking,Plot,https://image2url.com/r2/default/images/1775366615084-bb21eb70-7bec-497f-9c8c-86ffed7e411e.png,A811,S811
C812,B812,Resale,Plot,https://image2url.com/r2/default/images/1775366615084-bb21eb70-7bec-497f-9c8c-86ffed7e411e.png,A812,S812
C813,B813,Direct Purchase,Plot,https://image2url.com/r2/default/images/1775366615084-bb21eb70-7bec-497f-9c8c-86ffed7e411e.png,A813,S813
C814,B814,Pre-Booking,Plot,https://image2url.com/r2/default/images/1775366615084-bb21eb70-7bec-497f-9c8c-86ffed7e411e.png,A814,S814
C815,B815,Loan Booking,Plot,https://image2url.com/r2/default/images/1775366615084-bb21eb70-7bec-497f-9c8c-86ffed7e411e.png,A815,S815
C816,B816,Resale,Plot,https://image2url.com/r2/default/images/1775366615084-bb21eb70-7bec-497f-9c8c-86ffed7e411e.png,A816,S816
C817,B817,Direct Purchase,Plot,https://image2url.com/r2/default/images/1775366615084-bb21eb70-7bec-497f-9c8c-86ffed7e411e.png,A817,S817
C818,B818,Pre-Booking,Plot,https://image2url.com/r2/default/images/1775366615084-bb21eb70-7bec-497f-9c8c-86ffed7e411e.png,A818,S818
C819,B819,Loan Booking,Plot,https://image2url.com/r2/default/images/1775366615084-bb21eb70-7bec-497f-9c8c-86ffed7e411e.png,A819,S819
C820,B820,Resale,Plot,https://image2url.com/r2/default/images/1775366615084-bb21eb70-7bec-497f-9c8c-86ffed7e411e.png,A820,S820
C821,B821,Direct Purchase,Plot,https://image2url.com/r2/default/images/1775366615084-bb21eb70-7bec-497f-9c8c-86ffed7e411e.png,A821,S821
C822,B822,Pre-Booking,Plot,https://image2url.com/r2/default/images/1775366615084-bb21eb70-7bec-497f-9c8c-86ffed7e411e.png,A822,S822
C823,B823,Loan Booking,Plot,https://image2url.com/r2/default/images/1775366615084-bb21eb70-7bec-497f-9c8c-86ffed7e411e.png,A823,S823
C824,B824,Resale,Plot,https://image2url.com/r2/default/images/1775366615084-bb21eb70-7bec-497f-9c8c-86ffed7e411e.png,A824,S824
C825,B825,Direct Purchase,Plot,https://image2url.com/r2/default/images/1775366615084-bb21eb70-7bec-497f-9c8c-86ffed7e411e.png,A825,S825
C826,B826,Pre-Booking,Plot,https://image2url.com/r2/default/images/1775366615084-bb21eb70-7bec-497f-9c8c-86ffed7e411e.png,A826,S826
C827,B827,Loan Booking,Plot,https://image2url.com/r2/default/images/1775366615084-bb21eb70-7bec-497f-9c8c-86ffed7e411e.png,A827,S827
C828,B828,Resale,Plot,https://image2url.com/r2/default/images/1775366615084-bb21eb70-7bec-497f-9c8c-86ffed7e411e.png,A828,S828
C829,B829,Direct Purchase,Plot,https://image2url.com/r2/default/images/1775366615084-bb21eb70-7bec-497f-9c8c-86ffed7e411e.png,A829,S829
C830,B830,Pre-Booking,Plot,https://image2url.com/r2/default/images/1775366615084-bb21eb70-7bec-497f-9c8c-86ffed7e411e.png,A830,S830
C831,B831,Loan Booking,Plot,https://image2url.com/r2/default/images/1775366615084-bb21eb70-7bec-497f-9c8c-86ffed7e411e.png,A831,S831
C832,B832,Resale,Plot,https://image2url.com/r2/default/images/1775366615084-bb21eb70-7bec-497f-9c8c-86ffed7e411e.png,A832,S832
C833,B833,Direct Purchase,Plot,https://image2url.com/r2/default/images/1775366615084-bb21eb70-7bec-497f-9c8c-86ffed7e411e.png,A833,S833
C834,B834,Pre-Booking,Plot,https://image2url.com/r2/default/images/1775366615084-bb21eb70-7bec-497f-9c8c-86ffed7e411e.png,A834,S834
C835,B835,Loan Booking,Plot,https://image2url.com/r2/default/images/1775366615084-bb21eb70-7bec-497f-9c8c-86ffed7e411e.png,A835,S835
C836,B836,Resale,Plot,https://image2url.com/r2/default/images/1775366615084-bb21eb70-7bec-497f-9c8c-86ffed7e411e.png,A836,S836
C837,B837,Direct Purchase,Plot,https://image2url.com/r2/default/images/1775366615084-bb21eb70-7bec-497f-9c8c-86ffed7e411e.png,A837,S837
C838,B838,Pre-Booking,Plot,https://image2url.com/r2/default/images/1775366615084-bb21eb70-7bec-497f-9c8c-86ffed7e411e.png,A838,S838
C839,B839,Loan Booking,Plot,https://image2url.com/r2/default/images/1775366615084-bb21eb70-7bec-497f-9c8c-86ffed7e411e.png,A839,S839
C840,B840,Resale,Plot,https://image2url.com/r2/default/images/1775366615084-bb21eb70-7bec-497f-9c8c-86ffed7e411e.png,A840,S840
C841,B841,Direct Purchase,Plot,https://image2url.com/r2/default/images/1775366615084-bb21eb70-7bec-497f-9c8c-86ffed7e411e.png,A841,S841
C842,B842,Pre-Booking,Plot,https://image2url.com/r2/default/images/1775366615084-bb21eb70-7bec-497f-9c8c-86ffed7e411e.png,A842,S842
C843,B843,Loan Booking,Plot,https://image2url.com/r2/default/images/1775366615084-bb21eb70-7bec-497f-9c8c-86ffed7e411e.png,A843,S843
C844,B844,Resale,Plot,https://image2url.com/r2/default/images/1775366615084-bb21eb70-7bec-497f-9c8c-86ffed7e411e.png,A844,S844
C845,B845,Direct Purchase,Plot,https://image2url.com/r2/default/images/1775366615084-bb21eb70-7bec-497f-9c8c-86ffed7e411e.png,A845,S845
C846,B846,Pre-Booking,Plot,https://image2url.com/r2/default/images/1775366615084-bb21eb70-7bec-497f-9c8c-86ffed7e411e.png,A846,S846
C847,B847,Loan Booking,Plot,https://image2url.com/r2/default/images/1775366615084-bb21eb70-7bec-497f-9c8c-86ffed7e411e.png,A847,S847
C848,B848,Resale,Plot,https://image2url.com/r2/default/images/1775366615084-bb21eb70-7bec-497f-9c8c-86ffed7e411e.png,A848,S848
C849,B849,Direct Purchase,Plot,https://image2url.com/r2/default/images/1775366615084-bb21eb70-7bec-497f-9c8c-86ffed7e411e.png,A849,S849
C850,B850,Pre-Booking,Plot,https://image2url.com/r2/default/images/1775366615084-bb21eb70-7bec-497f-9c8c-86ffed7e411e.png,A850,S850
C851,B851,Loan Booking,Plot,https://image2url.com/r2/default/images/1775366615084-bb21eb70-7bec-497f-9c8c-86ffed7e411e.png,A851,S851
C852,B852,Resale,Plot,https://image2url.com/r2/default/images/1775366615084-bb21eb70-7bec-497f-9c8c-86ffed7e411e.png,A852,S852
C853,B853,Direct Purchase,Plot,https://image2url.com/r2/default/images/1775366615084-bb21eb70-7bec-497f-9c8c-86ffed7e411e.png,A853,S853
C854,B854,Pre-Booking,Plot,https://image2url.com/r2/default/images/1775366615084-bb21eb70-7bec-497f-9c8c-86ffed7e411e.png,A854,S854
C855,B855,Loan Booking,Plot,https://image2url.com/r2/default/images/1775366615084-bb21eb70-7bec-497f-9c8c-86ffed7e411e.png,A855,S855
C856,B856,Resale,Plot,https://image2url.com/r2/default/images/1775366615084-bb21eb70-7bec-497f-9c8c-86ffed7e411e.png,A856,S856
C857,B857,Direct Purchase,Plot,https://image2url.com/r2/default/images/1775366615084-bb21eb70-7bec-497f-9c8c-86ffed7e411e.png,A857,S857
C858,B858,Pre-Booking,Plot,https://image2url.com/r2/default/images/1775366615084-bb21eb70-7bec-497f-9c8c-86ffed7e411e.png,A858,S858
C859,B859,Loan Booking,Plot,https://image2url.com/r2/default/images/1775366615084-bb21eb70-7bec-497f-9c8c-86ffed7e411e.png,A859,S859
C860,B860,Resale,Plot,https://image2url.com/r2/default/images/1775366615084-bb21eb70-7bec-497f-9c8c-86ffed7e411e.png,A860,S860
C861,B861,Direct Purchase,Plot,https://image2url.com/r2/default/images/1775366615084-bb21eb70-7bec-497f-9c8c-86ffed7e411e.png,A861,S861
C862,B862,Pre-Booking,Plot,https://image2url.com/r2/default/images/1775366615084-bb21eb70-7bec-497f-9c8c-86ffed7e411e.png,A862,S862
C863,B863,Loan Booking,Plot,https://image2url.com/r2/default/images/1775366615084-bb21eb70-7bec-497f-9c8c-86ffed7e411e.png,A863,S863
C864,B864,Resale,Plot,https://image2url.com/r2/default/images/1775366615084-bb21eb70-7bec-497f-9c8c-86ffed7e411e.png,A864,S864
C865,B865,Direct Purchase,Plot,https://image2url.com/r2/default/images/1775366615084-bb21eb70-7bec-497f-9c8c-86ffed7e411e.png,A865,S865
C866,B866,Pre-Booking,Plot,https://image2url.com/r2/default/images/1775366615084-bb21eb70-7bec-497f-9c8c-86ffed7e411e.png,A866,S866
C867,B867,Loan Booking,Plot,https://image2url.com/r2/default/images/1775366615084-bb21eb70-7bec-497f-9c8c-86ffed7e411e.png,A867,S867
C868,B868,Resale,Plot,https://image2url.com/r2/default/images/1775366615084-bb21eb70-7bec-497f-9c8c-86ffed7e411e.png,A868,S868
C869,B869,Direct Purchase,Plot,https://image2url.com/r2/default/images/1775366615084-bb21eb70-7bec-497f-9c8c-86ffed7e411e.png,A869,S869
C870,B870,Pre-Booking,Plot,https://image2url.com/r2/default/images/1775366615084-bb21eb70-7bec-497f-9c8c-86ffed7e411e.png,A870,S870
C871,B871,Loan Booking,Plot,https://image2url.com/r2/default/images/1775366615084-bb21eb70-7bec-497f-9c8c-86ffed7e411e.png,A871,S871
C872,B872,Resale,Plot,https://image2url.com/r2/default/images/1775366615084-bb21eb70-7bec-497f-9c8c-86ffed7e411e.png,A872,S872
C873,B873,Direct Purchase,Plot,https://image2url.com/r2/default/images/1775366615084-bb21eb70-7bec-497f-9c8c-86ffed7e411e.png,A873,S873
C874,B874,Pre-Booking,Plot,https://image2url.com/r2/default/images/1775366615084-bb21eb70-7bec-497f-9c8c-86ffed7e411e.png,A874,S874
C875,B875,Loan Booking,Plot,https://image2url.com/r2/default/images/1775366615084-bb21eb70-7bec-497f-9c8c-86ffed7e411e.png,A875,S875
C876,B876,Resale,Plot,https://image2url.com/r2/default/images/1775366615084-bb21eb70-7bec-497f-9c8c-86ffed7e411e.png,A876,S876
C877,B877,Direct Purchase,Plot,https://image2url.com/r2/default/images/1775366615084-bb21eb70-7bec-497f-9c8c-86ffed7e411e.png,A877,S877
C878,B878,Pre-Booking,Plot,https://image2url.com/r2/default/images/1775366615084-bb21eb70-7bec-497f-9c8c-86ffed7e411e.png,A878,S878
C879,B879,Loan Booking,Plot,https://image2url.com/r2/default/images/1775366615084-bb21eb70-7bec-497f-9c8c-86ffed7e411e.png,A879,S879
C880,B880,Resale,Plot,https://image2url.com/r2/default/images/1775366615084-bb21eb70-7bec-497f-9c8c-86ffed7e411e.png,A880,S880
C881,B881,Direct Purchase,Plot,https://image2url.com/r2/default/images/1775366615084-bb21eb70-7bec-497f-9c8c-86ffed7e411e.png,A881,S881
C882,B882,Pre-Booking,Plot,https://image2url.com/r2/default/images/1775366615084-bb21eb70-7bec-497f-9c8c-86ffed7e411e.png,A882,S882
C883,B883,Loan Booking,Plot,https://image2url.com/r2/default/images/1775366615084-bb21eb70-7bec-497f-9c8c-86ffed7e411e.png,A883,S883
C884,B884,Resale,Plot,https://image2url.com/r2/default/images/1775366615084-bb21eb70-7bec-497f-9c8c-86ffed7e411e.png,A884,S884
C885,B885,Direct Purchase,Plot,https://image2url.com/r2/default/images/1775366615084-bb21eb70-7bec-497f-9c8c-86ffed7e411e.png,A885,S885
C886,B886,Pre-Booking,Plot,https://image2url.com/r2/default/images/1775366615084-bb21eb70-7bec-497f-9c8c-86ffed7e411e.png,A886,S886
C887,B887,Loan Booking,Plot,https://image2url.com/r2/default/images/1775366615084-bb21eb70-7bec-497f-9c8c-86ffed7e411e.png,A887,S887
C888,B888,Resale,Plot,https://image2url.com/r2/default/images/1775366615084-bb21eb70-7bec-497f-9c8c-86ffed7e411e.png,A888,S888
C889,B889,Direct Purchase,Plot,https://image2url.com/r2/default/images/1775366615084-bb21eb70-7bec-497f-9c8c-86ffed7e411e.png,A889,S889
C890,B890,Pre-Booking,Plot,https://image2url.com/r2/default/images/1775366615084-bb21eb70-7bec-497f-9c8c-86ffed7e411e.png,A890,S890
C891,B891,Loan Booking,Plot,https://image2url.com/r2/default/images/1775366615084-bb21eb70-7bec-497f-9c8c-86ffed7e411e.png,A891,S891
C892,B892,Resale,Plot,https://image2url.com/r2/default/images/1775366615084-bb21eb70-7bec-497f-9c8c-86ffed7e411e.png,A892,S892
C893,B893,Direct Purchase,Plot,https://image2url.com/r2/default/images/1775366615084-bb21eb70-7bec-497f-9c8c-86ffed7e411e.png,A893,S893
C894,B894,Pre-Booking,Plot,https://image2url.com/r2/default/images/1775366615084-bb21eb70-7bec-497f-9c8c-86ffed7e411e.png,A894,S894
C895,B895,Loan Booking,Plot,https://image2url.com/r2/default/images/1775366615084-bb21eb70-7bec-497f-9c8c-86ffed7e411e.png,A895,S895
C896,B896,Resale,Plot,https://image2url.com/r2/default/images/1775366615084-bb21eb70-7bec-497f-9c8c-86ffed7e411e.png,A896,S896
C897,B897,Direct Purchase,Plot,https://image2url.com/r2/default/images/1775366615084-bb21eb70-7bec-497f-9c8c-86ffed7e411e.png,A897,S897
C898,B898,Pre-Booking,Plot,https://image2url.com/r2/default/images/1775366615084-bb21eb70-7bec-497f-9c8c-86ffed7e411e.png,A898,S898
C899,B899,Loan Booking,Plot,https://image2url.com/r2/default/images/1775366615084-bb21eb70-7bec-497f-9c8c-86ffed7e411e.png,A899,S899
C900,B900,Resale,Plot,https://image2url.com/r2/default/images/1775366615084-bb21eb70-7bec-497f-9c8c-86ffed7e411e.png,A900,S900
C901,B901,Direct Purchase,Plot,https://image2url.com/r2/default/images/1775366615084-bb21eb70-7bec-497f-9c8c-86ffed7e411e.png,A901,S901
C902,B902,Pre-Booking,Plot,https://image2url.com/r2/default/images/1775366615084-bb21eb70-7bec-497f-9c8c-86ffed7e411e.png,A902,S902
C903,B903,Loan Booking,Plot,https://image2url.com/r2/default/images/1775366615084-bb21eb70-7bec-497f-9c8c-86ffed7e411e.png,A903,S903
C904,B904,Resale,Plot,https://image2url.com/r2/default/images/1775366615084-bb21eb70-7bec-497f-9c8c-86ffed7e411e.png,A904,S904
C905,B905,Direct Purchase,Plot,https://image2url.com/r2/default/images/1775366615084-bb21eb70-7bec-497f-9c8c-86ffed7e411e.png,A905,S905
C906,B906,Pre-Booking,Plot,https://image2url.com/r2/default/images/1775366615084-bb21eb70-7bec-497f-9c8c-86ffed7e411e.png,A906,S906
C907,B907,Loan Booking,Plot,https://image2url.com/r2/default/images/1775366615084-bb21eb70-7bec-497f-9c8c-86ffed7e411e.png,A907,S907
C908,B908,Resale,Plot,https://image2url.com/r2/default/images/1775366615084-bb21eb70-7bec-497f-9c8c-86ffed7e411e.png,A908,S908
C909,B909,Direct Purchase,Plot,https://image2url.com/r2/default/images/1775366615084-bb21eb70-7bec-497f-9c8c-86ffed7e411e.png,A909,S909
C910,B910,Pre-Booking,Plot,https://image2url.com/r2/default/images/1775366615084-bb21eb70-7bec-497f-9c8c-86ffed7e411e.png,A910,S910
C911,B911,Loan Booking,Plot,https://image2url.com/r2/default/images/1775366615084-bb21eb70-7bec-497f-9c8c-86ffed7e411e.png,A911,S911
C912,B912,Resale,Plot,https://image2url.com/r2/default/images/1775366615084-bb21eb70-7bec-497f-9c8c-86ffed7e411e.png,A912,S912
C913,B913,Direct Purchase,Plot,https://image2url.com/r2/default/images/1775366615084-bb21eb70-7bec-497f-9c8c-86ffed7e411e.png,A913,S913
C914,B914,Pre-Booking,Plot,https://image2url.com/r2/default/images/1775366615084-bb21eb70-7bec-497f-9c8c-86ffed7e411e.png,A914,S914
C915,B915,Loan Booking,Plot,https://image2url.com/r2/default/images/1775366615084-bb21eb70-7bec-497f-9c8c-86ffed7e411e.png,A915,S915
C916,B916,Resale,Plot,https://image2url.com/r2/default/images/1775366615084-bb21eb70-7bec-497f-9c8c-86ffed7e411e.png,A916,S916
C917,B917,Direct Purchase,Plot,https://image2url.com/r2/default/images/1775366615084-bb21eb70-7bec-497f-9c8c-86ffed7e411e.png,A917,S917
C918,B918,Pre-Booking,Plot,https://image2url.com/r2/default/images/1775366615084-bb21eb70-7bec-497f-9c8c-86ffed7e411e.png,A918,S918
C919,B919,Loan Booking,Plot,https://image2url.com/r2/default/images/1775366615084-bb21eb70-7bec-497f-9c8c-86ffed7e411e.png,A919,S919
C920,B920,Resale,Plot,https://image2url.com/r2/default/images/1775366615084-bb21eb70-7bec-497f-9c8c-86ffed7e411e.png,A920,S920
C921,B921,Direct Purchase,Plot,https://image2url.com/r2/default/images/1775366615084-bb21eb70-7bec-497f-9c8c-86ffed7e411e.png,A921,S921
C922,B922,Pre-Booking,Plot,https://image2url.com/r2/default/images/1775366615084-bb21eb70-7bec-497f-9c8c-86ffed7e411e.png,A922,S922
C923,B923,Loan Booking,Plot,https://image2url.com/r2/default/images/1775366615084-bb21eb70-7bec-497f-9c8c-86ffed7e411e.png,A923,S923
C924,B924,Resale,Plot,https://image2url.com/r2/default/images/1775366615084-bb21eb70-7bec-497f-9c8c-86ffed7e411e.png,A924,S924
C925,B925,Direct Purchase,Plot,https://image2url.com/r2/default/images/1775366615084-bb21eb70-7bec-497f-9c8c-86ffed7e411e.png,A925,S925
C926,B926,Pre-Booking,Plot,https://image2url.com/r2/default/images/1775366615084-bb21eb70-7bec-497f-9c8c-86ffed7e411e.png,A926,S926
C927,B927,Loan Booking,Plot,https://image2url.com/r2/default/images/1775366615084-bb21eb70-7bec-497f-9c8c-86ffed7e411e.png,A927,S927
C928,B928,Resale,Plot,https://image2url.com/r2/default/images/1775366615084-bb21eb70-7bec-497f-9c8c-86ffed7e411e.png,A928,S928
C929,B929,Direct Purchase,Plot,https://image2url.com/r2/default/images/1775366615084-bb21eb70-7bec-497f-9c8c-86ffed7e411e.png,A929,S929
C930,B930,Pre-Booking,Plot,https://image2url.com/r2/default/images/1775366615084-bb21eb70-7bec-497f-9c8c-86ffed7e411e.png,A930,S930
C931,B931,Loan Booking,Plot,https://image2url.com/r2/default/images/1775366615084-bb21eb70-7bec-497f-9c8c-86ffed7e411e.png,A931,S931
C932,B932,Resale,Plot,https://image2url.com/r2/default/images/1775366615084-bb21eb70-7bec-497f-9c8c-86ffed7e411e.png,A932,S932
C933,B933,Direct Purchase,Plot,https://image2url.com/r2/default/images/1775366615084-bb21eb70-7bec-497f-9c8c-86ffed7e411e.png,A933,S933
C934,B934,Pre-Booking,Plot,https://image2url.com/r2/default/images/1775366615084-bb21eb70-7bec-497f-9c8c-86ffed7e411e.png,A934,S934
C935,B935,Loan Booking,Plot,https://image2url.com/r2/default/images/1775366615084-bb21eb70-7bec-497f-9c8c-86ffed7e411e.png,A935,S935
C936,B936,Resale,Plot,https://image2url.com/r2/default/images/1775366615084-bb21eb70-7bec-497f-9c8c-86ffed7e411e.png,A936,S936
C937,B937,Direct Purchase,Plot,https://image2url.com/r2/default/images/1775366615084-bb21eb70-7bec-497f-9c8c-86ffed7e411e.png,A937,S937
C938,B938,Pre-Booking,Plot,https://image2url.com/r2/default/images/1775366615084-bb21eb70-7bec-497f-9c8c-86ffed7e411e.png,A938,S938
C939,B939,Loan Booking,Plot,https://image2url.com/r2/default/images/1775366615084-bb21eb70-7bec-497f-9c8c-86ffed7e411e.png,A939,S939
C940,B940,Resale,Plot,https://image2url.com/r2/default/images/1775366615084-bb21eb70-7bec-497f-9c8c-86ffed7e411e.png,A940,S940
C941,B941,Direct Purchase,Plot,https://image2url.com/r2/default/images/1775366615084-bb21eb70-7bec-497f-9c8c-86ffed7e411e.png,A941,S941
C942,B942,Pre-Booking,Plot,https://image2url.com/r2/default/images/1775366615084-bb21eb70-7bec-497f-9c8c-86ffed7e411e.png,A942,S942
C943,B943,Loan Booking,Plot,https://image2url.com/r2/default/images/1775366615084-bb21eb70-7bec-497f-9c8c-86ffed7e411e.png,A943,S943
C944,B944,Resale,Plot,https://image2url.com/r2/default/images/1775366615084-bb21eb70-7bec-497f-9c8c-86ffed7e411e.png,A944,S944
C945,B945,Direct Purchase,Plot,https://image2url.com/r2/default/images/1775366615084-bb21eb70-7bec-497f-9c8c-86ffed7e411e.png,A945,S945
C946,B946,Pre-Booking,Plot,https://image2url.com/r2/default/images/1775366615084-bb21eb70-7bec-497f-9c8c-86ffed7e411e.png,A946,S946
C947,B947,Loan Booking,Plot,https://image2url.com/r2/default/images/1775366615084-bb21eb70-7bec-497f-9c8c-86ffed7e411e.png,A947,S947
C948,B948,Resale,Plot,https://image2url.com/r2/default/images/1775366615084-bb21eb70-7bec-497f-9c8c-86ffed7e411e.png,A948,S948
C949,B949,Direct Purchase,Plot,https://image2url.com/r2/default/images/1775366615084-bb21eb70-7bec-497f-9c8c-86ffed7e411e.png,A949,S949
C950,B950,Pre-Booking,Plot,https://image2url.com/r2/default/images/1775366615084-bb21eb70-7bec-497f-9c8c-86ffed7e411e.png,A950,S950
C951,B951,Loan Booking,Plot,https://image2url.com/r2/default/images/1775366615084-bb21eb70-7bec-497f-9c8c-86ffed7e411e.png,A951,S951
C952,B952,Resale,Plot,https://image2url.com/r2/default/images/1775366615084-bb21eb70-7bec-497f-9c8c-86ffed7e411e.png,A952,S952
C953,B953,Direct Purchase,Plot,https://image2url.com/r2/default/images/1775366615084-bb21eb70-7bec-497f-9c8c-86ffed7e411e.png,A953,S953
C954,B954,Pre-Booking,Plot,https://image2url.com/r2/default/images/1775366615084-bb21eb70-7bec-497f-9c8c-86ffed7e411e.png,A954,S954
C955,B955,Loan Booking,Plot,https://image2url.com/r2/default/images/1775366615084-bb21eb70-7bec-497f-9c8c-86ffed7e411e.png,A955,S955
C956,B956,Resale,Plot,https://image2url.com/r2/default/images/1775366615084-bb21eb70-7bec-497f-9c8c-86ffed7e411e.png,A956,S956
C957,B957,Direct Purchase,Plot,https://image2url.com/r2/default/images/1775366615084-bb21eb70-7bec-497f-9c8c-86ffed7e411e.png,A957,S957
C958,B958,Pre-Booking,Plot,https://image2url.com/r2/default/images/1775366615084-bb21eb70-7bec-497f-9c8c-86ffed7e411e.png,A958,S958
C959,B959,Loan Booking,Plot,https://image2url.com/r2/default/images/1775366615084-bb21eb70-7bec-497f-9c8c-86ffed7e411e.png,A959,S959
C960,B960,Resale,Plot,https://image2url.com/r2/default/images/1775366615084-bb21eb70-7bec-497f-9c8c-86ffed7e411e.png,A960,S960
C961,B961,Direct Purchase,Plot,https://image2url.com/r2/default/images/1775366615084-bb21eb70-7bec-497f-9c8c-86ffed7e411e.png,A961,S961
C962,B962,Pre-Booking,Plot,https://image2url.com/r2/default/images/1775366615084-bb21eb70-7bec-497f-9c8c-86ffed7e411e.png,A962,S962
C963,B963,Loan Booking,Plot,https://image2url.com/r2/default/images/1775366615084-bb21eb70-7bec-497f-9c8c-86ffed7e411e.png,A963,S963
C964,B964,Resale,Plot,https://image2url.com/r2/default/images/1775366615084-bb21eb70-7bec-497f-9c8c-86ffed7e411e.png,A964,S964
C965,B965,Direct Purchase,Plot,https://image2url.com/r2/default/images/1775366615084-bb21eb70-7bec-497f-9c8c-86ffed7e411e.png,A965,S965
C966,B966,Pre-Booking,Plot,https://image2url.com/r2/default/images/1775366615084-bb21eb70-7bec-497f-9c8c-86ffed7e411e.png,A966,S966
C967,B967,Loan Booking,Plot,https://image2url.com/r2/default/images/1775366615084-bb21eb70-7bec-497f-9c8c-86ffed7e411e.png,A967,S967
C968,B968,Resale,Plot,https://image2url.com/r2/default/images/1775366615084-bb21eb70-7bec-497f-9c8c-86ffed7e411e.png,A968,S968
C969,B969,Direct Purchase,Plot,https://image2url.com/r2/default/images/1775366615084-bb21eb70-7bec-497f-9c8c-86ffed7e411e.png,A969,S969
C970,B970,Pre-Booking,Plot,https://image2url.com/r2/default/images/1775366615084-bb21eb70-7bec-497f-9c8c-86ffed7e411e.png,A970,S970
C971,B971,Loan Booking,Plot,https://image2url.com/r2/default/images/1775366615084-bb21eb70-7bec-497f-9c8c-86ffed7e411e.png,A971,S971
C972,B972,Resale,Plot,https://image2url.com/r2/default/images/1775366615084-bb21eb70-7bec-497f-9c8c-86ffed7e411e.png,A972,S972
C973,B973,Direct Purchase,Plot,https://image2url.com/r2/default/images/1775366615084-bb21eb70-7bec-497f-9c8c-86ffed7e411e.png,A973,S973
C974,B974,Pre-Booking,Plot,https://image2url.com/r2/default/images/1775366615084-bb21eb70-7bec-497f-9c8c-86ffed7e411e.png,A974,S974
C975,B975,Loan Booking,Plot,https://image2url.com/r2/default/images/1775366615084-bb21eb70-7bec-497f-9c8c-86ffed7e411e.png,A975,S975
C976,B976,Resale,Plot,https://image2url.com/r2/default/images/1775366615084-bb21eb70-7bec-497f-9c8c-86ffed7e411e.png,A976,S976
C977,B977,Direct Purchase,Plot,https://image2url.com/r2/default/images/1775366615084-bb21eb70-7bec-497f-9c8c-86ffed7e411e.png,A977,S977
C978,B978,Pre-Booking,Plot,https://image2url.com/r2/default/images/1775366615084-bb21eb70-7bec-497f-9c8c-86ffed7e411e.png,A978,S978
C979,B979,Loan Booking,Plot,https://image2url.com/r2/default/images/1775366615084-bb21eb70-7bec-497f-9c8c-86ffed7e411e.png,A979,S979
C980,B980,Resale,Plot,https://image2url.com/r2/default/images/1775366615084-bb21eb70-7bec-497f-9c8c-86ffed7e411e.png,A980,S980
C981,B981,Direct Purchase,Plot,https://image2url.com/r2/default/images/1775366615084-bb21eb70-7bec-497f-9c8c-86ffed7e411e.png,A981,S981
C982,B982,Pre-Booking,Plot,https://image2url.com/r2/default/images/1775366615084-bb21eb70-7bec-497f-9c8c-86ffed7e411e.png,A982,S982
C983,B983,Loan Booking,Plot,https://image2url.com/r2/default/images/1775366615084-bb21eb70-7bec-497f-9c8c-86ffed7e411e.png,A983,S983
C984,B984,Resale,Plot,https://image2url.com/r2/default/images/1775366615084-bb21eb70-7bec-497f-9c8c-86ffed7e411e.png,A984,S984
C985,B985,Direct Purchase,Plot,https://image2url.com/r2/default/images/1775366615084-bb21eb70-7bec-497f-9c8c-86ffed7e411e.png,A985,S985
C986,B986,Pre-Booking,Plot,https://image2url.com/r2/default/images/1775366615084-bb21eb70-7bec-497f-9c8c-86ffed7e411e.png,A986,S986
C987,B987,Loan Booking,Plot,https://image2url.com/r2/default/images/1775366615084-bb21eb70-7bec-497f-9c8c-86ffed7e411e.png,A987,S987
C988,B988,Resale,Plot,https://image2url.com/r2/default/images/1775366615084-bb21eb70-7bec-497f-9c8c-86ffed7e411e.png,A988,S988
C989,B989,Direct Purchase,Plot,https://image2url.com/r2/default/images/1775366615084-bb21eb70-7bec-497f-9c8c-86ffed7e411e.png,A989,S989
C990,B990,Pre-Booking,Plot,https://image2url.com/r2/default/images/1775366615084-bb21eb70-7bec-497f-9c8c-86ffed7e411e.png,A990,S990
C991,B991,Loan Booking,Plot,https://image2url.com/r2/default/images/1775366615084-bb21eb70-7bec-497f-9c8c-86ffed7e411e.png,A991,S991
C992,B992,Resale,Plot,https://image2url.com/r2/default/images/1775366615084-bb21eb70-7bec-497f-9c8c-86ffed7e411e.png,A992,S992
C993,B993,Direct Purchase,Plot,https://image2url.com/r2/default/images/1775366615084-bb21eb70-7bec-497f-9c8c-86ffed7e411e.png,A993,S993
C994,B994,Pre-Booking,Plot,https://image2url.com/r2/default/images/1775366615084-bb21eb70-7bec-497f-9c8c-86ffed7e411e.png,A994,S994
C995,B995,Loan Booking,Plot,https://image2url.com/r2/default/images/1775366615084-bb21eb70-7bec-497f-9c8c-86ffed7e411e.png,A995,S995
C996,B996,Resale,Plot,https://image2url.com/r2/default/images/1775366615084-bb21eb70-7bec-497f-9c8c-86ffed7e411e.png,A996,S996
C997,B997,Direct Purchase,Plot,https://image2url.com/r2/default/images/1775366615084-bb21eb70-7bec-497f-9c8c-86ffed7e411e.png,A997,S997
C998,B998,Pre-Booking,Plot,https://image2url.com/r2/default/images/1775366615084-bb21eb70-7bec-497f-9c8c-86ffed7e411e.png,A998,S998
C999,B999,Loan Booking,Plot,https://image2url.com/r2/default/images/1775366615084-bb21eb70-7bec-497f-9c8c-86ffed7e411e.png,A999,S999
C1000,B1000,Resale,Plot,https://image2url.com/r2/default/images/1775366615084-bb21eb70-7bec-497f-9c8c-86ffed7e411e.png,A1000,S1000
C1001,B1001,Direct Purchase,Plot,https://image2url.com/r2/default/images/1775366615084-bb21eb70-7bec-497f-9c8c-86ffed7e411e.png,A1001,S1001
C1002,B1002,Pre-Booking,Plot,https://image2url.com/r2/default/images/1775366615084-bb21eb70-7bec-497f-9c8c-86ffed7e411e.png,A1002,S1002
C1003,B1003,Loan Booking,Plot,https://image2url.com/r2/default/images/1775366615084-bb21eb70-7bec-497f-9c8c-86ffed7e411e.png,A1003,S1003
C1004,B1004,Resale,Plot,https://image2url.com/r2/default/images/1775366615084-bb21eb70-7bec-497f-9c8c-86ffed7e411e.png,A1004,S1004
C1005,B1005,Direct Purchase,Plot,https://image2url.com/r2/default/images/1775366615084-bb21eb70-7bec-497f-9c8c-86ffed7e411e.png,A1005,S1005
C1006,B1006,Pre-Booking,Plot,https://image2url.com/r2/default/images/1775366615084-bb21eb70-7bec-497f-9c8c-86ffed7e411e.png,A1006,S1006
C1007,B1007,Loan Booking,Plot,https://image2url.com/r2/default/images/1775366615084-bb21eb70-7bec-497f-9c8c-86ffed7e411e.png,A1007,S1007
C1008,B1008,Resale,Plot,https://image2url.com/r2/default/images/1775366615084-bb21eb70-7bec-497f-9c8c-86ffed7e411e.png,A1008,S1008
C1009,B1009,Direct Purchase,Plot,https://image2url.com/r2/default/images/1775366615084-bb21eb70-7bec-497f-9c8c-86ffed7e411e.png,A1009,S1009
C1010,B1010,Pre-Booking,Plot,https://image2url.com/r2/default/images/1775366615084-bb21eb70-7bec-497f-9c8c-86ffed7e411e.png,A1010,S1010
C1011,B1011,Loan Booking,Plot,https://image2url.com/r2/default/images/1775366615084-bb21eb70-7bec-497f-9c8c-86ffed7e411e.png,A1011,S1011
C1012,B1012,Resale,Plot,https://image2url.com/r2/default/images/1775366615084-bb21eb70-7bec-497f-9c8c-86ffed7e411e.png,A1012,S1012
C1013,B1013,Direct Purchase,Plot,https://image2url.com/r2/default/images/1775366615084-bb21eb70-7bec-497f-9c8c-86ffed7e411e.png,A1013,S1013
C1014,B1014,Pre-Booking,Plot,https://image2url.com/r2/default/images/1775366615084-bb21eb70-7bec-497f-9c8c-86ffed7e411e.png,A1014,S1014
C1015,B1015,Loan Booking,Plot,https://image2url.com/r2/default/images/1775366615084-bb21eb70-7bec-497f-9c8c-86ffed7e411e.png,A1015,S1015
C1016,B1016,Resale,Plot,https://image2url.com/r2/default/images/1775366615084-bb21eb70-7bec-497f-9c8c-86ffed7e411e.png,A1016,S1016
C1017,B1017,Direct Purchase,Plot,https://image2url.com/r2/default/images/1775366615084-bb21eb70-7bec-497f-9c8c-86ffed7e411e.png,A1017,S1017
C1018,B1018,Pre-Booking,Plot,https://image2url.com/r2/default/images/1775366615084-bb21eb70-7bec-497f-9c8c-86ffed7e411e.png,A1018,S1018
C1019,B1019,Loan Booking,Plot,https://image2url.com/r2/default/images/1775366615084-bb21eb70-7bec-497f-9c8c-86ffed7e411e.png,A1019,S1019
C1020,B1020,Resale,Plot,https://image2url.com/r2/default/images/1775366615084-bb21eb70-7bec-497f-9c8c-86ffed7e411e.png,A1020,S1020
C1021,B1021,Direct Purchase,Plot,https://image2url.com/r2/default/images/1775366615084-bb21eb70-7bec-497f-9c8c-86ffed7e411e.png,A1021,S1021
C1022,B1022,Pre-Booking,Plot,https://image2url.com/r2/default/images/1775366615084-bb21eb70-7bec-497f-9c8c-86ffed7e411e.png,A1022,S1022
C1023,B1023,Loan Booking,Plot,https://image2url.com/r2/default/images/1775366615084-bb21eb70-7bec-497f-9c8c-86ffed7e411e.png,A1023,S1023
C1024,B1024,Resale,Plot,https://image2url.com/r2/default/images/1775366615084-bb21eb70-7bec-497f-9c8c-86ffed7e411e.png,A1024,S1024
C1025,B1025,Direct Purchase,Plot,https://image2url.com/r2/default/images/1775366615084-bb21eb70-7bec-497f-9c8c-86ffed7e411e.png,A1025,S1025
C1026,B1026,Pre-Booking,Plot,https://image2url.com/r2/default/images/1775366615084-bb21eb70-7bec-497f-9c8c-86ffed7e411e.png,A1026,S1026
C1027,B1027,Loan Booking,Plot,https://image2url.com/r2/default/images/1775366615084-bb21eb70-7bec-497f-9c8c-86ffed7e411e.png,A1027,S1027
C1028,B1028,Resale,Plot,https://image2url.com/r2/default/images/1775366615084-bb21eb70-7bec-497f-9c8c-86ffed7e411e.png,A1028,S1028
C1029,B1029,Direct Purchase,Plot,https://image2url.com/r2/default/images/1775366615084-bb21eb70-7bec-497f-9c8c-86ffed7e411e.png,A1029,S1029
C1030,B1030,Pre-Booking,Plot,https://image2url.com/r2/default/images/1775366615084-bb21eb70-7bec-497f-9c8c-86ffed7e411e.png,A1030,S1030
C1031,B1031,Loan Booking,Plot,https://image2url.com/r2/default/images/1775366615084-bb21eb70-7bec-497f-9c8c-86ffed7e411e.png,A1031,S1031
C1032,B1032,Resale,Plot,https://image2url.com/r2/default/images/1775366615084-bb21eb70-7bec-497f-9c8c-86ffed7e411e.png,A1032,S1032
C1033,B1033,Direct Purchase,Plot,https://image2url.com/r2/default/images/1775366615084-bb21eb70-7bec-497f-9c8c-86ffed7e411e.png,A1033,S1033
C1034,B1034,Pre-Booking,Plot,https://image2url.com/r2/default/images/1775366615084-bb21eb70-7bec-497f-9c8c-86ffed7e411e.png,A1034,S1034
C1035,B1035,Loan Booking,Plot,https://image2url.com/r2/default/images/1775366615084-bb21eb70-7bec-497f-9c8c-86ffed7e411e.png,A1035,S1035
C1036,B1036,Resale,Plot,https://image2url.com/r2/default/images/1775366615084-bb21eb70-7bec-497f-9c8c-86ffed7e411e.png,A1036,S1036
C1037,B1037,Direct Purchase,Plot,https://image2url.com/r2/default/images/1775366615084-bb21eb70-7bec-497f-9c8c-86ffed7e411e.png,A1037,S1037
C1038,B1038,Pre-Booking,Plot,https://image2url.com/r2/default/images/1775366615084-bb21eb70-7bec-497f-9c8c-86ffed7e411e.png,A1038,S1038
C1039,B1039,Loan Booking,Plot,https://image2url.com/r2/default/images/1775366615084-bb21eb70-7bec-497f-9c8c-86ffed7e411e.png,A1039,S1039
C1040,B1040,Resale,Plot,https://image2url.com/r2/default/images/1775366615084-bb21eb70-7bec-497f-9c8c-86ffed7e411e.png,A1040,S1040
C1041,B1041,Direct Purchase,Plot,https://image2url.com/r2/default/images/1775366615084-bb21eb70-7bec-497f-9c8c-86ffed7e411e.png,A1041,S1041
C1042,B1042,Pre-Booking,Plot,https://image2url.com/r2/default/images/1775366615084-bb21eb70-7bec-497f-9c8c-86ffed7e411e.png,A1042,S1042
C1043,B1043,Loan Booking,Plot,https://image2url.com/r2/default/images/1775366615084-bb21eb70-7bec-497f-9c8c-86ffed7e411e.png,A1043,S1043
C1044,B1044,Resale,Plot,https://image2url.com/r2/default/images/1775366615084-bb21eb70-7bec-497f-9c8c-86ffed7e411e.png,A1044,S1044
C1045,B1045,Direct Purchase,Plot,https://image2url.com/r2/default/images/1775366615084-bb21eb70-7bec-497f-9c8c-86ffed7e411e.png,A1045,S1045
C1046,B1046,Pre-Booking,Plot,https://image2url.com/r2/default/images/1775366615084-bb21eb70-7bec-497f-9c8c-86ffed7e411e.png,A1046,S1046
C1047,B1047,Loan Booking,Plot,https://image2url.com/r2/default/images/1775366615084-bb21eb70-7bec-497f-9c8c-86ffed7e411e.png,A1047,S1047
C1048,B1048,Resale,Plot,https://image2url.com/r2/default/images/1775366615084-bb21eb70-7bec-497f-9c8c-86ffed7e411e.png,A1048,S1048
C1049,B1049,Direct Purchase,Plot,https://image2url.com/r2/default/images/1775366615084-bb21eb70-7bec-497f-9c8c-86ffed7e411e.png,A1049,S1049
C1050,B1050,Pre-Booking,Plot,https://image2url.com/r2/default/images/1775366615084-bb21eb70-7bec-497f-9c8c-86ffed7e411e.png,A1050,S1050
C1051,B1051,Loan Booking,Plot,https://image2url.com/r2/default/images/1775366615084-bb21eb70-7bec-497f-9c8c-86ffed7e411e.png,A1051,S1051
C1052,B1052,Resale,Plot,https://image2url.com/r2/default/images/1775366615084-bb21eb70-7bec-497f-9c8c-86ffed7e411e.png,A1052,S1052
C1053,B1053,Direct Purchase,Plot,https://image2url.com/r2/default/images/1775366615084-bb21eb70-7bec-497f-9c8c-86ffed7e411e.png,A1053,S1053
C1054,B1054,Pre-Booking,Plot,https://image2url.com/r2/default/images/1775366615084-bb21eb70-7bec-497f-9c8c-86ffed7e411e.png,A1054,S1054
C1055,B1055,Loan Booking,Plot,https://image2url.com/r2/default/images/1775366615084-bb21eb70-7bec-497f-9c8c-86ffed7e411e.png,A1055,S1055
C1056,B1056,Resale,Plot,https://image2url.com/r2/default/images/1775366615084-bb21eb70-7bec-497f-9c8c-86ffed7e411e.png,A1056,S1056
C1057,B1057,Direct Purchase,Plot,https://image2url.com/r2/default/images/1775366615084-bb21eb70-7bec-497f-9c8c-86ffed7e411e.png,A1057,S1057
C1058,B1058,Pre-Booking,Plot,https://image2url.com/r2/default/images/1775366615084-bb21eb70-7bec-497f-9c8c-86ffed7e411e.png,A1058,S1058
C1059,B1059,Loan Booking,Plot,https://image2url.com/r2/default/images/1775366615084-bb21eb70-7bec-497f-9c8c-86ffed7e411e.png,A1059,S1059
C1060,B1060,Resale,Plot,https://image2url.com/r2/default/images/1775366615084-bb21eb70-7bec-497f-9c8c-86ffed7e411e.png,A1060,S1060
C1061,B1061,Direct Purchase,Villa,https://image2url.com/r2/default/images/1775366894497-2d1627bd-ac8e-4a6c-a02f-998d681c0efe.png,A1061,S1061
C1062,B1062,Pre-Booking,Villa,https://image2url.com/r2/default/images/1775366894497-2d1627bd-ac8e-4a6c-a02f-998d681c0efe.png,A1062,S1062
C1063,B1063,Loan Booking,Villa,https://image2url.com/r2/default/images/1775366894497-2d1627bd-ac8e-4a6c-a02f-998d681c0efe.png,A1063,S1063
C1064,B1064,Resale,Villa,https://image2url.com/r2/default/images/1775366894497-2d1627bd-ac8e-4a6c-a02f-998d681c0efe.png,A1064,S1064
C1065,B1065,Direct Purchase,Villa,https://image2url.com/r2/default/images/1775366894497-2d1627bd-ac8e-4a6c-a02f-998d681c0efe.png,A1065,S1065
C1066,B1066,Pre-Booking,Villa,https://image2url.com/r2/default/images/1775366894497-2d1627bd-ac8e-4a6c-a02f-998d681c0efe.png,A1066,S1066
C1067,B1067,Loan Booking,Villa,https://image2url.com/r2/default/images/1775366894497-2d1627bd-ac8e-4a6c-a02f-998d681c0efe.png,A1067,S1067
C1068,B1068,Resale,Villa,https://image2url.com/r2/default/images/1775366894497-2d1627bd-ac8e-4a6c-a02f-998d681c0efe.png,A1068,S1068
C1069,B1069,Direct Purchase,Villa,https://image2url.com/r2/default/images/1775366894497-2d1627bd-ac8e-4a6c-a02f-998d681c0efe.png,A1069,S1069
C1070,B1070,Pre-Booking,Villa,https://image2url.com/r2/default/images/1775366894497-2d1627bd-ac8e-4a6c-a02f-998d681c0efe.png,A1070,S1070
C1071,B1071,Loan Booking,Villa,https://image2url.com/r2/default/images/1775366894497-2d1627bd-ac8e-4a6c-a02f-998d681c0efe.png,A1071,S1071
C1072,B1072,Resale,Villa,https://image2url.com/r2/default/images/1775366894497-2d1627bd-ac8e-4a6c-a02f-998d681c0efe.png,A1072,S1072
C1073,B1073,Direct Purchase,Villa,https://image2url.com/r2/default/images/1775366894497-2d1627bd-ac8e-4a6c-a02f-998d681c0efe.png,A1073,S1073
C1074,B1074,Pre-Booking,Villa,https://image2url.com/r2/default/images/1775366894497-2d1627bd-ac8e-4a6c-a02f-998d681c0efe.png,A1074,S1074
C1075,B1075,Loan Booking,Villa,https://image2url.com/r2/default/images/1775366894497-2d1627bd-ac8e-4a6c-a02f-998d681c0efe.png,A1075,S1075
C1076,B1076,Resale,Villa,https://image2url.com/r2/default/images/1775366894497-2d1627bd-ac8e-4a6c-a02f-998d681c0efe.png,A1076,S1076
C1077,B1077,Direct Purchase,Villa,https://image2url.com/r2/default/images/1775366894497-2d1627bd-ac8e-4a6c-a02f-998d681c0efe.png,A1077,S1077
C1078,B1078,Pre-Booking,Villa,https://image2url.com/r2/default/images/1775366894497-2d1627bd-ac8e-4a6c-a02f-998d681c0efe.png,A1078,S1078
C1079,B1079,Loan Booking,Villa,https://image2url.com/r2/default/images/1775366894497-2d1627bd-ac8e-4a6c-a02f-998d681c0efe.png,A1079,S1079
C1080,B1080,Resale,Villa,https://image2url.com/r2/default/images/1775366894497-2d1627bd-ac8e-4a6c-a02f-998d681c0efe.png,A1080,S1080
C1081,B1081,Direct Purchase,Villa,https://image2url.com/r2/default/images/1775366894497-2d1627bd-ac8e-4a6c-a02f-998d681c0efe.png,A1081,S1081
C1082,B1082,Pre-Booking,Villa,https://image2url.com/r2/default/images/1775366894497-2d1627bd-ac8e-4a6c-a02f-998d681c0efe.png,A1082,S1082
C1083,B1083,Loan Booking,Villa,https://image2url.com/r2/default/images/1775366894497-2d1627bd-ac8e-4a6c-a02f-998d681c0efe.png,A1083,S1083
C1084,B1084,Resale,Villa,https://image2url.com/r2/default/images/1775366894497-2d1627bd-ac8e-4a6c-a02f-998d681c0efe.png,A1084,S1084
C1085,B1085,Direct Purchase,Villa,https://image2url.com/r2/default/images/1775366894497-2d1627bd-ac8e-4a6c-a02f-998d681c0efe.png,A1085,S1085
C1086,B1086,Pre-Booking,Villa,https://image2url.com/r2/default/images/1775366894497-2d1627bd-ac8e-4a6c-a02f-998d681c0efe.png,A1086,S1086
C1087,B1087,Loan Booking,Villa,https://image2url.com/r2/default/images/1775366894497-2d1627bd-ac8e-4a6c-a02f-998d681c0efe.png,A1087,S1087
C1088,B1088,Resale,Villa,https://image2url.com/r2/default/images/1775366894497-2d1627bd-ac8e-4a6c-a02f-998d681c0efe.png,A1088,S1088
C1089,B1089,Direct Purchase,Villa,https://image2url.com/r2/default/images/1775366894497-2d1627bd-ac8e-4a6c-a02f-998d681c0efe.png,A1089,S1089
C1090,B1090,Pre-Booking,Villa,https://image2url.com/r2/default/images/1775366894497-2d1627bd-ac8e-4a6c-a02f-998d681c0efe.png,A1090,S1090
C1091,B1091,Loan Booking,Villa,https://image2url.com/r2/default/images/1775366894497-2d1627bd-ac8e-4a6c-a02f-998d681c0efe.png,A1091,S1091
C1092,B1092,Resale,Villa,https://image2url.com/r2/default/images/1775366894497-2d1627bd-ac8e-4a6c-a02f-998d681c0efe.png,A1092,S1092
C1093,B1093,Direct Purchase,Villa,https://image2url.com/r2/default/images/1775366894497-2d1627bd-ac8e-4a6c-a02f-998d681c0efe.png,A1093,S1093
C1094,B1094,Pre-Booking,Villa,https://image2url.com/r2/default/images/1775366894497-2d1627bd-ac8e-4a6c-a02f-998d681c0efe.png,A1094,S1094
C1095,B1095,Loan Booking,Villa,https://image2url.com/r2/default/images/1775366894497-2d1627bd-ac8e-4a6c-a02f-998d681c0efe.png,A1095,S1095
C1096,B1096,Resale,Villa,https://image2url.com/r2/default/images/1775366894497-2d1627bd-ac8e-4a6c-a02f-998d681c0efe.png,A1096,S1096
C1097,B1097,Direct Purchase,Villa,https://image2url.com/r2/default/images/1775366894497-2d1627bd-ac8e-4a6c-a02f-998d681c0efe.png,A1097,S1097
C1098,B1098,Pre-Booking,Villa,https://image2url.com/r2/default/images/1775366894497-2d1627bd-ac8e-4a6c-a02f-998d681c0efe.png,A1098,S1098
C1099,B1099,Loan Booking,Villa,https://image2url.com/r2/default/images/1775366894497-2d1627bd-ac8e-4a6c-a02f-998d681c0efe.png,A1099,S1099
C1100,B1100,Resale,Villa,https://image2url.com/r2/default/images/1775366894497-2d1627bd-ac8e-4a6c-a02f-998d681c0efe.png,A1100,S1100
C1101,B1101,Direct Purchase,Villa,https://image2url.com/r2/default/images/1775366894497-2d1627bd-ac8e-4a6c-a02f-998d681c0efe.png,A1101,S1101
C1102,B1102,Pre-Booking,Villa,https://image2url.com/r2/default/images/1775366894497-2d1627bd-ac8e-4a6c-a02f-998d681c0efe.png,A1102,S1102
C1103,B1103,Loan Booking,Villa,https://image2url.com/r2/default/images/1775366894497-2d1627bd-ac8e-4a6c-a02f-998d681c0efe.png,A1103,S1103
C1104,B1104,Resale,Villa,https://image2url.com/r2/default/images/1775366894497-2d1627bd-ac8e-4a6c-a02f-998d681c0efe.png,A1104,S1104
C1105,B1105,Direct Purchase,Villa,https://image2url.com/r2/default/images/1775366894497-2d1627bd-ac8e-4a6c-a02f-998d681c0efe.png,A1105,S1105
C1106,B1106,Pre-Booking,Villa,https://image2url.com/r2/default/images/1775366894497-2d1627bd-ac8e-4a6c-a02f-998d681c0efe.png,A1106,S1106
C1107,B1107,Loan Booking,Villa,https://image2url.com/r2/default/images/1775366894497-2d1627bd-ac8e-4a6c-a02f-998d681c0efe.png,A1107,S1107
C1108,B1108,Resale,Villa,https://image2url.com/r2/default/images/1775366894497-2d1627bd-ac8e-4a6c-a02f-998d681c0efe.png,A1108,S1108
C1109,B1109,Direct Purchase,Villa,https://image2url.com/r2/default/images/1775366894497-2d1627bd-ac8e-4a6c-a02f-998d681c0efe.png,A1109,S1109
C1110,B1110,Pre-Booking,Villa,https://image2url.com/r2/default/images/1775366894497-2d1627bd-ac8e-4a6c-a02f-998d681c0efe.png,A1110,S1110
C1111,B1111,Loan Booking,Villa,https://image2url.com/r2/default/images/1775366894497-2d1627bd-ac8e-4a6c-a02f-998d681c0efe.png,A1111,S1111
C1112,B1112,Resale,Villa,https://image2url.com/r2/default/images/1775366894497-2d1627bd-ac8e-4a6c-a02f-998d681c0efe.png,A1112,S1112
C1113,B1113,Direct Purchase,Villa,https://image2url.com/r2/default/images/1775366894497-2d1627bd-ac8e-4a6c-a02f-998d681c0efe.png,A1113,S1113
C1114,B1114,Pre-Booking,Villa,https://image2url.com/r2/default/images/1775366894497-2d1627bd-ac8e-4a6c-a02f-998d681c0efe.png,A1114,S1114
C1115,B1115,Loan Booking,Villa,https://image2url.com/r2/default/images/1775366894497-2d1627bd-ac8e-4a6c-a02f-998d681c0efe.png,A1115,S1115
C1116,B1116,Resale,Villa,https://image2url.com/r2/default/images/1775366894497-2d1627bd-ac8e-4a6c-a02f-998d681c0efe.png,A1116,S1116
C1117,B1117,Direct Purchase,Villa,https://image2url.com/r2/default/images/1775366894497-2d1627bd-ac8e-4a6c-a02f-998d681c0efe.png,A1117,S1117
C1118,B1118,Pre-Booking,Villa,https://image2url.com/r2/default/images/1775366894497-2d1627bd-ac8e-4a6c-a02f-998d681c0efe.png,A1118,S1118
C1119,B1119,Loan Booking,Villa,https://image2url.com/r2/default/images/1775366894497-2d1627bd-ac8e-4a6c-a02f-998d681c0efe.png,A1119,S1119
C1120,B1120,Resale,Villa,https://image2url.com/r2/default/images/1775366894497-2d1627bd-ac8e-4a6c-a02f-998d681c0efe.png,A1120,S1120
C1121,B1121,Direct Purchase,Villa,https://image2url.com/r2/default/images/1775366894497-2d1627bd-ac8e-4a6c-a02f-998d681c0efe.png,A1121,S1121
C1122,B1122,Pre-Booking,Villa,https://image2url.com/r2/default/images/1775366894497-2d1627bd-ac8e-4a6c-a02f-998d681c0efe.png,A1122,S1122
C1123,B1123,Loan Booking,Villa,https://image2url.com/r2/default/images/1775366894497-2d1627bd-ac8e-4a6c-a02f-998d681c0efe.png,A1123,S1123
C1124,B1124,Resale,Villa,https://image2url.com/r2/default/images/1775366894497-2d1627bd-ac8e-4a6c-a02f-998d681c0efe.png,A1124,S1124
C1125,B1125,Direct Purchase,Villa,https://image2url.com/r2/default/images/1775366894497-2d1627bd-ac8e-4a6c-a02f-998d681c0efe.png,A1125,S1125
C1126,B1126,Pre-Booking,Villa,https://image2url.com/r2/default/images/1775366894497-2d1627bd-ac8e-4a6c-a02f-998d681c0efe.png,A1126,S1126
C1127,B1127,Loan Booking,Villa,https://image2url.com/r2/default/images/1775366894497-2d1627bd-ac8e-4a6c-a02f-998d681c0efe.png,A1127,S1127
C1128,B1128,Resale,Villa,https://image2url.com/r2/default/images/1775366894497-2d1627bd-ac8e-4a6c-a02f-998d681c0efe.png,A1128,S1128
C1129,B1129,Direct Purchase,Villa,https://image2url.com/r2/default/images/1775366894497-2d1627bd-ac8e-4a6c-a02f-998d681c0efe.png,A1129,S1129
C1130,B1130,Pre-Booking,Villa,https://image2url.com/r2/default/images/1775366894497-2d1627bd-ac8e-4a6c-a02f-998d681c0efe.png,A1130,S1130
C1131,B1131,Loan Booking,Villa,https://image2url.com/r2/default/images/1775366894497-2d1627bd-ac8e-4a6c-a02f-998d681c0efe.png,A1131,S1131
C1132,B1132,Resale,Villa,https://image2url.com/r2/default/images/1775366894497-2d1627bd-ac8e-4a6c-a02f-998d681c0efe.png,A1132,S1132
C1133,B1133,Direct Purchase,Villa,https://image2url.com/r2/default/images/1775366894497-2d1627bd-ac8e-4a6c-a02f-998d681c0efe.png,A1133,S1133
C1134,B1134,Pre-Booking,Villa,https://image2url.com/r2/default/images/1775366894497-2d1627bd-ac8e-4a6c-a02f-998d681c0efe.png,A1134,S1134
C1135,B1135,Loan Booking,Villa,https://image2url.com/r2/default/images/1775366894497-2d1627bd-ac8e-4a6c-a02f-998d681c0efe.png,A1135,S1135
C1136,B1136,Resale,Villa,https://image2url.com/r2/default/images/1775366894497-2d1627bd-ac8e-4a6c-a02f-998d681c0efe.png,A1136,S1136
C1137,B1137,Direct Purchase,Villa,https://image2url.com/r2/default/images/1775366894497-2d1627bd-ac8e-4a6c-a02f-998d681c0efe.png,A1137,S1137
C1138,B1138,Pre-Booking,Villa,https://image2url.com/r2/default/images/1775366894497-2d1627bd-ac8e-4a6c-a02f-998d681c0efe.png,A1138,S1138
C1139,B1139,Loan Booking,Villa,https://image2url.com/r2/default/images/1775366894497-2d1627bd-ac8e-4a6c-a02f-998d681c0efe.png,A1139,S1139
C1140,B1140,Resale,Villa,https://image2url.com/r2/default/images/1775366894497-2d1627bd-ac8e-4a6c-a02f-998d681c0efe.png,A1140,S1140
C1141,B1141,Direct Purchase,Villa,https://image2url.com/r2/default/images/1775366894497-2d1627bd-ac8e-4a6c-a02f-998d681c0efe.png,A1141,S1141
C1142,B1142,Pre-Booking,Villa,https://image2url.com/r2/default/images/1775366894497-2d1627bd-ac8e-4a6c-a02f-998d681c0efe.png,A1142,S1142
C1143,B1143,Loan Booking,Villa,https://image2url.com/r2/default/images/1775366894497-2d1627bd-ac8e-4a6c-a02f-998d681c0efe.png,A1143,S1143
C1144,B1144,Resale,Villa,https://image2url.com/r2/default/images/1775366894497-2d1627bd-ac8e-4a6c-a02f-998d681c0efe.png,A1144,S1144
C1145,B1145,Direct Purchase,Villa,https://image2url.com/r2/default/images/1775366894497-2d1627bd-ac8e-4a6c-a02f-998d681c0efe.png,A1145,S1145
C1146,B1146,Pre-Booking,Villa,https://image2url.com/r2/default/images/1775366894497-2d1627bd-ac8e-4a6c-a02f-998d681c0efe.png,A1146,S1146
C1147,B1147,Loan Booking,Villa,https://image2url.com/r2/default/images/1775366894497-2d1627bd-ac8e-4a6c-a02f-998d681c0efe.png,A1147,S1147
C1148,B1148,Resale,Villa,https://image2url.com/r2/default/images/1775366894497-2d1627bd-ac8e-4a6c-a02f-998d681c0efe.png,A1148,S1148
C1149,B1149,Direct Purchase,Villa,https://image2url.com/r2/default/images/1775366894497-2d1627bd-ac8e-4a6c-a02f-998d681c0efe.png,A1149,S1149
C1150,B1150,Pre-Booking,Villa,https://image2url.com/r2/default/images/1775366894497-2d1627bd-ac8e-4a6c-a02f-998d681c0efe.png,A1150,S1150
C1151,B1151,Loan Booking,Villa,https://image2url.com/r2/default/images/1775366894497-2d1627bd-ac8e-4a6c-a02f-998d681c0efe.png,A1151,S1151
C1152,B1152,Resale,Villa,https://image2url.com/r2/default/images/1775366894497-2d1627bd-ac8e-4a6c-a02f-998d681c0efe.png,A1152,S1152
C1153,B1153,Direct Purchase,Villa,https://image2url.com/r2/default/images/1775366894497-2d1627bd-ac8e-4a6c-a02f-998d681c0efe.png,A1153,S1153
C1154,B1154,Pre-Booking,Villa,https://image2url.com/r2/default/images/1775366894497-2d1627bd-ac8e-4a6c-a02f-998d681c0efe.png,A1154,S1154
C1155,B1155,Loan Booking,Villa,https://image2url.com/r2/default/images/1775366894497-2d1627bd-ac8e-4a6c-a02f-998d681c0efe.png,A1155,S1155
C1156,B1156,Resale,Villa,https://image2url.com/r2/default/images/1775366894497-2d1627bd-ac8e-4a6c-a02f-998d681c0efe.png,A1156,S1156
C1157,B1157,Direct Purchase,Villa,https://image2url.com/r2/default/images/1775366894497-2d1627bd-ac8e-4a6c-a02f-998d681c0efe.png,A1157,S1157
C1158,B1158,Pre-Booking,Villa,https://image2url.com/r2/default/images/1775366894497-2d1627bd-ac8e-4a6c-a02f-998d681c0efe.png,A1158,S1158
C1159,B1159,Loan Booking,Villa,https://image2url.com/r2/default/images/1775366894497-2d1627bd-ac8e-4a6c-a02f-998d681c0efe.png,A1159,S1159
C1160,B1160,Resale,Villa,https://image2url.com/r2/default/images/1775366894497-2d1627bd-ac8e-4a6c-a02f-998d681c0efe.png,A1160,S1160
C1161,B1161,Direct Purchase,Villa,https://image2url.com/r2/default/images/1775366894497-2d1627bd-ac8e-4a6c-a02f-998d681c0efe.png,A1161,S1161
C1162,B1162,Pre-Booking,Villa,https://image2url.com/r2/default/images/1775366894497-2d1627bd-ac8e-4a6c-a02f-998d681c0efe.png,A1162,S1162
C1163,B1163,Loan Booking,Villa,https://image2url.com/r2/default/images/1775366894497-2d1627bd-ac8e-4a6c-a02f-998d681c0efe.png,A1163,S1163
C1164,B1164,Resale,Villa,https://image2url.com/r2/default/images/1775366894497-2d1627bd-ac8e-4a6c-a02f-998d681c0efe.png,A1164,S1164
C1165,B1165,Direct Purchase,Villa,https://image2url.com/r2/default/images/1775366894497-2d1627bd-ac8e-4a6c-a02f-998d681c0efe.png,A1165,S1165
C1166,B1166,Pre-Booking,Villa,https://image2url.com/r2/default/images/1775366894497-2d1627bd-ac8e-4a6c-a02f-998d681c0efe.png,A1166,S1166
C1167,B1167,Loan Booking,Villa,https://image2url.com/r2/default/images/1775366894497-2d1627bd-ac8e-4a6c-a02f-998d681c0efe.png,A1167,S1167
C1168,B1168,Resale,Villa,https://image2url.com/r2/default/images/1775366894497-2d1627bd-ac8e-4a6c-a02f-998d681c0efe.png,A1168,S1168
C1169,B1169,Direct Purchase,Villa,https://image2url.com/r2/default/images/1775366894497-2d1627bd-ac8e-4a6c-a02f-998d681c0efe.png,A1169,S1169
C1170,B1170,Pre-Booking,Villa,https://image2url.com/r2/default/images/1775366894497-2d1627bd-ac8e-4a6c-a02f-998d681c0efe.png,A1170,S1170
C1171,B1171,Loan Booking,Villa,https://image2url.com/r2/default/images/1775366894497-2d1627bd-ac8e-4a6c-a02f-998d681c0efe.png,A1171,S1171
C1172,B1172,Resale,Villa,https://image2url.com/r2/default/images/1775366894497-2d1627bd-ac8e-4a6c-a02f-998d681c0efe.png,A1172,S1172
C1173,B1173,Direct Purchase,Villa,https://image2url.com/r2/default/images/1775366894497-2d1627bd-ac8e-4a6c-a02f-998d681c0efe.png,A1173,S1173
C1174,B1174,Pre-Booking,Villa,https://image2url.com/r2/default/images/1775366894497-2d1627bd-ac8e-4a6c-a02f-998d681c0efe.png,A1174,S1174
C1175,B1175,Loan Booking,Villa,https://image2url.com/r2/default/images/1775366894497-2d1627bd-ac8e-4a6c-a02f-998d681c0efe.png,A1175,S1175
C1176,B1176,Resale,Villa,https://image2url.com/r2/default/images/1775366894497-2d1627bd-ac8e-4a6c-a02f-998d681c0efe.png,A1176,S1176
C1177,B1177,Direct Purchase,Villa,https://image2url.com/r2/default/images/1775366894497-2d1627bd-ac8e-4a6c-a02f-998d681c0efe.png,A1177,S1177
C1178,B1178,Pre-Booking,Villa,https://image2url.com/r2/default/images/1775366894497-2d1627bd-ac8e-4a6c-a02f-998d681c0efe.png,A1178,S1178
C1179,B1179,Loan Booking,Villa,https://image2url.com/r2/default/images/1775366894497-2d1627bd-ac8e-4a6c-a02f-998d681c0efe.png,A1179,S1179
C1180,B1180,Resale,Villa,https://image2url.com/r2/default/images/1775366894497-2d1627bd-ac8e-4a6c-a02f-998d681c0efe.png,A1180,S1180
C1181,B1181,Direct Purchase,Villa,https://image2url.com/r2/default/images/1775366894497-2d1627bd-ac8e-4a6c-a02f-998d681c0efe.png,A1181,S1181
C1182,B1182,Pre-Booking,Villa,https://image2url.com/r2/default/images/1775366894497-2d1627bd-ac8e-4a6c-a02f-998d681c0efe.png,A1182,S1182
C1183,B1183,Loan Booking,Villa,https://image2url.com/r2/default/images/1775366894497-2d1627bd-ac8e-4a6c-a02f-998d681c0efe.png,A1183,S1183
C1184,B1184,Resale,Villa,https://image2url.com/r2/default/images/1775366894497-2d1627bd-ac8e-4a6c-a02f-998d681c0efe.png,A1184,S1184
C1185,B1185,Direct Purchase,Villa,https://image2url.com/r2/default/images/1775366894497-2d1627bd-ac8e-4a6c-a02f-998d681c0efe.png,A1185,S1185
C1186,B1186,Pre-Booking,Villa,https://image2url.com/r2/default/images/1775366894497-2d1627bd-ac8e-4a6c-a02f-998d681c0efe.png,A1186,S1186
C1187,B1187,Loan Booking,Villa,https://image2url.com/r2/default/images/1775366894497-2d1627bd-ac8e-4a6c-a02f-998d681c0efe.png,A1187,S1187
C1188,B1188,Resale,Villa,https://image2url.com/r2/default/images/1775366894497-2d1627bd-ac8e-4a6c-a02f-998d681c0efe.png,A1188,S1188
C1189,B1189,Direct Purchase,Villa,https://image2url.com/r2/default/images/1775366894497-2d1627bd-ac8e-4a6c-a02f-998d681c0efe.png,A1189,S1189
C1190,B1190,Pre-Booking,Villa,https://image2url.com/r2/default/images/1775366894497-2d1627bd-ac8e-4a6c-a02f-998d681c0efe.png,A1190,S1190
C1191,B1191,Loan Booking,Villa,https://image2url.com/r2/default/images/1775366894497-2d1627bd-ac8e-4a6c-a02f-998d681c0efe.png,A1191,S1191
C1192,B1192,Resale,Villa,https://image2url.com/r2/default/images/1775366894497-2d1627bd-ac8e-4a6c-a02f-998d681c0efe.png,A1192,S1192
C1193,B1193,Direct Purchase,Villa,https://image2url.com/r2/default/images/1775366894497-2d1627bd-ac8e-4a6c-a02f-998d681c0efe.png,A1193,S1193
C1194,B1194,Pre-Booking,Villa,https://image2url.com/r2/default/images/1775366894497-2d1627bd-ac8e-4a6c-a02f-998d681c0efe.png,A1194,S1194
C1195,B1195,Loan Booking,Villa,https://image2url.com/r2/default/images/1775366894497-2d1627bd-ac8e-4a6c-a02f-998d681c0efe.png,A1195,S1195
C1196,B1196,Resale,Villa,https://image2url.com/r2/default/images/1775366894497-2d1627bd-ac8e-4a6c-a02f-998d681c0efe.png,A1196,S1196
C1197,B1197,Direct Purchase,Villa,https://image2url.com/r2/default/images/1775366894497-2d1627bd-ac8e-4a6c-a02f-998d681c0efe.png,A1197,S1197
C1198,B1198,Pre-Booking,Villa,https://image2url.com/r2/default/images/1775366894497-2d1627bd-ac8e-4a6c-a02f-998d681c0efe.png,A1198,S1198
C1199,B1199,Loan Booking,Villa,https://image2url.com/r2/default/images/1775366894497-2d1627bd-ac8e-4a6c-a02f-998d681c0efe.png,A1199,S1199
C1200,B1200,Resale,Villa,https://image2url.com/r2/default/images/1775366894497-2d1627bd-ac8e-4a6c-a02f-998d681c0efe.png,A1200,S1200
C1201,B1201,Direct Purchase,Villa,https://image2url.com/r2/default/images/1775366894497-2d1627bd-ac8e-4a6c-a02f-998d681c0efe.png,A1201,S1201
C1202,B1202,Pre-Booking,Villa,https://image2url.com/r2/default/images/1775366894497-2d1627bd-ac8e-4a6c-a02f-998d681c0efe.png,A1202,S1202
C1203,B1203,Loan Booking,Villa,https://image2url.com/r2/default/images/1775366894497-2d1627bd-ac8e-4a6c-a02f-998d681c0efe.png,A1203,S1203
C1204,B1204,Resale,Villa,https://image2url.com/r2/default/images/1775366894497-2d1627bd-ac8e-4a6c-a02f-998d681c0efe.png,A1204,S1204
C1205,B1205,Direct Purchase,Villa,https://image2url.com/r2/default/images/1775366894497-2d1627bd-ac8e-4a6c-a02f-998d681c0efe.png,A1205,S1205
C1206,B1206,Pre-Booking,Villa,https://image2url.com/r2/default/images/1775366894497-2d1627bd-ac8e-4a6c-a02f-998d681c0efe.png,A1206,S1206
C1207,B1207,Loan Booking,Villa,https://image2url.com/r2/default/images/1775366894497-2d1627bd-ac8e-4a6c-a02f-998d681c0efe.png,A1207,S1207
C1208,B1208,Resale,Villa,https://image2url.com/r2/default/images/1775366894497-2d1627bd-ac8e-4a6c-a02f-998d681c0efe.png,A1208,S1208
C1209,B1209,Direct Purchase,Villa,https://image2url.com/r2/default/images/1775366894497-2d1627bd-ac8e-4a6c-a02f-998d681c0efe.png,A1209,S1209
C1210,B1210,Pre-Booking,Villa,https://image2url.com/r2/default/images/1775366894497-2d1627bd-ac8e-4a6c-a02f-998d681c0efe.png,A1210,S1210
C1211,B1211,Loan Booking,Villa,https://image2url.com/r2/default/images/1775366894497-2d1627bd-ac8e-4a6c-a02f-998d681c0efe.png,A1211,S1211
C1212,B1212,Resale,Villa,https://image2url.com/r2/default/images/1775366894497-2d1627bd-ac8e-4a6c-a02f-998d681c0efe.png,A1212,S1212
C1213,B1213,Direct Purchase,Villa,https://image2url.com/r2/default/images/1775366894497-2d1627bd-ac8e-4a6c-a02f-998d681c0efe.png,A1213,S1213
C1214,B1214,Pre-Booking,Villa,https://image2url.com/r2/default/images/1775366894497-2d1627bd-ac8e-4a6c-a02f-998d681c0efe.png,A1214,S1214
C1215,B1215,Loan Booking,Villa,https://image2url.com/r2/default/images/1775366894497-2d1627bd-ac8e-4a6c-a02f-998d681c0efe.png,A1215,S1215
C1216,B1216,Resale,Villa,https://image2url.com/r2/default/images/1775366894497-2d1627bd-ac8e-4a6c-a02f-998d681c0efe.png,A1216,S1216
C1217,B1217,Direct Purchase,Villa,https://image2url.com/r2/default/images/1775366894497-2d1627bd-ac8e-4a6c-a02f-998d681c0efe.png,A1217,S1217
C1218,B1218,Pre-Booking,Villa,https://image2url.com/r2/default/images/1775366894497-2d1627bd-ac8e-4a6c-a02f-998d681c0efe.png,A1218,S1218
C1219,B1219,Loan Booking,Villa,https://image2url.com/r2/default/images/1775366894497-2d1627bd-ac8e-4a6c-a02f-998d681c0efe.png,A1219,S1219
C1220,B1220,Resale,Villa,https://image2url.com/r2/default/images/1775366894497-2d1627bd-ac8e-4a6c-a02f-998d681c0efe.png,A1220,S1220
C1221,B1221,Direct Purchase,Villa,https://image2url.com/r2/default/images/1775366894497-2d1627bd-ac8e-4a6c-a02f-998d681c0efe.png,A1221,S1221
C1222,B1222,Pre-Booking,Villa,https://image2url.com/r2/default/images/1775366894497-2d1627bd-ac8e-4a6c-a02f-998d681c0efe.png,A1222,S1222
C1223,B1223,Loan Booking,Villa,https://image2url.com/r2/default/images/1775366894497-2d1627bd-ac8e-4a6c-a02f-998d681c0efe.png,A1223,S1223
C1224,B1224,Resale,Villa,https://image2url.com/r2/default/images/1775366894497-2d1627bd-ac8e-4a6c-a02f-998d681c0efe.png,A1224,S1224
C1225,B1225,Direct Purchase,Villa,https://image2url.com/r2/default/images/1775366894497-2d1627bd-ac8e-4a6c-a02f-998d681c0efe.png,A1225,S1225
C1226,B1226,Pre-Booking,Villa,https://image2url.com/r2/default/images/1775366894497-2d1627bd-ac8e-4a6c-a02f-998d681c0efe.png,A1226,S1226
C1227,B1227,Loan Booking,Villa,https://image2url.com/r2/default/images/1775366894497-2d1627bd-ac8e-4a6c-a02f-998d681c0efe.png,A1227,S1227
C1228,B1228,Resale,Villa,https://image2url.com/r2/default/images/1775366894497-2d1627bd-ac8e-4a6c-a02f-998d681c0efe.png,A1228,S1228
C1229,B1229,Direct Purchase,Villa,https://image2url.com/r2/default/images/1775366894497-2d1627bd-ac8e-4a6c-a02f-998d681c0efe.png,A1229,S1229
C1230,B1230,Pre-Booking,Villa,https://image2url.com/r2/default/images/1775366894497-2d1627bd-ac8e-4a6c-a02f-998d681c0efe.png,A1230,S1230
C1231,B1231,Loan Booking,Villa,https://image2url.com/r2/default/images/1775366894497-2d1627bd-ac8e-4a6c-a02f-998d681c0efe.png,A1231,S1231
C1232,B1232,Resale,Villa,https://image2url.com/r2/default/images/1775366894497-2d1627bd-ac8e-4a6c-a02f-998d681c0efe.png,A1232,S1232
C1233,B1233,Direct Purchase,Villa,https://image2url.com/r2/default/images/1775366894497-2d1627bd-ac8e-4a6c-a02f-998d681c0efe.png,A1233,S1233
C1234,B1234,Pre-Booking,Villa,https://image2url.com/r2/default/images/1775366894497-2d1627bd-ac8e-4a6c-a02f-998d681c0efe.png,A1234,S1234
C1235,B1235,Loan Booking,Villa,https://image2url.com/r2/default/images/1775366894497-2d1627bd-ac8e-4a6c-a02f-998d681c0efe.png,A1235,S1235
C1236,B1236,Resale,Villa,https://image2url.com/r2/default/images/1775366894497-2d1627bd-ac8e-4a6c-a02f-998d681c0efe.png,A1236,S1236
C1237,B1237,Direct Purchase,Villa,https://image2url.com/r2/default/images/1775366894497-2d1627bd-ac8e-4a6c-a02f-998d681c0efe.png,A1237,S1237
C1238,B1238,Pre-Booking,Villa,https://image2url.com/r2/default/images/1775366894497-2d1627bd-ac8e-4a6c-a02f-998d681c0efe.png,A1238,S1238
C1239,B1239,Loan Booking,Villa,https://image2url.com/r2/default/images/1775366894497-2d1627bd-ac8e-4a6c-a02f-998d681c0efe.png,A1239,S1239
C1240,B1240,Resale,Villa,https://image2url.com/r2/default/images/1775366894497-2d1627bd-ac8e-4a6c-a02f-998d681c0efe.png,A1240,S1240
C1241,B1241,Direct Purchase,Villa,https://image2url.com/r2/default/images/1775366894497-2d1627bd-ac8e-4a6c-a02f-998d681c0efe.png,A1241,S1241
C1242,B1242,Pre-Booking,Villa,https://image2url.com/r2/default/images/1775366894497-2d1627bd-ac8e-4a6c-a02f-998d681c0efe.png,A1242,S1242
C1243,B1243,Loan Booking,Villa,https://image2url.com/r2/default/images/1775366894497-2d1627bd-ac8e-4a6c-a02f-998d681c0efe.png,A1243,S1243
C1244,B1244,Resale,Villa,https://image2url.com/r2/default/images/1775366894497-2d1627bd-ac8e-4a6c-a02f-998d681c0efe.png,A1244,S1244
C1245,B1245,Direct Purchase,Villa,https://image2url.com/r2/default/images/1775366894497-2d1627bd-ac8e-4a6c-a02f-998d681c0efe.png,A1245,S1245
C1246,B1246,Pre-Booking,Villa,https://image2url.com/r2/default/images/1775366894497-2d1627bd-ac8e-4a6c-a02f-998d681c0efe.png,A1246,S1246
C1247,B1247,Loan Booking,Villa,https://image2url.com/r2/default/images/1775366894497-2d1627bd-ac8e-4a6c-a02f-998d681c0efe.png,A1247,S1247
C1248,B1248,Resale,Villa,https://image2url.com/r2/default/images/1775366894497-2d1627bd-ac8e-4a6c-a02f-998d681c0efe.png,A1248,S1248
C1249,B1249,Direct Purchase,Villa,https://image2url.com/r2/default/images/1775366894497-2d1627bd-ac8e-4a6c-a02f-998d681c0efe.png,A1249,S1249
C1250,B1250,Pre-Booking,Villa,https://image2url.com/r2/default/images/1775366894497-2d1627bd-ac8e-4a6c-a02f-998d681c0efe.png,A1250,S1250
C1251,B1251,Loan Booking,Villa,https://image2url.com/r2/default/images/1775366894497-2d1627bd-ac8e-4a6c-a02f-998d681c0efe.png,A1251,S1251
C1252,B1252,Resale,Villa,https://image2url.com/r2/default/images/1775366894497-2d1627bd-ac8e-4a6c-a02f-998d681c0efe.png,A1252,S1252
C1253,B1253,Direct Purchase,Villa,https://image2url.com/r2/default/images/1775366894497-2d1627bd-ac8e-4a6c-a02f-998d681c0efe.png,A1253,S1253
C1254,B1254,Pre-Booking,Villa,https://image2url.com/r2/default/images/1775366894497-2d1627bd-ac8e-4a6c-a02f-998d681c0efe.png,A1254,S1254
C1255,B1255,Loan Booking,Villa,https://image2url.com/r2/default/images/1775366894497-2d1627bd-ac8e-4a6c-a02f-998d681c0efe.png,A1255,S1255
C1256,B1256,Resale,Villa,https://image2url.com/r2/default/images/1775366894497-2d1627bd-ac8e-4a6c-a02f-998d681c0efe.png,A1256,S1256
C1257,B1257,Direct Purchase,Villa,https://image2url.com/r2/default/images/1775366894497-2d1627bd-ac8e-4a6c-a02f-998d681c0efe.png,A1257,S1257
C1258,B1258,Pre-Booking,Villa,https://image2url.com/r2/default/images/1775366894497-2d1627bd-ac8e-4a6c-a02f-998d681c0efe.png,A1258,S1258
C1259,B1259,Loan Booking,Villa,https://image2url.com/r2/default/images/1775366894497-2d1627bd-ac8e-4a6c-a02f-998d681c0efe.png,A1259,S1259
C1260,B1260,Resale,Villa,https://image2url.com/r2/default/images/1775366894497-2d1627bd-ac8e-4a6c-a02f-998d681c0efe.png,A1260,S1260
C1261,B1261,Direct Purchase,Villa,https://image2url.com/r2/default/images/1775366894497-2d1627bd-ac8e-4a6c-a02f-998d681c0efe.png,A1261,S1261
C1262,B1262,Pre-Booking,Villa,https://image2url.com/r2/default/images/1775366894497-2d1627bd-ac8e-4a6c-a02f-998d681c0efe.png,A1262,S1262
C1263,B1263,Loan Booking,Villa,https://image2url.com/r2/default/images/1775366894497-2d1627bd-ac8e-4a6c-a02f-998d681c0efe.png,A1263,S1263
C1264,B1264,Resale,Villa,https://image2url.com/r2/default/images/1775366894497-2d1627bd-ac8e-4a6c-a02f-998d681c0efe.png,A1264,S1264
C1265,B1265,Direct Purchase,Villa,https://image2url.com/r2/default/images/1775366894497-2d1627bd-ac8e-4a6c-a02f-998d681c0efe.png,A1265,S1265
C1266,B1266,Pre-Booking,Villa,https://image2url.com/r2/default/images/1775366894497-2d1627bd-ac8e-4a6c-a02f-998d681c0efe.png,A1266,S1266
C1267,B1267,Loan Booking,Villa,https://image2url.com/r2/default/images/1775366894497-2d1627bd-ac8e-4a6c-a02f-998d681c0efe.png,A1267,S1267
C1268,B1268,Resale,Villa,https://image2url.com/r2/default/images/1775366894497-2d1627bd-ac8e-4a6c-a02f-998d681c0efe.png,A1268,S1268
C1269,B1269,Direct Purchase,Villa,https://image2url.com/r2/default/images/1775366894497-2d1627bd-ac8e-4a6c-a02f-998d681c0efe.png,A1269,S1269
C1270,B1270,Pre-Booking,Villa,https://image2url.com/r2/default/images/1775366894497-2d1627bd-ac8e-4a6c-a02f-998d681c0efe.png,A1270,S1270
C1271,B1271,Loan Booking,Villa,https://image2url.com/r2/default/images/1775366894497-2d1627bd-ac8e-4a6c-a02f-998d681c0efe.png,A1271,S1271
C1272,B1272,Resale,Villa,https://image2url.com/r2/default/images/1775366894497-2d1627bd-ac8e-4a6c-a02f-998d681c0efe.png,A1272,S1272
C1273,B1273,Direct Purchase,Villa,https://image2url.com/r2/default/images/1775366894497-2d1627bd-ac8e-4a6c-a02f-998d681c0efe.png,A1273,S1273
C1274,B1274,Pre-Booking,Villa,https://image2url.com/r2/default/images/1775366894497-2d1627bd-ac8e-4a6c-a02f-998d681c0efe.png,A1274,S1274
C1275,B1275,Loan Booking,Villa,https://image2url.com/r2/default/images/1775366894497-2d1627bd-ac8e-4a6c-a02f-998d681c0efe.png,A1275,S1275
C1276,B1276,Resale,Villa,https://image2url.com/r2/default/images/1775366894497-2d1627bd-ac8e-4a6c-a02f-998d681c0efe.png,A1276,S1276
C1277,B1277,Direct Purchase,Villa,https://image2url.com/r2/default/images/1775366894497-2d1627bd-ac8e-4a6c-a02f-998d681c0efe.png,A1277,S1277
C1278,B1278,Pre-Booking,Villa,https://image2url.com/r2/default/images/1775366894497-2d1627bd-ac8e-4a6c-a02f-998d681c0efe.png,A1278,S1278
C1279,B1279,Loan Booking,Villa,https://image2url.com/r2/default/images/1775366894497-2d1627bd-ac8e-4a6c-a02f-998d681c0efe.png,A1279,S1279
C1280,B1280,Resale,Villa,https://image2url.com/r2/default/images/1775366894497-2d1627bd-ac8e-4a6c-a02f-998d681c0efe.png,A1280,S1280
C1281,B1281,Direct Purchase,Villa,https://image2url.com/r2/default/images/1775366894497-2d1627bd-ac8e-4a6c-a02f-998d681c0efe.png,A1281,S1281
C1282,B1282,Pre-Booking,Villa,https://image2url.com/r2/default/images/1775366894497-2d1627bd-ac8e-4a6c-a02f-998d681c0efe.png,A1282,S1282
C1283,B1283,Loan Booking,Villa,https://image2url.com/r2/default/images/1775366894497-2d1627bd-ac8e-4a6c-a02f-998d681c0efe.png,A1283,S1283
C1284,B1284,Resale,Villa,https://image2url.com/r2/default/images/1775366894497-2d1627bd-ac8e-4a6c-a02f-998d681c0efe.png,A1284,S1284
C1285,B1285,Direct Purchase,Villa,https://image2url.com/r2/default/images/1775366894497-2d1627bd-ac8e-4a6c-a02f-998d681c0efe.png,A1285,S1285
C1286,B1286,Pre-Booking,Villa,https://image2url.com/r2/default/images/1775366894497-2d1627bd-ac8e-4a6c-a02f-998d681c0efe.png,A1286,S1286
C1287,B1287,Loan Booking,Villa,https://image2url.com/r2/default/images/1775366894497-2d1627bd-ac8e-4a6c-a02f-998d681c0efe.png,A1287,S1287
C1288,B1288,Resale,Villa,https://image2url.com/r2/default/images/1775366894497-2d1627bd-ac8e-4a6c-a02f-998d681c0efe.png,A1288,S1288
C1289,B1289,Direct Purchase,Villa,https://image2url.com/r2/default/images/1775366894497-2d1627bd-ac8e-4a6c-a02f-998d681c0efe.png,A1289,S1289
C1290,B1290,Pre-Booking,Villa,https://image2url.com/r2/default/images/1775366894497-2d1627bd-ac8e-4a6c-a02f-998d681c0efe.png,A1290,S1290
C1291,B1291,Loan Booking,Villa,https://image2url.com/r2/default/images/1775366894497-2d1627bd-ac8e-4a6c-a02f-998d681c0efe.png,A1291,S1291
C1292,B1292,Resale,Villa,https://image2url.com/r2/default/images/1775366894497-2d1627bd-ac8e-4a6c-a02f-998d681c0efe.png,A1292,S1292
C1293,B1293,Direct Purchase,Villa,https://image2url.com/r2/default/images/1775366894497-2d1627bd-ac8e-4a6c-a02f-998d681c0efe.png,A1293,S1293
C1294,B1294,Pre-Booking,Villa,https://image2url.com/r2/default/images/1775366894497-2d1627bd-ac8e-4a6c-a02f-998d681c0efe.png,A1294,S1294
C1295,B1295,Loan Booking,Villa,https://image2url.com/r2/default/images/1775366894497-2d1627bd-ac8e-4a6c-a02f-998d681c0efe.png,A1295,S1295
C1296,B1296,Resale,Villa,https://image2url.com/r2/default/images/1775366894497-2d1627bd-ac8e-4a6c-a02f-998d681c0efe.png,A1296,S1296
C1297,B1297,Direct Purchase,Villa,https://image2url.com/r2/default/images/1775366894497-2d1627bd-ac8e-4a6c-a02f-998d681c0efe.png,A1297,S1297
C1298,B1298,Pre-Booking,Villa,https://image2url.com/r2/default/images/1775366894497-2d1627bd-ac8e-4a6c-a02f-998d681c0efe.png,A1298,S1298
C1299,B1299,Loan Booking,Villa,https://image2url.com/r2/default/images/1775366894497-2d1627bd-ac8e-4a6c-a02f-998d681c0efe.png,A1299,S1299
C1300,B1300,Resale,Villa,https://image2url.com/r2/default/images/1775366894497-2d1627bd-ac8e-4a6c-a02f-998d681c0efe.png,A1300,S1300
C1301,B1301,Direct Purchase,Villa,https://image2url.com/r2/default/images/1775366894497-2d1627bd-ac8e-4a6c-a02f-998d681c0efe.png,A1301,S1301
C1302,B1302,Pre-Booking,Villa,https://image2url.com/r2/default/images/1775366894497-2d1627bd-ac8e-4a6c-a02f-998d681c0efe.png,A1302,S1302
C1303,B1303,Loan Booking,Villa,https://image2url.com/r2/default/images/1775366894497-2d1627bd-ac8e-4a6c-a02f-998d681c0efe.png,A1303,S1303
C1304,B1304,Resale,Villa,https://image2url.com/r2/default/images/1775366894497-2d1627bd-ac8e-4a6c-a02f-998d681c0efe.png,A1304,S1304
C1305,B1305,Direct Purchase,Villa,https://image2url.com/r2/default/images/1775366894497-2d1627bd-ac8e-4a6c-a02f-998d681c0efe.png,A1305,S1305
C1306,B1306,Pre-Booking,Villa,https://image2url.com/r2/default/images/1775366894497-2d1627bd-ac8e-4a6c-a02f-998d681c0efe.png,A1306,S1306
C1307,B1307,Loan Booking,Villa,https://image2url.com/r2/default/images/1775366894497-2d1627bd-ac8e-4a6c-a02f-998d681c0efe.png,A1307,S1307
C1308,B1308,Resale,Villa,https://image2url.com/r2/default/images/1775366894497-2d1627bd-ac8e-4a6c-a02f-998d681c0efe.png,A1308,S1308
C1309,B1309,Direct Purchase,Villa,https://image2url.com/r2/default/images/1775366894497-2d1627bd-ac8e-4a6c-a02f-998d681c0efe.png,A1309,S1309
C1310,B1310,Pre-Booking,Villa,https://image2url.com/r2/default/images/1775366894497-2d1627bd-ac8e-4a6c-a02f-998d681c0efe.png,A1310,S1310
C1311,B1311,Loan Booking,Villa,https://image2url.com/r2/default/images/1775366894497-2d1627bd-ac8e-4a6c-a02f-998d681c0efe.png,A1311,S1311
C1312,B1312,Resale,Villa,https://image2url.com/r2/default/images/1775366894497-2d1627bd-ac8e-4a6c-a02f-998d681c0efe.png,A1312,S1312
C1313,B1313,Direct Purchase,Villa,https://image2url.com/r2/default/images/1775366894497-2d1627bd-ac8e-4a6c-a02f-998d681c0efe.png,A1313,S1313
C1314,B1314,Pre-Booking,Villa,https://image2url.com/r2/default/images/1775366894497-2d1627bd-ac8e-4a6c-a02f-998d681c0efe.png,A1314,S1314
C1315,B1315,Loan Booking,Villa,https://image2url.com/r2/default/images/1775366894497-2d1627bd-ac8e-4a6c-a02f-998d681c0efe.png,A1315,S1315
C1316,B1316,Resale,Villa,https://image2url.com/r2/default/images/1775366894497-2d1627bd-ac8e-4a6c-a02f-998d681c0efe.png,A1316,S1316
C1317,B1317,Direct Purchase,Villa,https://image2url.com/r2/default/images/1775366894497-2d1627bd-ac8e-4a6c-a02f-998d681c0efe.png,A1317,S1317
C1318,B1318,Pre-Booking,Villa,https://image2url.com/r2/default/images/1775366894497-2d1627bd-ac8e-4a6c-a02f-998d681c0efe.png,A1318,S1318
C1319,B1319,Loan Booking,Villa,https://image2url.com/r2/default/images/1775366894497-2d1627bd-ac8e-4a6c-a02f-998d681c0efe.png,A1319,S1319
C1320,B1320,Resale,Villa,https://image2url.com/r2/default/images/1775366894497-2d1627bd-ac8e-4a6c-a02f-998d681c0efe.png,A1320,S1320
C1321,B1321,Direct Purchase,Villa,https://image2url.com/r2/default/images/1775366894497-2d1627bd-ac8e-4a6c-a02f-998d681c0efe.png,A1321,S1321
C1322,B1322,Pre-Booking,Villa,https://image2url.com/r2/default/images/1775366894497-2d1627bd-ac8e-4a6c-a02f-998d681c0efe.png,A1322,S1322
C1323,B1323,Loan Booking,Villa,https://image2url.com/r2/default/images/1775366894497-2d1627bd-ac8e-4a6c-a02f-998d681c0efe.png,A1323,S1323
C1324,B1324,Resale,Villa,https://image2url.com/r2/default/images/1775366894497-2d1627bd-ac8e-4a6c-a02f-998d681c0efe.png,A1324,S1324
C1325,B1325,Direct Purchase,Villa,https://image2url.com/r2/default/images/1775366894497-2d1627bd-ac8e-4a6c-a02f-998d681c0efe.png,A1325,S1325
C1326,B1326,Pre-Booking,Villa,https://image2url.com/r2/default/images/1775366894497-2d1627bd-ac8e-4a6c-a02f-998d681c0efe.png,A1326,S1326
C1327,B1327,Loan Booking,Villa,https://image2url.com/r2/default/images/1775366894497-2d1627bd-ac8e-4a6c-a02f-998d681c0efe.png,A1327,S1327
C1328,B1328,Resale,Villa,https://image2url.com/r2/default/images/1775366894497-2d1627bd-ac8e-4a6c-a02f-998d681c0efe.png,A1328,S1328
C1329,B1329,Direct Purchase,Villa,https://image2url.com/r2/default/images/1775366894497-2d1627bd-ac8e-4a6c-a02f-998d681c0efe.png,A1329,S1329
C1330,B1330,Pre-Booking,Villa,https://image2url.com/r2/default/images/1775366894497-2d1627bd-ac8e-4a6c-a02f-998d681c0efe.png,A1330,S1330
C1331,B1331,Loan Booking,Villa,https://image2url.com/r2/default/images/1775366894497-2d1627bd-ac8e-4a6c-a02f-998d681c0efe.png,A1331,S1331
C1332,B1332,Resale,Villa,https://image2url.com/r2/default/images/1775366894497-2d1627bd-ac8e-4a6c-a02f-998d681c0efe.png,A1332,S1332
C1333,B1333,Direct Purchase,Villa,https://image2url.com/r2/default/images/1775366894497-2d1627bd-ac8e-4a6c-a02f-998d681c0efe.png,A1333,S1333
C1334,B1334,Pre-Booking,Villa,https://image2url.com/r2/default/images/1775366894497-2d1627bd-ac8e-4a6c-a02f-998d681c0efe.png,A1334,S1334
C1335,B1335,Loan Booking,Villa,https://image2url.com/r2/default/images/1775366894497-2d1627bd-ac8e-4a6c-a02f-998d681c0efe.png,A1335,S1335
C1336,B1336,Resale,Villa,https://image2url.com/r2/default/images/1775366894497-2d1627bd-ac8e-4a6c-a02f-998d681c0efe.png,A1336,S1336
C1337,B1337,Direct Purchase,Villa,https://image2url.com/r2/default/images/1775366894497-2d1627bd-ac8e-4a6c-a02f-998d681c0efe.png,A1337,S1337
C1338,B1338,Pre-Booking,Villa,https://image2url.com/r2/default/images/1775366894497-2d1627bd-ac8e-4a6c-a02f-998d681c0efe.png,A1338,S1338
C1339,B1339,Loan Booking,Villa,https://image2url.com/r2/default/images/1775366894497-2d1627bd-ac8e-4a6c-a02f-998d681c0efe.png,A1339,S1339
C1340,B1340,Resale,Villa,https://image2url.com/r2/default/images/1775366894497-2d1627bd-ac8e-4a6c-a02f-998d681c0efe.png,A1340,S1340
C1341,B1341,Direct Purchase,Villa,https://image2url.com/r2/default/images/1775366894497-2d1627bd-ac8e-4a6c-a02f-998d681c0efe.png,A1341,S1341
C1342,B1342,Pre-Booking,Villa,https://image2url.com/r2/default/images/1775366894497-2d1627bd-ac8e-4a6c-a02f-998d681c0efe.png,A1342,S1342
C1343,B1343,Loan Booking,Villa,https://image2url.com/r2/default/images/1775366894497-2d1627bd-ac8e-4a6c-a02f-998d681c0efe.png,A1343,S1343
C1344,B1344,Resale,Villa,https://image2url.com/r2/default/images/1775366894497-2d1627bd-ac8e-4a6c-a02f-998d681c0efe.png,A1344,S1344
C1345,B1345,Direct Purchase,Villa,https://image2url.com/r2/default/images/1775366894497-2d1627bd-ac8e-4a6c-a02f-998d681c0efe.png,A1345,S1345
C1346,B1346,Pre-Booking,Villa,https://image2url.com/r2/default/images/1775366894497-2d1627bd-ac8e-4a6c-a02f-998d681c0efe.png,A1346,S1346
C1347,B1347,Loan Booking,Villa,https://image2url.com/r2/default/images/1775366894497-2d1627bd-ac8e-4a6c-a02f-998d681c0efe.png,A1347,S1347
C1348,B1348,Resale,Villa,https://image2url.com/r2/default/images/1775366894497-2d1627bd-ac8e-4a6c-a02f-998d681c0efe.png,A1348,S1348
C1349,B1349,Direct Purchase,Villa,https://image2url.com/r2/default/images/1775366894497-2d1627bd-ac8e-4a6c-a02f-998d681c0efe.png,A1349,S1349
C1350,B1350,Pre-Booking,Villa,https://image2url.com/r2/default/images/1775366894497-2d1627bd-ac8e-4a6c-a02f-998d681c0efe.png,A1350,S1350
C1351,B1351,Loan Booking,Villa,https://image2url.com/r2/default/images/1775366894497-2d1627bd-ac8e-4a6c-a02f-998d681c0efe.png,A1351,S1351
C1352,B1352,Resale,Villa,https://image2url.com/r2/default/images/1775366894497-2d1627bd-ac8e-4a6c-a02f-998d681c0efe.png,A1352,S1352
C1353,B1353,Direct Purchase,Villa,https://image2url.com/r2/default/images/1775366894497-2d1627bd-ac8e-4a6c-a02f-998d681c0efe.png,A1353,S1353
C1354,B1354,Pre-Booking,Villa,https://image2url.com/r2/default/images/1775366894497-2d1627bd-ac8e-4a6c-a02f-998d681c0efe.png,A1354,S1354
C1355,B1355,Loan Booking,Villa,https://image2url.com/r2/default/images/1775366894497-2d1627bd-ac8e-4a6c-a02f-998d681c0efe.png,A1355,S1355
C1356,B1356,Resale,Villa,https://image2url.com/r2/default/images/1775366894497-2d1627bd-ac8e-4a6c-a02f-998d681c0efe.png,A1356,S1356
C1357,B1357,Direct Purchase,Villa,https://image2url.com/r2/default/images/1775366894497-2d1627bd-ac8e-4a6c-a02f-998d681c0efe.png,A1357,S1357
C1358,B1358,Pre-Booking,Villa,https://image2url.com/r2/default/images/1775366894497-2d1627bd-ac8e-4a6c-a02f-998d681c0efe.png,A1358,S1358
C1359,B1359,Loan Booking,Villa,https://image2url.com/r2/default/images/1775366894497-2d1627bd-ac8e-4a6c-a02f-998d681c0efe.png,A1359,S1359
C1360,B1360,Resale,Villa,https://image2url.com/r2/default/images/1775366894497-2d1627bd-ac8e-4a6c-a02f-998d681c0efe.png,A1360,S1360
C1361,B1361,Direct Purchase,Villa,https://image2url.com/r2/default/images/1775366894497-2d1627bd-ac8e-4a6c-a02f-998d681c0efe.png,A1361,S1361
C1362,B1362,Pre-Booking,Villa,https://image2url.com/r2/default/images/1775366894497-2d1627bd-ac8e-4a6c-a02f-998d681c0efe.png,A1362,S1362
C1363,B1363,Loan Booking,Villa,https://image2url.com/r2/default/images/1775366894497-2d1627bd-ac8e-4a6c-a02f-998d681c0efe.png,A1363,S1363
C1364,B1364,Resale,Villa,https://image2url.com/r2/default/images/1775366894497-2d1627bd-ac8e-4a6c-a02f-998d681c0efe.png,A1364,S1364
C1365,B1365,Direct Purchase,Villa,https://image2url.com/r2/default/images/1775366894497-2d1627bd-ac8e-4a6c-a02f-998d681c0efe.png,A1365,S1365
C1366,B1366,Pre-Booking,Villa,https://image2url.com/r2/default/images/1775366894497-2d1627bd-ac8e-4a6c-a02f-998d681c0efe.png,A1366,S1366
C1367,B1367,Loan Booking,Villa,https://image2url.com/r2/default/images/1775366894497-2d1627bd-ac8e-4a6c-a02f-998d681c0efe.png,A1367,S1367
C1368,B1368,Resale,Villa,https://image2url.com/r2/default/images/1775366894497-2d1627bd-ac8e-4a6c-a02f-998d681c0efe.png,A1368,S1368
C1369,B1369,Direct Purchase,Villa,https://image2url.com/r2/default/images/1775366894497-2d1627bd-ac8e-4a6c-a02f-998d681c0efe.png,A1369,S1369
C1370,B1370,Pre-Booking,Villa,https://image2url.com/r2/default/images/1775366894497-2d1627bd-ac8e-4a6c-a02f-998d681c0efe.png,A1370,S1370
C1371,B1371,Loan Booking,Villa,https://image2url.com/r2/default/images/1775366894497-2d1627bd-ac8e-4a6c-a02f-998d681c0efe.png,A1371,S1371
C1372,B1372,Resale,Villa,https://image2url.com/r2/default/images/1775366894497-2d1627bd-ac8e-4a6c-a02f-998d681c0efe.png,A1372,S1372
C1373,B1373,Direct Purchase,Villa,https://image2url.com/r2/default/images/1775366894497-2d1627bd-ac8e-4a6c-a02f-998d681c0efe.png,A1373,S1373
C1374,B1374,Pre-Booking,Villa,https://image2url.com/r2/default/images/1775366894497-2d1627bd-ac8e-4a6c-a02f-998d681c0efe.png,A1374,S1374
C1375,B1375,Loan Booking,Villa,https://image2url.com/r2/default/images/1775366894497-2d1627bd-ac8e-4a6c-a02f-998d681c0efe.png,A1375,S1375
C1376,B1376,Resale,Villa,https://image2url.com/r2/default/images/1775366894497-2d1627bd-ac8e-4a6c-a02f-998d681c0efe.png,A1376,S1376
C1377,B1377,Direct Purchase,Villa,https://image2url.com/r2/default/images/1775366894497-2d1627bd-ac8e-4a6c-a02f-998d681c0efe.png,A1377,S1377
C1378,B1378,Pre-Booking,Villa,https://image2url.com/r2/default/images/1775366894497-2d1627bd-ac8e-4a6c-a02f-998d681c0efe.png,A1378,S1378
C1379,B1379,Loan Booking,Villa,https://image2url.com/r2/default/images/1775366894497-2d1627bd-ac8e-4a6c-a02f-998d681c0efe.png,A1379,S1379
C1380,B1380,Resale,Villa,https://image2url.com/r2/default/images/1775366894497-2d1627bd-ac8e-4a6c-a02f-998d681c0efe.png,A1380,S1380
C1381,B1381,Direct Purchase,Plot,https://image2url.com/r2/default/images/1775366615084-bb21eb70-7bec-497f-9c8c-86ffed7e411e.png,A1381,S1381
C1382,B1382,Pre-Booking,Plot,https://image2url.com/r2/default/images/1775366615084-bb21eb70-7bec-497f-9c8c-86ffed7e411e.png,A1382,S1382
C1383,B1383,Loan Booking,Plot,https://image2url.com/r2/default/images/1775366615084-bb21eb70-7bec-497f-9c8c-86ffed7e411e.png,A1383,S1383
C1384,B1384,Resale,Plot,https://image2url.com/r2/default/images/1775366615084-bb21eb70-7bec-497f-9c8c-86ffed7e411e.png,A1384,S1384
C1385,B1385,Direct Purchase,Plot,https://image2url.com/r2/default/images/1775366615084-bb21eb70-7bec-497f-9c8c-86ffed7e411e.png,A1385,S1385
C1386,B1386,Pre-Booking,Plot,https://image2url.com/r2/default/images/1775366615084-bb21eb70-7bec-497f-9c8c-86ffed7e411e.png,A1386,S1386
C1387,B1387,Loan Booking,Plot,https://image2url.com/r2/default/images/1775366615084-bb21eb70-7bec-497f-9c8c-86ffed7e411e.png,A1387,S1387
C1388,B1388,Resale,Plot,https://image2url.com/r2/default/images/1775366615084-bb21eb70-7bec-497f-9c8c-86ffed7e411e.png,A1388,S1388
C1389,B1389,Direct Purchase,Plot,https://image2url.com/r2/default/images/1775366615084-bb21eb70-7bec-497f-9c8c-86ffed7e411e.png,A1389,S1389
C1390,B1390,Pre-Booking,Plot,https://image2url.com/r2/default/images/1775366615084-bb21eb70-7bec-497f-9c8c-86ffed7e411e.png,A1390,S1390
C1391,B1391,Loan Booking,Plot,https://image2url.com/r2/default/images/1775366615084-bb21eb70-7bec-497f-9c8c-86ffed7e411e.png,A1391,S1391
C1392,B1392,Resale,Plot,https://image2url.com/r2/default/images/1775366615084-bb21eb70-7bec-497f-9c8c-86ffed7e411e.png,A1392,S1392
C1393,B1393,Direct Purchase,Plot,https://image2url.com/r2/default/images/1775366615084-bb21eb70-7bec-497f-9c8c-86ffed7e411e.png,A1393,S1393
C1394,B1394,Pre-Booking,Plot,https://image2url.com/r2/default/images/1775366615084-bb21eb70-7bec-497f-9c8c-86ffed7e411e.png,A1394,S1394
C1395,B1395,Loan Booking,Plot,https://image2url.com/r2/default/images/1775366615084-bb21eb70-7bec-497f-9c8c-86ffed7e411e.png,A1395,S1395
C1396,B1396,Resale,Plot,https://image2url.com/r2/default/images/1775366615084-bb21eb70-7bec-497f-9c8c-86ffed7e411e.png,A1396,S1396
C1397,B1397,Direct Purchase,Plot,https://image2url.com/r2/default/images/1775366615084-bb21eb70-7bec-497f-9c8c-86ffed7e411e.png,A1397,S1397
C1398,B1398,Pre-Booking,Plot,https://image2url.com/r2/default/images/1775366615084-bb21eb70-7bec-497f-9c8c-86ffed7e411e.png,A1398,S1398
C1399,B1399,Loan Booking,Plot,https://image2url.com/r2/default/images/1775366615084-bb21eb70-7bec-497f-9c8c-86ffed7e411e.png,A1399,S1399
C1400,B1400,Resale,Plot,https://image2url.com/r2/default/images/1775366615084-bb21eb70-7bec-497f-9c8c-86ffed7e411e.png,A1400,S1400
C1401,B1401,Direct Purchase,Plot,https://image2url.com/r2/default/images/1775366615084-bb21eb70-7bec-497f-9c8c-86ffed7e411e.png,A1401,S1401
C1402,B1402,Pre-Booking,Plot,https://image2url.com/r2/default/images/1775366615084-bb21eb70-7bec-497f-9c8c-86ffed7e411e.png,A1402,S1402
C1403,B1403,Loan Booking,Plot,https://image2url.com/r2/default/images/1775366615084-bb21eb70-7bec-497f-9c8c-86ffed7e411e.png,A1403,S1403
C1404,B1404,Resale,Plot,https://image2url.com/r2/default/images/1775366615084-bb21eb70-7bec-497f-9c8c-86ffed7e411e.png,A1404,S1404
C1405,B1405,Direct Purchase,Plot,https://image2url.com/r2/default/images/1775366615084-bb21eb70-7bec-497f-9c8c-86ffed7e411e.png,A1405,S1405
C1406,B1406,Pre-Booking,Plot,https://image2url.com/r2/default/images/1775366615084-bb21eb70-7bec-497f-9c8c-86ffed7e411e.png,A1406,S1406
C1407,B1407,Loan Booking,Plot,https://image2url.com/r2/default/images/1775366615084-bb21eb70-7bec-497f-9c8c-86ffed7e411e.png,A1407,S1407
C1408,B1408,Resale,Plot,https://image2url.com/r2/default/images/1775366615084-bb21eb70-7bec-497f-9c8c-86ffed7e411e.png,A1408,S1408
C1409,B1409,Direct Purchase,Plot,https://image2url.com/r2/default/images/1775366615084-bb21eb70-7bec-497f-9c8c-86ffed7e411e.png,A1409,S1409
C1410,B1410,Pre-Booking,Plot,https://image2url.com/r2/default/images/1775366615084-bb21eb70-7bec-497f-9c8c-86ffed7e411e.png,A1410,S1410
C1411,B1411,Loan Booking,Plot,https://image2url.com/r2/default/images/1775366615084-bb21eb70-7bec-497f-9c8c-86ffed7e411e.png,A1411,S1411
C1412,B1412,Resale,Plot,https://image2url.com/r2/default/images/1775366615084-bb21eb70-7bec-497f-9c8c-86ffed7e411e.png,A1412,S1412
C1413,B1413,Direct Purchase,Plot,https://image2url.com/r2/default/images/1775366615084-bb21eb70-7bec-497f-9c8c-86ffed7e411e.png,A1413,S1413
C1414,B1414,Pre-Booking,Plot,https://image2url.com/r2/default/images/1775366615084-bb21eb70-7bec-497f-9c8c-86ffed7e411e.png,A1414,S1414
C1415,B1415,Loan Booking,Plot,https://image2url.com/r2/default/images/1775366615084-bb21eb70-7bec-497f-9c8c-86ffed7e411e.png,A1415,S1415
C1416,B1416,Resale,Plot,https://image2url.com/r2/default/images/1775366615084-bb21eb70-7bec-497f-9c8c-86ffed7e411e.png,A1416,S1416
C1417,B1417,Direct Purchase,Plot,https://image2url.com/r2/default/images/1775366615084-bb21eb70-7bec-497f-9c8c-86ffed7e411e.png,A1417,S1417
C1418,B1418,Pre-Booking,Plot,https://image2url.com/r2/default/images/1775366615084-bb21eb70-7bec-497f-9c8c-86ffed7e411e.png,A1418,S1418
C1419,B1419,Loan Booking,Plot,https://image2url.com/r2/default/images/1775366615084-bb21eb70-7bec-497f-9c8c-86ffed7e411e.png,A1419,S1419
C1420,B1420,Resale,Plot,https://image2url.com/r2/default/images/1775366615084-bb21eb70-7bec-497f-9c8c-86ffed7e411e.png,A1420,S1420
C1421,B1421,Direct Purchase,Plot,https://image2url.com/r2/default/images/1775366615084-bb21eb70-7bec-497f-9c8c-86ffed7e411e.png,A1421,S1421
C1422,B1422,Pre-Booking,Plot,https://image2url.com/r2/default/images/1775366615084-bb21eb70-7bec-497f-9c8c-86ffed7e411e.png,A1422,S1422
C1423,B1423,Loan Booking,Plot,https://image2url.com/r2/default/images/1775366615084-bb21eb70-7bec-497f-9c8c-86ffed7e411e.png,A1423,S1423
C1424,B1424,Resale,Plot,https://image2url.com/r2/default/images/1775366615084-bb21eb70-7bec-497f-9c8c-86ffed7e411e.png,A1424,S1424
C1425,B1425,Direct Purchase,Plot,https://image2url.com/r2/default/images/1775366615084-bb21eb70-7bec-497f-9c8c-86ffed7e411e.png,A1425,S1425
C1426,B1426,Pre-Booking,Plot,https://image2url.com/r2/default/images/1775366615084-bb21eb70-7bec-497f-9c8c-86ffed7e411e.png,A1426,S1426
C1427,B1427,Loan Booking,Plot,https://image2url.com/r2/default/images/1775366615084-bb21eb70-7bec-497f-9c8c-86ffed7e411e.png,A1427,S1427
C1428,B1428,Resale,Plot,https://image2url.com/r2/default/images/1775366615084-bb21eb70-7bec-497f-9c8c-86ffed7e411e.png,A1428,S1428
C1429,B1429,Direct Purchase,Plot,https://image2url.com/r2/default/images/1775366615084-bb21eb70-7bec-497f-9c8c-86ffed7e411e.png,A1429,S1429
C1430,B1430,Pre-Booking,Plot,https://image2url.com/r2/default/images/1775366615084-bb21eb70-7bec-497f-9c8c-86ffed7e411e.png,A1430,S1430
C1431,B1431,Loan Booking,Plot,https://image2url.com/r2/default/images/1775366615084-bb21eb70-7bec-497f-9c8c-86ffed7e411e.png,A1431,S1431
C1432,B1432,Resale,Plot,https://image2url.com/r2/default/images/1775366615084-bb21eb70-7bec-497f-9c8c-86ffed7e411e.png,A1432,S1432
C1433,B1433,Direct Purchase,Plot,https://image2url.com/r2/default/images/1775366615084-bb21eb70-7bec-497f-9c8c-86ffed7e411e.png,A1433,S1433
C1434,B1434,Pre-Booking,Plot,https://image2url.com/r2/default/images/1775366615084-bb21eb70-7bec-497f-9c8c-86ffed7e411e.png,A1434,S1434
C1435,B1435,Loan Booking,Plot,https://image2url.com/r2/default/images/1775366615084-bb21eb70-7bec-497f-9c8c-86ffed7e411e.png,A1435,S1435
C1436,B1436,Resale,Plot,https://image2url.com/r2/default/images/1775366615084-bb21eb70-7bec-497f-9c8c-86ffed7e411e.png,A1436,S1436
C1437,B1437,Direct Purchase,Plot,https://image2url.com/r2/default/images/1775366615084-bb21eb70-7bec-497f-9c8c-86ffed7e411e.png,A1437,S1437
C1438,B1438,Pre-Booking,Plot,https://image2url.com/r2/default/images/1775366615084-bb21eb70-7bec-497f-9c8c-86ffed7e411e.png,A1438,S1438
C1439,B1439,Loan Booking,Plot,https://image2url.com/r2/default/images/1775366615084-bb21eb70-7bec-497f-9c8c-86ffed7e411e.png,A1439,S1439
C1440,B1440,Resale,Plot,https://image2url.com/r2/default/images/1775366615084-bb21eb70-7bec-497f-9c8c-86ffed7e411e.png,A1440,S1440
C1441,B1441,Direct Purchase,Plot,https://image2url.com/r2/default/images/1775366615084-bb21eb70-7bec-497f-9c8c-86ffed7e411e.png,A1441,S1441
C1442,B1442,Pre-Booking,Plot,https://image2url.com/r2/default/images/1775366615084-bb21eb70-7bec-497f-9c8c-86ffed7e411e.png,A1442,S1442
C1443,B1443,Loan Booking,Plot,https://image2url.com/r2/default/images/1775366615084-bb21eb70-7bec-497f-9c8c-86ffed7e411e.png,A1443,S1443
C1444,B1444,Resale,Plot,https://image2url.com/r2/default/images/1775366615084-bb21eb70-7bec-497f-9c8c-86ffed7e411e.png,A1444,S1444
C1445,B1445,Direct Purchase,Plot,https://image2url.com/r2/default/images/1775366615084-bb21eb70-7bec-497f-9c8c-86ffed7e411e.png,A1445,S1445
C1446,B1446,Pre-Booking,Plot,https://image2url.com/r2/default/images/1775366615084-bb21eb70-7bec-497f-9c8c-86ffed7e411e.png,A1446,S1446
C1447,B1447,Loan Booking,Plot,https://image2url.com/r2/default/images/1775366615084-bb21eb70-7bec-497f-9c8c-86ffed7e411e.png,A1447,S1447
C1448,B1448,Resale,Plot,https://image2url.com/r2/default/images/1775366615084-bb21eb70-7bec-497f-9c8c-86ffed7e411e.png,A1448,S1448
C1449,B1449,Direct Purchase,Plot,https://image2url.com/r2/default/images/1775366615084-bb21eb70-7bec-497f-9c8c-86ffed7e411e.png,A1449,S1449
C1450,B1450,Pre-Booking,Plot,https://image2url.com/r2/default/images/1775366615084-bb21eb70-7bec-497f-9c8c-86ffed7e411e.png,A1450,S1450
C1451,B1451,Loan Booking,Plot,https://image2url.com/r2/default/images/1775366615084-bb21eb70-7bec-497f-9c8c-86ffed7e411e.png,A1451,S1451
C1452,B1452,Resale,Plot,https://image2url.com/r2/default/images/1775366615084-bb21eb70-7bec-497f-9c8c-86ffed7e411e.png,A1452,S1452
C1453,B1453,Direct Purchase,Plot,https://image2url.com/r2/default/images/1775366615084-bb21eb70-7bec-497f-9c8c-86ffed7e411e.png,A1453,S1453
C1454,B1454,Pre-Booking,Plot,https://image2url.com/r2/default/images/1775366615084-bb21eb70-7bec-497f-9c8c-86ffed7e411e.png,A1454,S1454
C1455,B1455,Loan Booking,Plot,https://image2url.com/r2/default/images/1775366615084-bb21eb70-7bec-497f-9c8c-86ffed7e411e.png,A1455,S1455
C1456,B1456,Resale,Plot,https://image2url.com/r2/default/images/1775366615084-bb21eb70-7bec-497f-9c8c-86ffed7e411e.png,A1456,S1456
C1457,B1457,Direct Purchase,Plot,https://image2url.com/r2/default/images/1775366615084-bb21eb70-7bec-497f-9c8c-86ffed7e411e.png,A1457,S1457
C1458,B1458,Pre-Booking,Plot,https://image2url.com/r2/default/images/1775366615084-bb21eb70-7bec-497f-9c8c-86ffed7e411e.png,A1458,S1458
C1459,B1459,Loan Booking,Plot,https://image2url.com/r2/default/images/1775366615084-bb21eb70-7bec-497f-9c8c-86ffed7e411e.png,A1459,S1459
C1460,B1460,Resale,Plot,https://image2url.com/r2/default/images/1775366615084-bb21eb70-7bec-497f-9c8c-86ffed7e411e.png,A1460,S1460
C1461,B1461,Direct Purchase,Plot,https://image2url.com/r2/default/images/1775366615084-bb21eb70-7bec-497f-9c8c-86ffed7e411e.png,A1461,S1461
C1462,B1462,Pre-Booking,Plot,https://image2url.com/r2/default/images/1775366615084-bb21eb70-7bec-497f-9c8c-86ffed7e411e.png,A1462,S1462
C1463,B1463,Loan Booking,Plot,https://image2url.com/r2/default/images/1775366615084-bb21eb70-7bec-497f-9c8c-86ffed7e411e.png,A1463,S1463
C1464,B1464,Resale,Plot,https://image2url.com/r2/default/images/1775366615084-bb21eb70-7bec-497f-9c8c-86ffed7e411e.png,A1464,S1464
C1465,B1465,Direct Purchase,Plot,https://image2url.com/r2/default/images/1775366615084-bb21eb70-7bec-497f-9c8c-86ffed7e411e.png,A1465,S1465
C1466,B1466,Pre-Booking,Plot,https://image2url.com/r2/default/images/1775366615084-bb21eb70-7bec-497f-9c8c-86ffed7e411e.png,A1466,S1466
C1467,B1467,Loan Booking,Plot,https://image2url.com/r2/default/images/1775366615084-bb21eb70-7bec-497f-9c8c-86ffed7e411e.png,A1467,S1467
C1468,B1468,Resale,Plot,https://image2url.com/r2/default/images/1775366615084-bb21eb70-7bec-497f-9c8c-86ffed7e411e.png,A1468,S1468
C1469,B1469,Direct Purchase,Plot,https://image2url.com/r2/default/images/1775366615084-bb21eb70-7bec-497f-9c8c-86ffed7e411e.png,A1469,S1469
C1470,B1470,Pre-Booking,Plot,https://image2url.com/r2/default/images/1775366615084-bb21eb70-7bec-497f-9c8c-86ffed7e411e.png,A1470,S1470
C1471,B1471,Loan Booking,Plot,https://image2url.com/r2/default/images/1775366615084-bb21eb70-7bec-497f-9c8c-86ffed7e411e.png,A1471,S1471
C1472,B1472,Resale,Plot,https://image2url.com/r2/default/images/1775366615084-bb21eb70-7bec-497f-9c8c-86ffed7e411e.png,A1472,S1472
C1473,B1473,Direct Purchase,Plot,https://image2url.com/r2/default/images/1775366615084-bb21eb70-7bec-497f-9c8c-86ffed7e411e.png,A1473,S1473
C1474,B1474,Pre-Booking,Plot,https://image2url.com/r2/default/images/1775366615084-bb21eb70-7bec-497f-9c8c-86ffed7e411e.png,A1474,S1474
C1475,B1475,Loan Booking,Plot,https://image2url.com/r2/default/images/1775366615084-bb21eb70-7bec-497f-9c8c-86ffed7e411e.png,A1475,S1475
C1476,B1476,Resale,Plot,https://image2url.com/r2/default/images/1775366615084-bb21eb70-7bec-497f-9c8c-86ffed7e411e.png,A1476,S1476
C1477,B1477,Direct Purchase,Plot,https://image2url.com/r2/default/images/1775366615084-bb21eb70-7bec-497f-9c8c-86ffed7e411e.png,A1477,S1477
C1478,B1478,Pre-Booking,Plot,https://image2url.com/r2/default/images/1775366615084-bb21eb70-7bec-497f-9c8c-86ffed7e411e.png,A1478,S1478
C1479,B1479,Loan Booking,Plot,https://image2url.com/r2/default/images/1775366615084-bb21eb70-7bec-497f-9c8c-86ffed7e411e.png,A1479,S1479
C1480,B1480,Resale,Plot,https://image2url.com/r2/default/images/1775366615084-bb21eb70-7bec-497f-9c8c-86ffed7e411e.png,A1480,S1480
C1481,B1481,Direct Purchase,Plot,https://image2url.com/r2/default/images/1775366615084-bb21eb70-7bec-497f-9c8c-86ffed7e411e.png,A1481,S1481
C1482,B1482,Pre-Booking,Plot,https://image2url.com/r2/default/images/1775366615084-bb21eb70-7bec-497f-9c8c-86ffed7e411e.png,A1482,S1482
C1483,B1483,Loan Booking,Plot,https://image2url.com/r2/default/images/1775366615084-bb21eb70-7bec-497f-9c8c-86ffed7e411e.png,A1483,S1483
C1484,B1484,Resale,Plot,https://image2url.com/r2/default/images/1775366615084-bb21eb70-7bec-497f-9c8c-86ffed7e411e.png,A1484,S1484
C1485,B1485,Direct Purchase,Plot,https://image2url.com/r2/default/images/1775366615084-bb21eb70-7bec-497f-9c8c-86ffed7e411e.png,A1485,S1485
C1486,B1486,Pre-Booking,Plot,https://image2url.com/r2/default/images/1775366615084-bb21eb70-7bec-497f-9c8c-86ffed7e411e.png,A1486,S1486
C1487,B1487,Loan Booking,Plot,https://image2url.com/r2/default/images/1775366615084-bb21eb70-7bec-497f-9c8c-86ffed7e411e.png,A1487,S1487
C1488,B1488,Resale,Plot,https://image2url.com/r2/default/images/1775366615084-bb21eb70-7bec-497f-9c8c-86ffed7e411e.png,A1488,S1488
C1489,B1489,Direct Purchase,Plot,https://image2url.com/r2/default/images/1775366615084-bb21eb70-7bec-497f-9c8c-86ffed7e411e.png,A1489,S1489
C1490,B1490,Pre-Booking,Plot,https://image2url.com/r2/default/images/1775366615084-bb21eb70-7bec-497f-9c8c-86ffed7e411e.png,A1490,S1490
C1491,B1491,Loan Booking,Plot,https://image2url.com/r2/default/images/1775366615084-bb21eb70-7bec-497f-9c8c-86ffed7e411e.png,A1491,S1491
C1492,B1492,Resale,Plot,https://image2url.com/r2/default/images/1775366615084-bb21eb70-7bec-497f-9c8c-86ffed7e411e.png,A1492,S1492
C1493,B1493,Direct Purchase,Plot,https://image2url.com/r2/default/images/1775366615084-bb21eb70-7bec-497f-9c8c-86ffed7e411e.png,A1493,S1493
C1494,B1494,Pre-Booking,Plot,https://image2url.com/r2/default/images/1775366615084-bb21eb70-7bec-497f-9c8c-86ffed7e411e.png,A1494,S1494
C1495,B1495,Loan Booking,Plot,https://image2url.com/r2/default/images/1775366615084-bb21eb70-7bec-497f-9c8c-86ffed7e411e.png,A1495,S1495
C1496,B1496,Resale,Plot,https://image2url.com/r2/default/images/1775366615084-bb21eb70-7bec-497f-9c8c-86ffed7e411e.png,A1496,S1496
C1497,B1497,Direct Purchase,Plot,https://image2url.com/r2/default/images/1775366615084-bb21eb70-7bec-497f-9c8c-86ffed7e411e.png,A1497,S1497
C1498,B1498,Pre-Booking,Plot,https://image2url.com/r2/default/images/1775366615084-bb21eb70-7bec-497f-9c8c-86ffed7e411e.png,A1498,S1498
C1499,B1499,Loan Booking,Plot,https://image2url.com/r2/default/images/1775366615084-bb21eb70-7bec-497f-9c8c-86ffed7e411e.png,A1499,S1499
C1500,B1500,Resale,Plot,https://image2url.com/r2/default/images/1775366615084-bb21eb70-7bec-497f-9c8c-86ffed7e411e.png,A1500,S1500
C1501,B1501,Direct Purchase,Plot,https://image2url.com/r2/default/images/1775366615084-bb21eb70-7bec-497f-9c8c-86ffed7e411e.png,A1501,S1501
C1502,B1502,Pre-Booking,Plot,https://image2url.com/r2/default/images/1775366615084-bb21eb70-7bec-497f-9c8c-86ffed7e411e.png,A1502,S1502
C1503,B1503,Loan Booking,Plot,https://image2url.com/r2/default/images/1775366615084-bb21eb70-7bec-497f-9c8c-86ffed7e411e.png,A1503,S1503
C1504,B1504,Resale,Plot,https://image2url.com/r2/default/images/1775366615084-bb21eb70-7bec-497f-9c8c-86ffed7e411e.png,A1504,S1504
C1505,B1505,Direct Purchase,Plot,https://image2url.com/r2/default/images/1775366615084-bb21eb70-7bec-497f-9c8c-86ffed7e411e.png,A1505,S1505
C1506,B1506,Pre-Booking,Plot,https://image2url.com/r2/default/images/1775366615084-bb21eb70-7bec-497f-9c8c-86ffed7e411e.png,A1506,S1506
C1507,B1507,Loan Booking,Plot,https://image2url.com/r2/default/images/1775366615084-bb21eb70-7bec-497f-9c8c-86ffed7e411e.png,A1507,S1507
C1508,B1508,Resale,Plot,https://image2url.com/r2/default/images/1775366615084-bb21eb70-7bec-497f-9c8c-86ffed7e411e.png,A1508,S1508
C1509,B1509,Direct Purchase,Plot,https://image2url.com/r2/default/images/1775366615084-bb21eb70-7bec-497f-9c8c-86ffed7e411e.png,A1509,S1509
C1510,B1510,Pre-Booking,Plot,https://image2url.com/r2/default/images/1775366615084-bb21eb70-7bec-497f-9c8c-86ffed7e411e.png,A1510,S1510
C1511,B1511,Loan Booking,Plot,https://image2url.com/r2/default/images/1775366615084-bb21eb70-7bec-497f-9c8c-86ffed7e411e.png,A1511,S1511
C1512,B1512,Resale,Plot,https://image2url.com/r2/default/images/1775366615084-bb21eb70-7bec-497f-9c8c-86ffed7e411e.png,A1512,S1512
C1513,B1513,Direct Purchase,Plot,https://image2url.com/r2/default/images/1775366615084-bb21eb70-7bec-497f-9c8c-86ffed7e411e.png,A1513,S1513
C1514,B1514,Pre-Booking,Plot,https://image2url.com/r2/default/images/1775366615084-bb21eb70-7bec-497f-9c8c-86ffed7e411e.png,A1514,S1514
C1515,B1515,Loan Booking,Plot,https://image2url.com/r2/default/images/1775366615084-bb21eb70-7bec-497f-9c8c-86ffed7e411e.png,A1515,S1515
C1516,B1516,Resale,Plot,https://image2url.com/r2/default/images/1775366615084-bb21eb70-7bec-497f-9c8c-86ffed7e411e.png,A1516,S1516
C1517,B1517,Direct Purchase,Plot,https://image2url.com/r2/default/images/1775366615084-bb21eb70-7bec-497f-9c8c-86ffed7e411e.png,A1517,S1517
C1518,B1518,Pre-Booking,Plot,https://image2url.com/r2/default/images/1775366615084-bb21eb70-7bec-497f-9c8c-86ffed7e411e.png,A1518,S1518
C1519,B1519,Loan Booking,Plot,https://image2url.com/r2/default/images/1775366615084-bb21eb70-7bec-497f-9c8c-86ffed7e411e.png,A1519,S1519
C1520,B1520,Resale,Plot,https://image2url.com/r2/default/images/1775366615084-bb21eb70-7bec-497f-9c8c-86ffed7e411e.png,A1520,S1520
C1521,B1521,Direct Purchase,Plot,https://image2url.com/r2/default/images/1775366615084-bb21eb70-7bec-497f-9c8c-86ffed7e411e.png,A1521,S1521
C1522,B1522,Pre-Booking,Plot,https://image2url.com/r2/default/images/1775366615084-bb21eb70-7bec-497f-9c8c-86ffed7e411e.png,A1522,S1522
C1523,B1523,Loan Booking,Plot,https://image2url.com/r2/default/images/1775366615084-bb21eb70-7bec-497f-9c8c-86ffed7e411e.png,A1523,S1523
C1524,B1524,Resale,Plot,https://image2url.com/r2/default/images/1775366615084-bb21eb70-7bec-497f-9c8c-86ffed7e411e.png,A1524,S1524
C1525,B1525,Direct Purchase,Plot,https://image2url.com/r2/default/images/1775366615084-bb21eb70-7bec-497f-9c8c-86ffed7e411e.png,A1525,S1525
C1526,B1526,Pre-Booking,Plot,https://image2url.com/r2/default/images/1775366615084-bb21eb70-7bec-497f-9c8c-86ffed7e411e.png,A1526,S1526
C1527,B1527,Loan Booking,Plot,https://image2url.com/r2/default/images/1775366615084-bb21eb70-7bec-497f-9c8c-86ffed7e411e.png,A1527,S1527
C1528,B1528,Resale,Plot,https://image2url.com/r2/default/images/1775366615084-bb21eb70-7bec-497f-9c8c-86ffed7e411e.png,A1528,S1528
C1529,B1529,Direct Purchase,Plot,https://image2url.com/r2/default/images/1775366615084-bb21eb70-7bec-497f-9c8c-86ffed7e411e.png,A1529,S1529
C1530,B1530,Pre-Booking,Plot,https://image2url.com/r2/default/images/1775366615084-bb21eb70-7bec-497f-9c8c-86ffed7e411e.png,A1530,S1530
C1531,B1531,Loan Booking,Plot,https://image2url.com/r2/default/images/1775366615084-bb21eb70-7bec-497f-9c8c-86ffed7e411e.png,A1531,S1531
C1532,B1532,Resale,Plot,https://image2url.com/r2/default/images/1775366615084-bb21eb70-7bec-497f-9c8c-86ffed7e411e.png,A1532,S1532
C1533,B1533,Direct Purchase,Plot,https://image2url.com/r2/default/images/1775366615084-bb21eb70-7bec-497f-9c8c-86ffed7e411e.png,A1533,S1533
C1534,B1534,Pre-Booking,Plot,https://image2url.com/r2/default/images/1775366615084-bb21eb70-7bec-497f-9c8c-86ffed7e411e.png,A1534,S1534
C1535,B1535,Loan Booking,Plot,https://image2url.com/r2/default/images/1775366615084-bb21eb70-7bec-497f-9c8c-86ffed7e411e.png,A1535,S1535
C1536,B1536,Resale,Plot,https://image2url.com/r2/default/images/1775366615084-bb21eb70-7bec-497f-9c8c-86ffed7e411e.png,A1536,S1536
C1537,B1537,Direct Purchase,Plot,https://image2url.com/r2/default/images/1775366615084-bb21eb70-7bec-497f-9c8c-86ffed7e411e.png,A1537,S1537
C1538,B1538,Pre-Booking,Plot,https://image2url.com/r2/default/images/1775366615084-bb21eb70-7bec-497f-9c8c-86ffed7e411e.png,A1538,S1538
C1539,B1539,Loan Booking,Plot,https://image2url.com/r2/default/images/1775366615084-bb21eb70-7bec-497f-9c8c-86ffed7e411e.png,A1539,S1539
C1540,B1540,Resale,Plot,https://image2url.com/r2/default/images/1775366615084-bb21eb70-7bec-497f-9c8c-86ffed7e411e.png,A1540,S1540
C1541,B1541,Direct Purchase,Plot,https://image2url.com/r2/default/images/1775366615084-bb21eb70-7bec-497f-9c8c-86ffed7e411e.png,A1541,S1541
C1542,B1542,Pre-Booking,Plot,https://image2url.com/r2/default/images/1775366615084-bb21eb70-7bec-497f-9c8c-86ffed7e411e.png,A1542,S1542
C1543,B1543,Loan Booking,Plot,https://image2url.com/r2/default/images/1775366615084-bb21eb70-7bec-497f-9c8c-86ffed7e411e.png,A1543,S1543
C1544,B1544,Resale,Plot,https://image2url.com/r2/default/images/1775366615084-bb21eb70-7bec-497f-9c8c-86ffed7e411e.png,A1544,S1544
C1545,B1545,Direct Purchase,Plot,https://image2url.com/r2/default/images/1775366615084-bb21eb70-7bec-497f-9c8c-86ffed7e411e.png,A1545,S1545
C1546,B1546,Pre-Booking,Plot,https://image2url.com/r2/default/images/1775366615084-bb21eb70-7bec-497f-9c8c-86ffed7e411e.png,A1546,S1546
C1547,B1547,Loan Booking,Plot,https://image2url.com/r2/default/images/1775366615084-bb21eb70-7bec-497f-9c8c-86ffed7e411e.png,A1547,S1547
C1548,B1548,Resale,Plot,https://image2url.com/r2/default/images/1775366615084-bb21eb70-7bec-497f-9c8c-86ffed7e411e.png,A1548,S1548
C1549,B1549,Direct Purchase,Plot,https://image2url.com/r2/default/images/1775366615084-bb21eb70-7bec-497f-9c8c-86ffed7e411e.png,A1549,S1549
C1550,B1550,Pre-Booking,Plot,https://image2url.com/r2/default/images/1775366615084-bb21eb70-7bec-497f-9c8c-86ffed7e411e.png,A1550,S1550
C1551,B1551,Loan Booking,Plot,https://image2url.com/r2/default/images/1775366615084-bb21eb70-7bec-497f-9c8c-86ffed7e411e.png,A1551,S1551
C1552,B1552,Resale,Plot,https://image2url.com/r2/default/images/1775366615084-bb21eb70-7bec-497f-9c8c-86ffed7e411e.png,A1552,S1552
C1553,B1553,Direct Purchase,Plot,https://image2url.com/r2/default/images/1775366615084-bb21eb70-7bec-497f-9c8c-86ffed7e411e.png,A1553,S1553
C1554,B1554,Pre-Booking,Plot,https://image2url.com/r2/default/images/1775366615084-bb21eb70-7bec-497f-9c8c-86ffed7e411e.png,A1554,S1554
C1555,B1555,Loan Booking,Plot,https://image2url.com/r2/default/images/1775366615084-bb21eb70-7bec-497f-9c8c-86ffed7e411e.png,A1555,S1555
C1556,B1556,Resale,Plot,https://image2url.com/r2/default/images/1775366615084-bb21eb70-7bec-497f-9c8c-86ffed7e411e.png,A1556,S1556
C1557,B1557,Direct Purchase,Plot,https://image2url.com/r2/default/images/1775366615084-bb21eb70-7bec-497f-9c8c-86ffed7e411e.png,A1557,S1557
C1558,B1558,Pre-Booking,Plot,https://image2url.com/r2/default/images/1775366615084-bb21eb70-7bec-497f-9c8c-86ffed7e411e.png,A1558,S1558
C1559,B1559,Loan Booking,Plot,https://image2url.com/r2/default/images/1775366615084-bb21eb70-7bec-497f-9c8c-86ffed7e411e.png,A1559,S1559
C1560,B1560,Resale,Plot,https://image2url.com/r2/default/images/1775366615084-bb21eb70-7bec-497f-9c8c-86ffed7e411e.png,A1560,S1560
C1561,B1561,Direct Purchase,Plot,https://image2url.com/r2/default/images/1775366615084-bb21eb70-7bec-497f-9c8c-86ffed7e411e.png,A1561,S1561
C1562,B1562,Pre-Booking,Plot,https://image2url.com/r2/default/images/1775366615084-bb21eb70-7bec-497f-9c8c-86ffed7e411e.png,A1562,S1562
C1563,B1563,Loan Booking,Plot,https://image2url.com/r2/default/images/1775366615084-bb21eb70-7bec-497f-9c8c-86ffed7e411e.png,A1563,S1563
C1564,B1564,Resale,Plot,https://image2url.com/r2/default/images/1775366615084-bb21eb70-7bec-497f-9c8c-86ffed7e411e.png,A1564,S1564
C1565,B1565,Direct Purchase,Plot,https://image2url.com/r2/default/images/1775366615084-bb21eb70-7bec-497f-9c8c-86ffed7e411e.png,A1565,S1565
C1566,B1566,Pre-Booking,Plot,https://image2url.com/r2/default/images/1775366615084-bb21eb70-7bec-497f-9c8c-86ffed7e411e.png,A1566,S1566
C1567,B1567,Loan Booking,Plot,https://image2url.com/r2/default/images/1775366615084-bb21eb70-7bec-497f-9c8c-86ffed7e411e.png,A1567,S1567
C1568,B1568,Resale,Plot,https://image2url.com/r2/default/images/1775366615084-bb21eb70-7bec-497f-9c8c-86ffed7e411e.png,A1568,S1568
C1569,B1569,Direct Purchase,Plot,https://image2url.com/r2/default/images/1775366615084-bb21eb70-7bec-497f-9c8c-86ffed7e411e.png,A1569,S1569
C1570,B1570,Pre-Booking,Plot,https://image2url.com/r2/default/images/1775366615084-bb21eb70-7bec-497f-9c8c-86ffed7e411e.png,A1570,S1570
C1571,B1571,Loan Booking,Plot,https://image2url.com/r2/default/images/1775366615084-bb21eb70-7bec-497f-9c8c-86ffed7e411e.png,A1571,S1571
C1572,B1572,Resale,Plot,https://image2url.com/r2/default/images/1775366615084-bb21eb70-7bec-497f-9c8c-86ffed7e411e.png,A1572,S1572
C1573,B1573,Direct Purchase,Plot,https://image2url.com/r2/default/images/1775366615084-bb21eb70-7bec-497f-9c8c-86ffed7e411e.png,A1573,S1573
C1574,B1574,Pre-Booking,Plot,https://image2url.com/r2/default/images/1775366615084-bb21eb70-7bec-497f-9c8c-86ffed7e411e.png,A1574,S1574
C1575,B1575,Loan Booking,Plot,https://image2url.com/r2/default/images/1775366615084-bb21eb70-7bec-497f-9c8c-86ffed7e411e.png,A1575,S1575
C1576,B1576,Resale,Plot,https://image2url.com/r2/default/images/1775366615084-bb21eb70-7bec-497f-9c8c-86ffed7e411e.png,A1576,S1576
C1577,B1577,Direct Purchase,Plot,https://image2url.com/r2/default/images/1775366615084-bb21eb70-7bec-497f-9c8c-86ffed7e411e.png,A1577,S1577
C1578,B1578,Pre-Booking,Plot,https://image2url.com/r2/default/images/1775366615084-bb21eb70-7bec-497f-9c8c-86ffed7e411e.png,A1578,S1578
C1579,B1579,Loan Booking,Plot,https://image2url.com/r2/default/images/1775366615084-bb21eb70-7bec-497f-9c8c-86ffed7e411e.png,A1579,S1579
C1580,B1580,Resale,Plot,https://image2url.com/r2/default/images/1775366615084-bb21eb70-7bec-497f-9c8c-86ffed7e411e.png,A1580,S1580
C1581,B1581,Direct Purchase,Plot,https://image2url.com/r2/default/images/1775366615084-bb21eb70-7bec-497f-9c8c-86ffed7e411e.png,A1581,S1581
C1582,B1582,Pre-Booking,Plot,https://image2url.com/r2/default/images/1775366615084-bb21eb70-7bec-497f-9c8c-86ffed7e411e.png,A1582,S1582
C1583,B1583,Loan Booking,Plot,https://image2url.com/r2/default/images/1775366615084-bb21eb70-7bec-497f-9c8c-86ffed7e411e.png,A1583,S1583
C1584,B1584,Resale,Plot,https://image2url.com/r2/default/images/1775366615084-bb21eb70-7bec-497f-9c8c-86ffed7e411e.png,A1584,S1584
C1585,B1585,Direct Purchase,Plot,https://image2url.com/r2/default/images/1775366615084-bb21eb70-7bec-497f-9c8c-86ffed7e411e.png,A1585,S1585
C1586,B1586,Pre-Booking,Plot,https://image2url.com/r2/default/images/1775366615084-bb21eb70-7bec-497f-9c8c-86ffed7e411e.png,A1586,S1586
C1587,B1587,Loan Booking,Plot,https://image2url.com/r2/default/images/1775366615084-bb21eb70-7bec-497f-9c8c-86ffed7e411e.png,A1587,S1587
C1588,B1588,Resale,Plot,https://image2url.com/r2/default/images/1775366615084-bb21eb70-7bec-497f-9c8c-86ffed7e411e.png,A1588,S1588
C1589,B1589,Direct Purchase,Plot,https://image2url.com/r2/default/images/1775366615084-bb21eb70-7bec-497f-9c8c-86ffed7e411e.png,A1589,S1589
C1590,B1590,Pre-Booking,Plot,https://image2url.com/r2/default/images/1775366615084-bb21eb70-7bec-497f-9c8c-86ffed7e411e.png,A1590,S1590
C1591,B1591,Loan Booking,Plot,https://image2url.com/r2/default/images/1775366615084-bb21eb70-7bec-497f-9c8c-86ffed7e411e.png,A1591,S1591
C1592,B1592,Resale,Plot,https://image2url.com/r2/default/images/1775366615084-bb21eb70-7bec-497f-9c8c-86ffed7e411e.png,A1592,S1592
C1593,B1593,Direct Purchase,Plot,https://image2url.com/r2/default/images/1775366615084-bb21eb70-7bec-497f-9c8c-86ffed7e411e.png,A1593,S1593
C1594,B1594,Pre-Booking,Plot,https://image2url.com/r2/default/images/1775366615084-bb21eb70-7bec-497f-9c8c-86ffed7e411e.png,A1594,S1594
C1595,B1595,Loan Booking,Plot,https://image2url.com/r2/default/images/1775366615084-bb21eb70-7bec-497f-9c8c-86ffed7e411e.png,A1595,S1595
C1596,B1596,Resale,Plot,https://image2url.com/r2/default/images/1775366615084-bb21eb70-7bec-497f-9c8c-86ffed7e411e.png,A1596,S1596
C1597,B1597,Direct Purchase,Plot,https://image2url.com/r2/default/images/1775366615084-bb21eb70-7bec-497f-9c8c-86ffed7e411e.png,A1597,S1597
C1598,B1598,Pre-Booking,Plot,https://image2url.com/r2/default/images/1775366615084-bb21eb70-7bec-497f-9c8c-86ffed7e411e.png,A1598,S1598
C1599,B1599,Loan Booking,Plot,https://image2url.com/r2/default/images/1775366615084-bb21eb70-7bec-497f-9c8c-86ffed7e411e.png,A1599,S1599
C1600,B1600,Resale,Plot,https://image2url.com/r2/default/images/1775366615084-bb21eb70-7bec-497f-9c8c-86ffed7e411e.png,A1600,S1600
C1601,B1601,Direct Purchase,Plot,https://image2url.com/r2/default/images/1775366615084-bb21eb70-7bec-497f-9c8c-86ffed7e411e.png,A1601,S1601
C1602,B1602,Pre-Booking,Plot,https://image2url.com/r2/default/images/1775366615084-bb21eb70-7bec-497f-9c8c-86ffed7e411e.png,A1602,S1602
C1603,B1603,Loan Booking,Plot,https://image2url.com/r2/default/images/1775366615084-bb21eb70-7bec-497f-9c8c-86ffed7e411e.png,A1603,S1603
C1604,B1604,Resale,Plot,https://image2url.com/r2/default/images/1775366615084-bb21eb70-7bec-497f-9c8c-86ffed7e411e.png,A1604,S1604
C1605,B1605,Direct Purchase,Plot,https://image2url.com/r2/default/images/1775366615084-bb21eb70-7bec-497f-9c8c-86ffed7e411e.png,A1605,S1605
C1606,B1606,Pre-Booking,Plot,https://image2url.com/r2/default/images/1775366615084-bb21eb70-7bec-497f-9c8c-86ffed7e411e.png,A1606,S1606
C1607,B1607,Loan Booking,Plot,https://image2url.com/r2/default/images/1775366615084-bb21eb70-7bec-497f-9c8c-86ffed7e411e.png,A1607,S1607
C1608,B1608,Resale,Plot,https://image2url.com/r2/default/images/1775366615084-bb21eb70-7bec-497f-9c8c-86ffed7e411e.png,A1608,S1608
C1609,B1609,Direct Purchase,Plot,https://image2url.com/r2/default/images/1775366615084-bb21eb70-7bec-497f-9c8c-86ffed7e411e.png,A1609,S1609
C1610,B1610,Pre-Booking,Plot,https://image2url.com/r2/default/images/1775366615084-bb21eb70-7bec-497f-9c8c-86ffed7e411e.png,A1610,S1610
C1611,B1611,Loan Booking,Plot,https://image2url.com/r2/default/images/1775366615084-bb21eb70-7bec-497f-9c8c-86ffed7e411e.png,A1611,S1611
C1612,B1612,Resale,Plot,https://image2url.com/r2/default/images/1775366615084-bb21eb70-7bec-497f-9c8c-86ffed7e411e.png,A1612,S1612
C1613,B1613,Direct Purchase,Plot,https://image2url.com/r2/default/images/1775366615084-bb21eb70-7bec-497f-9c8c-86ffed7e411e.png,A1613,S1613
C1614,B1614,Pre-Booking,Plot,https://image2url.com/r2/default/images/1775366615084-bb21eb70-7bec-497f-9c8c-86ffed7e411e.png,A1614,S1614
C1615,B1615,Loan Booking,Plot,https://image2url.com/r2/default/images/1775366615084-bb21eb70-7bec-497f-9c8c-86ffed7e411e.png,A1615,S1615
C1616,B1616,Resale,Plot,https://image2url.com/r2/default/images/1775366615084-bb21eb70-7bec-497f-9c8c-86ffed7e411e.png,A1616,S1616
C1617,B1617,Direct Purchase,Plot,https://image2url.com/r2/default/images/1775366615084-bb21eb70-7bec-497f-9c8c-86ffed7e411e.png,A1617,S1617
C1618,B1618,Pre-Booking,Plot,https://image2url.com/r2/default/images/1775366615084-bb21eb70-7bec-497f-9c8c-86ffed7e411e.png,A1618,S1618
C1619,B1619,Loan Booking,Plot,https://image2url.com/r2/default/images/1775366615084-bb21eb70-7bec-497f-9c8c-86ffed7e411e.png,A1619,S1619
C1620,B1620,Resale,Plot,https://image2url.com/r2/default/images/1775366615084-bb21eb70-7bec-497f-9c8c-86ffed7e411e.png,A1620,S1620
C1621,B1621,Direct Purchase,Plot,https://image2url.com/r2/default/images/1775366615084-bb21eb70-7bec-497f-9c8c-86ffed7e411e.png,A1621,S1621
C1622,B1622,Pre-Booking,Plot,https://image2url.com/r2/default/images/1775366615084-bb21eb70-7bec-497f-9c8c-86ffed7e411e.png,A1622,S1622
C1623,B1623,Loan Booking,Plot,https://image2url.com/r2/default/images/1775366615084-bb21eb70-7bec-497f-9c8c-86ffed7e411e.png,A1623,S1623
C1624,B1624,Resale,Plot,https://image2url.com/r2/default/images/1775366615084-bb21eb70-7bec-497f-9c8c-86ffed7e411e.png,A1624,S1624
C1625,B1625,Direct Purchase,Plot,https://image2url.com/r2/default/images/1775366615084-bb21eb70-7bec-497f-9c8c-86ffed7e411e.png,A1625,S1625
C1626,B1626,Pre-Booking,Plot,https://image2url.com/r2/default/images/1775366615084-bb21eb70-7bec-497f-9c8c-86ffed7e411e.png,A1626,S1626
C1627,B1627,Loan Booking,Plot,https://image2url.com/r2/default/images/1775366615084-bb21eb70-7bec-497f-9c8c-86ffed7e411e.png,A1627,S1627
C1628,B1628,Resale,Plot,https://image2url.com/r2/default/images/1775366615084-bb21eb70-7bec-497f-9c8c-86ffed7e411e.png,A1628,S1628
C1629,B1629,Direct Purchase,Plot,https://image2url.com/r2/default/images/1775366615084-bb21eb70-7bec-497f-9c8c-86ffed7e411e.png,A1629,S1629
C1630,B1630,Pre-Booking,Plot,https://image2url.com/r2/default/images/1775366615084-bb21eb70-7bec-497f-9c8c-86ffed7e411e.png,A1630,S1630
C1631,B1631,Loan Booking,Plot,https://image2url.com/r2/default/images/1775366615084-bb21eb70-7bec-497f-9c8c-86ffed7e411e.png,A1631,S1631
C1632,B1632,Resale,Plot,https://image2url.com/r2/default/images/1775366615084-bb21eb70-7bec-497f-9c8c-86ffed7e411e.png,A1632,S1632
C1633,B1633,Direct Purchase,Plot,https://image2url.com/r2/default/images/1775366615084-bb21eb70-7bec-497f-9c8c-86ffed7e411e.png,A1633,S1633
C1634,B1634,Pre-Booking,Plot,https://image2url.com/r2/default/images/1775366615084-bb21eb70-7bec-497f-9c8c-86ffed7e411e.png,A1634,S1634
C1635,B1635,Loan Booking,Plot,https://image2url.com/r2/default/images/1775366615084-bb21eb70-7bec-497f-9c8c-86ffed7e411e.png,A1635,S1635
C1636,B1636,Resale,Plot,https://image2url.com/r2/default/images/1775366615084-bb21eb70-7bec-497f-9c8c-86ffed7e411e.png,A1636,S1636
C1637,B1637,Direct Purchase,Plot,https://image2url.com/r2/default/images/1775366615084-bb21eb70-7bec-497f-9c8c-86ffed7e411e.png,A1637,S1637
C1638,B1638,Pre-Booking,Plot,https://image2url.com/r2/default/images/1775366615084-bb21eb70-7bec-497f-9c8c-86ffed7e411e.png,A1638,S1638
C1639,B1639,Loan Booking,Plot,https://image2url.com/r2/default/images/1775366615084-bb21eb70-7bec-497f-9c8c-86ffed7e411e.png,A1639,S1639
C1640,B1640,Resale,Plot,https://image2url.com/r2/default/images/1775366615084-bb21eb70-7bec-497f-9c8c-86ffed7e411e.png,A1640,S1640
C1641,B1641,Direct Purchase,Plot,https://image2url.com/r2/default/images/1775366615084-bb21eb70-7bec-497f-9c8c-86ffed7e411e.png,A1641,S1641
C1642,B1642,Pre-Booking,Plot,https://image2url.com/r2/default/images/1775366615084-bb21eb70-7bec-497f-9c8c-86ffed7e411e.png,A1642,S1642
C1643,B1643,Loan Booking,Plot,https://image2url.com/r2/default/images/1775366615084-bb21eb70-7bec-497f-9c8c-86ffed7e411e.png,A1643,S1643
C1644,B1644,Resale,Plot,https://image2url.com/r2/default/images/1775366615084-bb21eb70-7bec-497f-9c8c-86ffed7e411e.png,A1644,S1644
C1645,B1645,Direct Purchase,Plot,https://image2url.com/r2/default/images/1775366615084-bb21eb70-7bec-497f-9c8c-86ffed7e411e.png,A1645,S1645
C1646,B1646,Pre-Booking,Plot,https://image2url.com/r2/default/images/1775366615084-bb21eb70-7bec-497f-9c8c-86ffed7e411e.png,A1646,S1646
C1647,B1647,Loan Booking,Plot,https://image2url.com/r2/default/images/1775366615084-bb21eb70-7bec-497f-9c8c-86ffed7e411e.png,A1647,S1647
C1648,B1648,Resale,Plot,https://image2url.com/r2/default/images/1775366615084-bb21eb70-7bec-497f-9c8c-86ffed7e411e.png,A1648,S1648
C1649,B1649,Direct Purchase,Plot,https://image2url.com/r2/default/images/1775366615084-bb21eb70-7bec-497f-9c8c-86ffed7e411e.png,A1649,S1649
C1650,B1650,Pre-Booking,Plot,https://image2url.com/r2/default/images/1775366615084-bb21eb70-7bec-497f-9c8c-86ffed7e411e.png,A1650,S1650
C1651,B1651,Loan Booking,Plot,https://image2url.com/r2/default/images/1775366615084-bb21eb70-7bec-497f-9c8c-86ffed7e411e.png,A1651,S1651
C1652,B1652,Resale,Plot,https://image2url.com/r2/default/images/1775366615084-bb21eb70-7bec-497f-9c8c-86ffed7e411e.png,A1652,S1652
C1653,B1653,Direct Purchase,Plot,https://image2url.com/r2/default/images/1775366615084-bb21eb70-7bec-497f-9c8c-86ffed7e411e.png,A1653,S1653
C1654,B1654,Pre-Booking,Plot,https://image2url.com/r2/default/images/1775366615084-bb21eb70-7bec-497f-9c8c-86ffed7e411e.png,A1654,S1654
C1655,B1655,Loan Booking,Plot,https://image2url.com/r2/default/images/1775366615084-bb21eb70-7bec-497f-9c8c-86ffed7e411e.png,A1655,S1655
C1656,B1656,Resale,Plot,https://image2url.com/r2/default/images/1775366615084-bb21eb70-7bec-497f-9c8c-86ffed7e411e.png,A1656,S1656
C1657,B1657,Direct Purchase,Plot,https://image2url.com/r2/default/images/1775366615084-bb21eb70-7bec-497f-9c8c-86ffed7e411e.png,A1657,S1657
C1658,B1658,Pre-Booking,Plot,https://image2url.com/r2/default/images/1775366615084-bb21eb70-7bec-497f-9c8c-86ffed7e411e.png,A1658,S1658
C1659,B1659,Loan Booking,Plot,https://image2url.com/r2/default/images/1775366615084-bb21eb70-7bec-497f-9c8c-86ffed7e411e.png,A1659,S1659
C1660,B1660,Resale,Plot,https://image2url.com/r2/default/images/1775366615084-bb21eb70-7bec-497f-9c8c-86ffed7e411e.png,A1660,S1660
C1661,B1661,Direct Purchase,Plot,https://image2url.com/r2/default/images/1775366615084-bb21eb70-7bec-497f-9c8c-86ffed7e411e.png,A1661,S1661
C1662,B1662,Pre-Booking,Plot,https://image2url.com/r2/default/images/1775366615084-bb21eb70-7bec-497f-9c8c-86ffed7e411e.png,A1662,S1662
C1663,B1663,Loan Booking,Plot,https://image2url.com/r2/default/images/1775366615084-bb21eb70-7bec-497f-9c8c-86ffed7e411e.png,A1663,S1663
C1664,B1664,Resale,Plot,https://image2url.com/r2/default/images/1775366615084-bb21eb70-7bec-497f-9c8c-86ffed7e411e.png,A1664,S1664
C1665,B1665,Direct Purchase,Plot,https://image2url.com/r2/default/images/1775366615084-bb21eb70-7bec-497f-9c8c-86ffed7e411e.png,A1665,S1665
C1666,B1666,Pre-Booking,Plot,https://image2url.com/r2/default/images/1775366615084-bb21eb70-7bec-497f-9c8c-86ffed7e411e.png,A1666,S1666
C1667,B1667,Loan Booking,Plot,https://image2url.com/r2/default/images/1775366615084-bb21eb70-7bec-497f-9c8c-86ffed7e411e.png,A1667,S1667
C1668,B1668,Resale,Plot,https://image2url.com/r2/default/images/1775366615084-bb21eb70-7bec-497f-9c8c-86ffed7e411e.png,A1668,S1668
C1669,B1669,Direct Purchase,Plot,https://image2url.com/r2/default/images/1775366615084-bb21eb70-7bec-497f-9c8c-86ffed7e411e.png,A1669,S1669
C1670,B1670,Pre-Booking,Plot,https://image2url.com/r2/default/images/1775366615084-bb21eb70-7bec-497f-9c8c-86ffed7e411e.png,A1670,S1670
C1671,B1671,Loan Booking,Plot,https://image2url.com/r2/default/images/1775366615084-bb21eb70-7bec-497f-9c8c-86ffed7e411e.png,A1671,S1671
C1672,B1672,Resale,Plot,https://image2url.com/r2/default/images/1775366615084-bb21eb70-7bec-497f-9c8c-86ffed7e411e.png,A1672,S1672
C1673,B1673,Direct Purchase,Plot,https://image2url.com/r2/default/images/1775366615084-bb21eb70-7bec-497f-9c8c-86ffed7e411e.png,A1673,S1673
C1674,B1674,Pre-Booking,Plot,https://image2url.com/r2/default/images/1775366615084-bb21eb70-7bec-497f-9c8c-86ffed7e411e.png,A1674,S1674
C1675,B1675,Loan Booking,Plot,https://image2url.com/r2/default/images/1775366615084-bb21eb70-7bec-497f-9c8c-86ffed7e411e.png,A1675,S1675
C1676,B1676,Resale,Plot,https://image2url.com/r2/default/images/1775366615084-bb21eb70-7bec-497f-9c8c-86ffed7e411e.png,A1676,S1676
C1677,B1677,Direct Purchase,Plot,https://image2url.com/r2/default/images/1775366615084-bb21eb70-7bec-497f-9c8c-86ffed7e411e.png,A1677,S1677
C1678,B1678,Pre-Booking,Plot,https://image2url.com/r2/default/images/1775366615084-bb21eb70-7bec-497f-9c8c-86ffed7e411e.png,A1678,S1678
C1679,B1679,Loan Booking,Plot,https://image2url.com/r2/default/images/1775366615084-bb21eb70-7bec-497f-9c8c-86ffed7e411e.png,A1679,S1679
C1680,B1680,Resale,Plot,https://image2url.com/r2/default/images/1775366615084-bb21eb70-7bec-497f-9c8c-86ffed7e411e.png,A1680,S1680
C1681,B1681,Direct Purchase,Plot,https://image2url.com/r2/default/images/1775366615084-bb21eb70-7bec-497f-9c8c-86ffed7e411e.png,A1681,S1681
C1682,B1682,Pre-Booking,Plot,https://image2url.com/r2/default/images/1775366615084-bb21eb70-7bec-497f-9c8c-86ffed7e411e.png,A1682,S1682
C1683,B1683,Loan Booking,Plot,https://image2url.com/r2/default/images/1775366615084-bb21eb70-7bec-497f-9c8c-86ffed7e411e.png,A1683,S1683
C1684,B1684,Resale,Plot,https://image2url.com/r2/default/images/1775366615084-bb21eb70-7bec-497f-9c8c-86ffed7e411e.png,A1684,S1684
C1685,B1685,Direct Purchase,Plot,https://image2url.com/r2/default/images/1775366615084-bb21eb70-7bec-497f-9c8c-86ffed7e411e.png,A1685,S1685
C1686,B1686,Pre-Booking,Plot,https://image2url.com/r2/default/images/1775366615084-bb21eb70-7bec-497f-9c8c-86ffed7e411e.png,A1686,S1686
C1687,B1687,Loan Booking,Plot,https://image2url.com/r2/default/images/1775366615084-bb21eb70-7bec-497f-9c8c-86ffed7e411e.png,A1687,S1687
C1688,B1688,Resale,Plot,https://image2url.com/r2/default/images/1775366615084-bb21eb70-7bec-497f-9c8c-86ffed7e411e.png,A1688,S1688
C1689,B1689,Direct Purchase,Plot,https://image2url.com/r2/default/images/1775366615084-bb21eb70-7bec-497f-9c8c-86ffed7e411e.png,A1689,S1689
C1690,B1690,Pre-Booking,Plot,https://image2url.com/r2/default/images/1775366615084-bb21eb70-7bec-497f-9c8c-86ffed7e411e.png,A1690,S1690
C1691,B1691,Loan Booking,Plot,https://image2url.com/r2/default/images/1775366615084-bb21eb70-7bec-497f-9c8c-86ffed7e411e.png,A1691,S1691
C1692,B1692,Resale,Plot,https://image2url.com/r2/default/images/1775366615084-bb21eb70-7bec-497f-9c8c-86ffed7e411e.png,A1692,S1692
C1693,B1693,Direct Purchase,Plot,https://image2url.com/r2/default/images/1775366615084-bb21eb70-7bec-497f-9c8c-86ffed7e411e.png,A1693,S1693
C1694,B1694,Pre-Booking,Plot,https://image2url.com/r2/default/images/1775366615084-bb21eb70-7bec-497f-9c8c-86ffed7e411e.png,A1694,S1694
C1695,B1695,Loan Booking,Plot,https://image2url.com/r2/default/images/1775366615084-bb21eb70-7bec-497f-9c8c-86ffed7e411e.png,A1695,S1695
C1696,B1696,Resale,Plot,https://image2url.com/r2/default/images/1775366615084-bb21eb70-7bec-497f-9c8c-86ffed7e411e.png,A1696,S1696
C1697,B1697,Direct Purchase,Plot,https://image2url.com/r2/default/images/1775366615084-bb21eb70-7bec-497f-9c8c-86ffed7e411e.png,A1697,S1697
C1698,B1698,Pre-Booking,Plot,https://image2url.com/r2/default/images/1775366615084-bb21eb70-7bec-497f-9c8c-86ffed7e411e.png,A1698,S1698
C1699,B1699,Loan Booking,Plot,https://image2url.com/r2/default/images/1775366615084-bb21eb70-7bec-497f-9c8c-86ffed7e411e.png,A1699,S1699
C1700,B1700,Resale,Plot,https://image2url.com/r2/default/images/1775366615084-bb21eb70-7bec-497f-9c8c-86ffed7e411e.png,A1700,S1700
C1701,B1701,Direct Purchase,Plot,https://image2url.com/r2/default/images/1775366615084-bb21eb70-7bec-497f-9c8c-86ffed7e411e.png,A1701,S1701
C1702,B1702,Pre-Booking,Plot,https://image2url.com/r2/default/images/1775366615084-bb21eb70-7bec-497f-9c8c-86ffed7e411e.png,A1702,S1702
C1703,B1703,Loan Booking,Plot,https://image2url.com/r2/default/images/1775366615084-bb21eb70-7bec-497f-9c8c-86ffed7e411e.png,A1703,S1703
C1704,B1704,Resale,Plot,https://image2url.com/r2/default/images/1775366615084-bb21eb70-7bec-497f-9c8c-86ffed7e411e.png,A1704,S1704
C1705,B1705,Direct Purchase,Plot,https://image2url.com/r2/default/images/1775366615084-bb21eb70-7bec-497f-9c8c-86ffed7e411e.png,A1705,S1705
C1706,B1706,Pre-Booking,Plot,https://image2url.com/r2/default/images/1775366615084-bb21eb70-7bec-497f-9c8c-86ffed7e411e.png,A1706,S1706
C1707,B1707,Loan Booking,Plot,https://image2url.com/r2/default/images/1775366615084-bb21eb70-7bec-497f-9c8c-86ffed7e411e.png,A1707,S1707
C1708,B1708,Resale,Plot,https://image2url.com/r2/default/images/1775366615084-bb21eb70-7bec-497f-9c8c-86ffed7e411e.png,A1708,S1708
C1709,B1709,Direct Purchase,Plot,https://image2url.com/r2/default/images/1775366615084-bb21eb70-7bec-497f-9c8c-86ffed7e411e.png,A1709,S1709
C1710,B1710,Pre-Booking,Plot,https://image2url.com/r2/default/images/1775366615084-bb21eb70-7bec-497f-9c8c-86ffed7e411e.png,A1710,S1710
C1711,B1711,Loan Booking,Plot,https://image2url.com/r2/default/images/1775366615084-bb21eb70-7bec-497f-9c8c-86ffed7e411e.png,A1711,S1711
C1712,B1712,Resale,Plot,https://image2url.com/r2/default/images/1775366615084-bb21eb70-7bec-497f-9c8c-86ffed7e411e.png,A1712,S1712
C1713,B1713,Direct Purchase,Plot,https://image2url.com/r2/default/images/1775366615084-bb21eb70-7bec-497f-9c8c-86ffed7e411e.png,A1713,S1713
C1714,B1714,Pre-Booking,Plot,https://image2url.com/r2/default/images/1775366615084-bb21eb70-7bec-497f-9c8c-86ffed7e411e.png,A1714,S1714
C1715,B1715,Loan Booking,Plot,https://image2url.com/r2/default/images/1775366615084-bb21eb70-7bec-497f-9c8c-86ffed7e411e.png,A1715,S1715
C1716,B1716,Resale,Plot,https://image2url.com/r2/default/images/1775366615084-bb21eb70-7bec-497f-9c8c-86ffed7e411e.png,A1716,S1716
C1717,B1717,Direct Purchase,Plot,https://image2url.com/r2/default/images/1775366615084-bb21eb70-7bec-497f-9c8c-86ffed7e411e.png,A1717,S1717
C1718,B1718,Pre-Booking,Plot,https://image2url.com/r2/default/images/1775366615084-bb21eb70-7bec-497f-9c8c-86ffed7e411e.png,A1718,S1718
C1719,B1719,Loan Booking,Plot,https://image2url.com/r2/default/images/1775366615084-bb21eb70-7bec-497f-9c8c-86ffed7e411e.png,A1719,S1719
C1720,B1720,Resale,Plot,https://image2url.com/r2/default/images/1775366615084-bb21eb70-7bec-497f-9c8c-86ffed7e411e.png,A1720,S1720
C1721,B1721,Direct Purchase,Plot,https://image2url.com/r2/default/images/1775366615084-bb21eb70-7bec-497f-9c8c-86ffed7e411e.png,A1721,S1721
C1722,B1722,Pre-Booking,Plot,https://image2url.com/r2/default/images/1775366615084-bb21eb70-7bec-497f-9c8c-86ffed7e411e.png,A1722,S1722
C1723,B1723,Loan Booking,Plot,https://image2url.com/r2/default/images/1775366615084-bb21eb70-7bec-497f-9c8c-86ffed7e411e.png,A1723,S1723
C1724,B1724,Resale,Plot,https://image2url.com/r2/default/images/1775366615084-bb21eb70-7bec-497f-9c8c-86ffed7e411e.png,A1724,S1724
C1725,B1725,Direct Purchase,Plot,https://image2url.com/r2/default/images/1775366615084-bb21eb70-7bec-497f-9c8c-86ffed7e411e.png,A1725,S1725
C1726,B1726,Pre-Booking,Plot,https://image2url.com/r2/default/images/1775366615084-bb21eb70-7bec-497f-9c8c-86ffed7e411e.png,A1726,S1726
C1727,B1727,Loan Booking,Plot,https://image2url.com/r2/default/images/1775366615084-bb21eb70-7bec-497f-9c8c-86ffed7e411e.png,A1727,S1727
C1728,B1728,Resale,Plot,https://image2url.com/r2/default/images/1775366615084-bb21eb70-7bec-497f-9c8c-86ffed7e411e.png,A1728,S1728
C1729,B1729,Direct Purchase,Plot,https://image2url.com/r2/default/images/1775366615084-bb21eb70-7bec-497f-9c8c-86ffed7e411e.png,A1729,S1729
C1730,B1730,Pre-Booking,Plot,https://image2url.com/r2/default/images/1775366615084-bb21eb70-7bec-497f-9c8c-86ffed7e411e.png,A1730,S1730
C1731,B1731,Loan Booking,Plot,https://image2url.com/r2/default/images/1775366615084-bb21eb70-7bec-497f-9c8c-86ffed7e411e.png,A1731,S1731
C1732,B1732,Resale,Plot,https://image2url.com/r2/default/images/1775366615084-bb21eb70-7bec-497f-9c8c-86ffed7e411e.png,A1732,S1732
C1733,B1733,Direct Purchase,Plot,https://image2url.com/r2/default/images/1775366615084-bb21eb70-7bec-497f-9c8c-86ffed7e411e.png,A1733,S1733
C1734,B1734,Pre-Booking,Plot,https://image2url.com/r2/default/images/1775366615084-bb21eb70-7bec-497f-9c8c-86ffed7e411e.png,A1734,S1734
C1735,B1735,Loan Booking,Plot,https://image2url.com/r2/default/images/1775366615084-bb21eb70-7bec-497f-9c8c-86ffed7e411e.png,A1735,S1735
C1736,B1736,Resale,Plot,https://image2url.com/r2/default/images/1775366615084-bb21eb70-7bec-497f-9c8c-86ffed7e411e.png,A1736,S1736
C1737,B1737,Direct Purchase,Plot,https://image2url.com/r2/default/images/1775366615084-bb21eb70-7bec-497f-9c8c-86ffed7e411e.png,A1737,S1737
C1738,B1738,Pre-Booking,Plot,https://image2url.com/r2/default/images/1775366615084-bb21eb70-7bec-497f-9c8c-86ffed7e411e.png,A1738,S1738
C1739,B1739,Loan Booking,Plot,https://image2url.com/r2/default/images/1775366615084-bb21eb70-7bec-497f-9c8c-86ffed7e411e.png,A1739,S1739
C1740,B1740,Resale,Plot,https://image2url.com/r2/default/images/1775366615084-bb21eb70-7bec-497f-9c8c-86ffed7e411e.png,A1740,S1740
C1741,B1741,Direct Purchase,Plot,https://image2url.com/r2/default/images/1775366615084-bb21eb70-7bec-497f-9c8c-86ffed7e411e.png,A1741,S1741
C1742,B1742,Pre-Booking,Plot,https://image2url.com/r2/default/images/1775366615084-bb21eb70-7bec-497f-9c8c-86ffed7e411e.png,A1742,S1742
C1743,B1743,Loan Booking,Plot,https://image2url.com/r2/default/images/1775366615084-bb21eb70-7bec-497f-9c8c-86ffed7e411e.png,A1743,S1743
C1744,B1744,Resale,Plot,https://image2url.com/r2/default/images/1775366615084-bb21eb70-7bec-497f-9c8c-86ffed7e411e.png,A1744,S1744
C1745,B1745,Direct Purchase,Plot,https://image2url.com/r2/default/images/1775366615084-bb21eb70-7bec-497f-9c8c-86ffed7e411e.png,A1745,S1745
C1746,B1746,Pre-Booking,Plot,https://image2url.com/r2/default/images/1775366615084-bb21eb70-7bec-497f-9c8c-86ffed7e411e.png,A1746,S1746
C1747,B1747,Loan Booking,Plot,https://image2url.com/r2/default/images/1775366615084-bb21eb70-7bec-497f-9c8c-86ffed7e411e.png,A1747,S1747
C1748,B1748,Resale,Plot,https://image2url.com/r2/default/images/1775366615084-bb21eb70-7bec-497f-9c8c-86ffed7e411e.png,A1748,S1748
C1749,B1749,Direct Purchase,Plot,https://image2url.com/r2/default/images/1775366615084-bb21eb70-7bec-497f-9c8c-86ffed7e411e.png,A1749,S1749
C1750,B1750,Pre-Booking,Plot,https://image2url.com/r2/default/images/1775366615084-bb21eb70-7bec-497f-9c8c-86ffed7e411e.png,A1750,S1750
C1751,B1751,Loan Booking,Plot,https://image2url.com/r2/default/images/1775366615084-bb21eb70-7bec-497f-9c8c-86ffed7e411e.png,A1751,S1751
C1752,B1752,Resale,Plot,https://image2url.com/r2/default/images/1775366615084-bb21eb70-7bec-497f-9c8c-86ffed7e411e.png,A1752,S1752
C1753,B1753,Direct Purchase,Plot,https://image2url.com/r2/default/images/1775366615084-bb21eb70-7bec-497f-9c8c-86ffed7e411e.png,A1753,S1753
C1754,B1754,Pre-Booking,Plot,https://image2url.com/r2/default/images/1775366615084-bb21eb70-7bec-497f-9c8c-86ffed7e411e.png,A1754,S1754
C1755,B1755,Loan Booking,Plot,https://image2url.com/r2/default/images/1775366615084-bb21eb70-7bec-497f-9c8c-86ffed7e411e.png,A1755,S1755
C1756,B1756,Resale,Plot,https://image2url.com/r2/default/images/1775366615084-bb21eb70-7bec-497f-9c8c-86ffed7e411e.png,A1756,S1756
C1757,B1757,Direct Purchase,Plot,https://image2url.com/r2/default/images/1775366615084-bb21eb70-7bec-497f-9c8c-86ffed7e411e.png,A1757,S1757
C1758,B1758,Pre-Booking,Plot,https://image2url.com/r2/default/images/1775366615084-bb21eb70-7bec-497f-9c8c-86ffed7e411e.png,A1758,S1758
C1759,B1759,Loan Booking,Plot,https://image2url.com/r2/default/images/1775366615084-bb21eb70-7bec-497f-9c8c-86ffed7e411e.png,A1759,S1759
C1760,B1760,Resale,Plot,https://image2url.com/r2/default/images/1775366615084-bb21eb70-7bec-497f-9c8c-86ffed7e411e.png,A1760,S1760
C1761,B1761,Direct Purchase,Plot,https://image2url.com/r2/default/images/1775366615084-bb21eb70-7bec-497f-9c8c-86ffed7e411e.png,A1761,S1761
C1762,B1762,Pre-Booking,Plot,https://image2url.com/r2/default/images/1775366615084-bb21eb70-7bec-497f-9c8c-86ffed7e411e.png,A1762,S1762
C1763,B1763,Loan Booking,Plot,https://image2url.com/r2/default/images/1775366615084-bb21eb70-7bec-497f-9c8c-86ffed7e411e.png,A1763,S1763
C1764,B1764,Resale,Plot,https://image2url.com/r2/default/images/1775366615084-bb21eb70-7bec-497f-9c8c-86ffed7e411e.png,A1764,S1764
C1765,B1765,Direct Purchase,Plot,https://image2url.com/r2/default/images/1775366615084-bb21eb70-7bec-497f-9c8c-86ffed7e411e.png,A1765,S1765
C1766,B1766,Pre-Booking,Plot,https://image2url.com/r2/default/images/1775366615084-bb21eb70-7bec-497f-9c8c-86ffed7e411e.png,A1766,S1766
C1767,B1767,Loan Booking,Plot,https://image2url.com/r2/default/images/1775366615084-bb21eb70-7bec-497f-9c8c-86ffed7e411e.png,A1767,S1767
C1768,B1768,Resale,Plot,https://image2url.com/r2/default/images/1775366615084-bb21eb70-7bec-497f-9c8c-86ffed7e411e.png,A1768,S1768
C1769,B1769,Direct Purchase,Plot,https://image2url.com/r2/default/images/1775366615084-bb21eb70-7bec-497f-9c8c-86ffed7e411e.png,A1769,S1769
C1770,B1770,Pre-Booking,Plot,https://image2url.com/r2/default/images/1775366615084-bb21eb70-7bec-497f-9c8c-86ffed7e411e.png,A1770,S1770
C1771,B1771,Loan Booking,Plot,https://image2url.com/r2/default/images/1775366615084-bb21eb70-7bec-497f-9c8c-86ffed7e411e.png,A1771,S1771
C1772,B1772,Resale,Plot,https://image2url.com/r2/default/images/1775366615084-bb21eb70-7bec-497f-9c8c-86ffed7e411e.png,A1772,S1772
C1773,B1773,Direct Purchase,Plot,https://image2url.com/r2/default/images/1775366615084-bb21eb70-7bec-497f-9c8c-86ffed7e411e.png,A1773,S1773
C1774,B1774,Pre-Booking,Plot,https://image2url.com/r2/default/images/1775366615084-bb21eb70-7bec-497f-9c8c-86ffed7e411e.png,A1774,S1774
C1775,B1775,Loan Booking,Plot,https://image2url.com/r2/default/images/1775366615084-bb21eb70-7bec-497f-9c8c-86ffed7e411e.png,A1775,S1775
C1776,B1776,Resale,Plot,https://image2url.com/r2/default/images/1775366615084-bb21eb70-7bec-497f-9c8c-86ffed7e411e.png,A1776,S1776
C1777,B1777,Direct Purchase,Plot,https://image2url.com/r2/default/images/1775366615084-bb21eb70-7bec-497f-9c8c-86ffed7e411e.png,A1777,S1777
C1778,B1778,Pre-Booking,Plot,https://image2url.com/r2/default/images/1775366615084-bb21eb70-7bec-497f-9c8c-86ffed7e411e.png,A1778,S1778
C1779,B1779,Loan Booking,Plot,https://image2url.com/r2/default/images/1775366615084-bb21eb70-7bec-497f-9c8c-86ffed7e411e.png,A1779,S1779
C1780,B1780,Resale,Plot,https://image2url.com/r2/default/images/1775366615084-bb21eb70-7bec-497f-9c8c-86ffed7e411e.png,A1780,S1780
C1781,B1781,Direct Purchase,Plot,https://image2url.com/r2/default/images/1775366615084-bb21eb70-7bec-497f-9c8c-86ffed7e411e.png,A1781,S1781
C1782,B1782,Pre-Booking,Plot,https://image2url.com/r2/default/images/1775366615084-bb21eb70-7bec-497f-9c8c-86ffed7e411e.png,A1782,S1782
C1783,B1783,Loan Booking,Plot,https://image2url.com/r2/default/images/1775366615084-bb21eb70-7bec-497f-9c8c-86ffed7e411e.png,A1783,S1783
C1784,B1784,Resale,Plot,https://image2url.com/r2/default/images/1775366615084-bb21eb70-7bec-497f-9c8c-86ffed7e411e.png,A1784,S1784
C1785,B1785,Direct Purchase,Plot,https://image2url.com/r2/default/images/1775366615084-bb21eb70-7bec-497f-9c8c-86ffed7e411e.png,A1785,S1785
C1786,B1786,Pre-Booking,Plot,https://image2url.com/r2/default/images/1775366615084-bb21eb70-7bec-497f-9c8c-86ffed7e411e.png,A1786,S1786
C1787,B1787,Loan Booking,Plot,https://image2url.com/r2/default/images/1775366615084-bb21eb70-7bec-497f-9c8c-86ffed7e411e.png,A1787,S1787
C1788,B1788,Resale,Plot,https://image2url.com/r2/default/images/1775366615084-bb21eb70-7bec-497f-9c8c-86ffed7e411e.png,A1788,S1788
C1789,B1789,Direct Purchase,Plot,https://image2url.com/r2/default/images/1775366615084-bb21eb70-7bec-497f-9c8c-86ffed7e411e.png,A1789,S1789
C1790,B1790,Pre-Booking,Plot,https://image2url.com/r2/default/images/1775366615084-bb21eb70-7bec-497f-9c8c-86ffed7e411e.png,A1790,S1790
C1791,B1791,Loan Booking,Plot,https://image2url.com/r2/default/images/1775366615084-bb21eb70-7bec-497f-9c8c-86ffed7e411e.png,A1791,S1791
C1792,B1792,Resale,Plot,https://image2url.com/r2/default/images/1775366615084-bb21eb70-7bec-497f-9c8c-86ffed7e411e.png,A1792,S1792
C1793,B1793,Direct Purchase,Plot,https://image2url.com/r2/default/images/1775366615084-bb21eb70-7bec-497f-9c8c-86ffed7e411e.png,A1793,S1793
C1794,B1794,Pre-Booking,Plot,https://image2url.com/r2/default/images/1775366615084-bb21eb70-7bec-497f-9c8c-86ffed7e411e.png,A1794,S1794
C1795,B1795,Loan Booking,Plot,https://image2url.com/r2/default/images/1775366615084-bb21eb70-7bec-497f-9c8c-86ffed7e411e.png,A1795,S1795
C1796,B1796,Resale,Plot,https://image2url.com/r2/default/images/1775366615084-bb21eb70-7bec-497f-9c8c-86ffed7e411e.png,A1796,S1796
C1797,B1797,Direct Purchase,Plot,https://image2url.com/r2/default/images/1775366615084-bb21eb70-7bec-497f-9c8c-86ffed7e411e.png,A1797,S1797
C1798,B1798,Pre-Booking,Plot,https://image2url.com/r2/default/images/1775366615084-bb21eb70-7bec-497f-9c8c-86ffed7e411e.png,A1798,S1798
C1799,B1799,Loan Booking,Plot,https://image2url.com/r2/default/images/1775366615084-bb21eb70-7bec-497f-9c8c-86ffed7e411e.png,A1799,S1799
C1800,B1800,Resale,Plot,https://image2url.com/r2/default/images/1775366615084-bb21eb70-7bec-497f-9c8c-86ffed7e411e.png,A1800,S1800
C1801,B1801,Loan Booking,Plot,https://image2url.com/r2/default/images/1775366615084-bb21eb70-7bec-497f-9c8c-86ffed7e411e.png,A1801,S1801
C1802,B1802,Loan Booking,Plot,https://image2url.com/r2/default/images/1775366615084-bb21eb70-7bec-497f-9c8c-86ffed7e411e.png,A1802,S1802
C1803,B1803,Loan Booking,Plot,https://image2url.com/r2/default/images/1775366615084-bb21eb70-7bec-497f-9c8c-86ffed7e411e.png,A1803,S1803
C1804,B1804,Loan Booking,Plot,https://image2url.com/r2/default/images/1775366615084-bb21eb70-7bec-497f-9c8c-86ffed7e411e.png,A1804,S1804
C1805,B1805,Loan Booking,Plot,https://image2url.com/r2/default/images/1775366615084-bb21eb70-7bec-497f-9c8c-86ffed7e411e.png,A1805,S1805
C1806,B1806,Loan Booking,Plot,https://image2url.com/r2/default/images/1775366615084-bb21eb70-7bec-497f-9c8c-86ffed7e411e.png,A1806,S1806
C1807,B1807,Loan Booking,Plot,https://image2url.com/r2/default/images/1775366615084-bb21eb70-7bec-497f-9c8c-86ffed7e411e.png,A1807,S1807
C1808,B1808,Loan Booking,Plot,https://image2url.com/r2/default/images/1775366615084-bb21eb70-7bec-497f-9c8c-86ffed7e411e.png,A1808,S1808
C1809,B1809,Loan Booking,Plot,https://image2url.com/r2/default/images/1775366615084-bb21eb70-7bec-497f-9c8c-86ffed7e411e.png,A1809,S1809
C1810,B1810,Loan Booking,Plot,https://image2url.com/r2/default/images/1775366615084-bb21eb70-7bec-497f-9c8c-86ffed7e411e.png,A1810,S1810
C1811,B1811,Loan Booking,Plot,https://image2url.com/r2/default/images/1775366615084-bb21eb70-7bec-497f-9c8c-86ffed7e411e.png,A1811,S1811
C1812,B1812,Loan Booking,Plot,https://image2url.com/r2/default/images/1775366615084-bb21eb70-7bec-497f-9c8c-86ffed7e411e.png,A1812,S1812
C1813,B1813,Loan Booking,Plot,https://image2url.com/r2/default/images/1775366615084-bb21eb70-7bec-497f-9c8c-86ffed7e411e.png,A1813,S1813
C1814,B1814,Loan Booking,Plot,https://image2url.com/r2/default/images/1775366615084-bb21eb70-7bec-497f-9c8c-86ffed7e411e.png,A1814,S1814
C1815,B1815,Loan Booking,Plot,https://image2url.com/r2/default/images/1775366615084-bb21eb70-7bec-497f-9c8c-86ffed7e411e.png,A1815,S1815
C1816,B1816,Loan Booking,Plot,https://image2url.com/r2/default/images/1775366615084-bb21eb70-7bec-497f-9c8c-86ffed7e411e.png,A1816,S1816
C1817,B1817,Loan Booking,Plot,https://image2url.com/r2/default/images/1775366615084-bb21eb70-7bec-497f-9c8c-86ffed7e411e.png,A1817,S1817
C1818,B1818,Loan Booking,Plot,https://image2url.com/r2/default/images/1775366615084-bb21eb70-7bec-497f-9c8c-86ffed7e411e.png,A1818,S1818
C1819,B1819,Loan Booking,Plot,https://image2url.com/r2/default/images/1775366615084-bb21eb70-7bec-497f-9c8c-86ffed7e411e.png,A1819,S1819
C1820,B1820,Loan Booking,Plot,https://image2url.com/r2/default/images/1775366615084-bb21eb70-7bec-497f-9c8c-86ffed7e411e.png,A1820,S1820
C1821,B1821,Loan Booking,Plot,https://image2url.com/r2/default/images/1775366615084-bb21eb70-7bec-497f-9c8c-86ffed7e411e.png,A1821,S1821
C1822,B1822,Loan Booking,Plot,https://image2url.com/r2/default/images/1775366615084-bb21eb70-7bec-497f-9c8c-86ffed7e411e.png,A1822,S1822
C1823,B1823,Loan Booking,Plot,https://image2url.com/r2/default/images/1775366615084-bb21eb70-7bec-497f-9c8c-86ffed7e411e.png,A1823,S1823
C1824,B1824,Loan Booking,Plot,https://image2url.com/r2/default/images/1775366615084-bb21eb70-7bec-497f-9c8c-86ffed7e411e.png,A1824,S1824
C1825,B1825,Loan Booking,Plot,https://image2url.com/r2/default/images/1775366615084-bb21eb70-7bec-497f-9c8c-86ffed7e411e.png,A1825,S1825
C1826,B1826,Loan Booking,Plot,https://image2url.com/r2/default/images/1775366615084-bb21eb70-7bec-497f-9c8c-86ffed7e411e.png,A1826,S1826
C1827,B1827,Loan Booking,Plot,https://image2url.com/r2/default/images/1775366615084-bb21eb70-7bec-497f-9c8c-86ffed7e411e.png,A1827,S1827
C1828,B1828,Loan Booking,Plot,https://image2url.com/r2/default/images/1775366615084-bb21eb70-7bec-497f-9c8c-86ffed7e411e.png,A1828,S1828
C1829,B1829,Loan Booking,Plot,https://image2url.com/r2/default/images/1775366615084-bb21eb70-7bec-497f-9c8c-86ffed7e411e.png,A1829,S1829
C1830,B1830,Loan Booking,Plot,https://image2url.com/r2/default/images/1775366615084-bb21eb70-7bec-497f-9c8c-86ffed7e411e.png,A1830,S1830
C1831,B1831,Loan Booking,Plot,https://image2url.com/r2/default/images/1775366615084-bb21eb70-7bec-497f-9c8c-86ffed7e411e.png,A1831,S1831
C1832,B1832,Loan Booking,Plot,https://image2url.com/r2/default/images/1775366615084-bb21eb70-7bec-497f-9c8c-86ffed7e411e.png,A1832,S1832
C1833,B1833,Loan Booking,Plot,https://image2url.com/r2/default/images/1775366615084-bb21eb70-7bec-497f-9c8c-86ffed7e411e.png,A1833,S1833
C1834,B1834,Loan Booking,Plot,https://image2url.com/r2/default/images/1775366615084-bb21eb70-7bec-497f-9c8c-86ffed7e411e.png,A1834,S1834
C1835,B1835,Loan Booking,Plot,https://image2url.com/r2/default/images/1775366615084-bb21eb70-7bec-497f-9c8c-86ffed7e411e.png,A1835,S1835
C1836,B1836,Loan Booking,Plot,https://image2url.com/r2/default/images/1775366615084-bb21eb70-7bec-497f-9c8c-86ffed7e411e.png,A1836,S1836
C1837,B1837,Loan Booking,Plot,https://image2url.com/r2/default/images/1775366615084-bb21eb70-7bec-497f-9c8c-86ffed7e411e.png,A1837,S1837
C1838,B1838,Loan Booking,Plot,https://image2url.com/r2/default/images/1775366615084-bb21eb70-7bec-497f-9c8c-86ffed7e411e.png,A1838,S1838
C1839,B1839,Loan Booking,Plot,https://image2url.com/r2/default/images/1775366615084-bb21eb70-7bec-497f-9c8c-86ffed7e411e.png,A1839,S1839
C1840,B1840,Loan Booking,Plot,https://image2url.com/r2/default/images/1775366615084-bb21eb70-7bec-497f-9c8c-86ffed7e411e.png,A1840,S1840
C1841,B1841,Loan Booking,Plot,https://image2url.com/r2/default/images/1775366615084-bb21eb70-7bec-497f-9c8c-86ffed7e411e.png,A1841,S1841
C1842,B1842,Loan Booking,Plot,https://image2url.com/r2/default/images/1775366615084-bb21eb70-7bec-497f-9c8c-86ffed7e411e.png,A1842,S1842
C1843,B1843,Loan Booking,Plot,https://image2url.com/r2/default/images/1775366615084-bb21eb70-7bec-497f-9c8c-86ffed7e411e.png,A1843,S1843
C1844,B1844,Loan Booking,Plot,https://image2url.com/r2/default/images/1775366615084-bb21eb70-7bec-497f-9c8c-86ffed7e411e.png,A1844,S1844
C1845,B1845,Loan Booking,Plot,https://image2url.com/r2/default/images/1775366615084-bb21eb70-7bec-497f-9c8c-86ffed7e411e.png,A1845,S1845
C1846,B1846,Loan Booking,Plot,https://image2url.com/r2/default/images/1775366615084-bb21eb70-7bec-497f-9c8c-86ffed7e411e.png,A1846,S1846
C1847,B1847,Loan Booking,Plot,https://image2url.com/r2/default/images/1775366615084-bb21eb70-7bec-497f-9c8c-86ffed7e411e.png,A1847,S1847
C1848,B1848,Loan Booking,Plot,https://image2url.com/r2/default/images/1775366615084-bb21eb70-7bec-497f-9c8c-86ffed7e411e.png,A1848,S1848
C1849,B1849,Loan Booking,Plot,https://image2url.com/r2/default/images/1775366615084-bb21eb70-7bec-497f-9c8c-86ffed7e411e.png,A1849,S1849
C1850,B1850,Loan Booking,Plot,https://image2url.com/r2/default/images/1775366615084-bb21eb70-7bec-497f-9c8c-86ffed7e411e.png,A1850,S1850
C1851,B1851,Loan Booking,Plot,https://image2url.com/r2/default/images/1775366615084-bb21eb70-7bec-497f-9c8c-86ffed7e411e.png,A1851,S1851
C1852,B1852,Loan Booking,Plot,https://image2url.com/r2/default/images/1775366615084-bb21eb70-7bec-497f-9c8c-86ffed7e411e.png,A1852,S1852
C1853,B1853,Loan Booking,Plot,https://image2url.com/r2/default/images/1775366615084-bb21eb70-7bec-497f-9c8c-86ffed7e411e.png,A1853,S1853
C1854,B1854,Loan Booking,Plot,https://image2url.com/r2/default/images/1775366615084-bb21eb70-7bec-497f-9c8c-86ffed7e411e.png,A1854,S1854
C1855,B1855,Loan Booking,Plot,https://image2url.com/r2/default/images/1775366615084-bb21eb70-7bec-497f-9c8c-86ffed7e411e.png,A1855,S1855
C1856,B1856,Loan Booking,Plot,https://image2url.com/r2/default/images/1775366615084-bb21eb70-7bec-497f-9c8c-86ffed7e411e.png,A1856,S1856
C1857,B1857,Loan Booking,Plot,https://image2url.com/r2/default/images/1775366615084-bb21eb70-7bec-497f-9c8c-86ffed7e411e.png,A1857,S1857
C1858,B1858,Loan Booking,Plot,https://image2url.com/r2/default/images/1775366615084-bb21eb70-7bec-497f-9c8c-86ffed7e411e.png,A1858,S1858
C1859,B1859,Loan Booking,Plot,https://image2url.com/r2/default/images/1775366615084-bb21eb70-7bec-497f-9c8c-86ffed7e411e.png,A1859,S1859
C1860,B1860,Loan Booking,Plot,https://image2url.com/r2/default/images/1775366615084-bb21eb70-7bec-497f-9c8c-86ffed7e411e.png,A1860,S1860
C1861,B1861,Loan Booking,Plot,https://image2url.com/r2/default/images/1775366615084-bb21eb70-7bec-497f-9c8c-86ffed7e411e.png,A1861,S1861
C1862,B1862,Loan Booking,Plot,https://image2url.com/r2/default/images/1775366615084-bb21eb70-7bec-497f-9c8c-86ffed7e411e.png,A1862,S1862
C1863,B1863,Loan Booking,Plot,https://image2url.com/r2/default/images/1775366615084-bb21eb70-7bec-497f-9c8c-86ffed7e411e.png,A1863,S1863
C1864,B1864,Loan Booking,Plot,https://image2url.com/r2/default/images/1775366615084-bb21eb70-7bec-497f-9c8c-86ffed7e411e.png,A1864,S1864
C1865,B1865,Loan Booking,Plot,https://image2url.com/r2/default/images/1775366615084-bb21eb70-7bec-497f-9c8c-86ffed7e411e.png,A1865,S1865
C1866,B1866,Loan Booking,Plot,https://image2url.com/r2/default/images/1775366615084-bb21eb70-7bec-497f-9c8c-86ffed7e411e.png,A1866,S1866
C1867,B1867,Loan Booking,Plot,https://image2url.com/r2/default/images/1775366615084-bb21eb70-7bec-497f-9c8c-86ffed7e411e.png,A1867,S1867
C1868,B1868,Loan Booking,Plot,https://image2url.com/r2/default/images/1775366615084-bb21eb70-7bec-497f-9c8c-86ffed7e411e.png,A1868,S1868
C1869,B1869,Loan Booking,Plot,https://image2url.com/r2/default/images/1775366615084-bb21eb70-7bec-497f-9c8c-86ffed7e411e.png,A1869,S1869
C1870,B1870,Loan Booking,Plot,https://image2url.com/r2/default/images/1775366615084-bb21eb70-7bec-497f-9c8c-86ffed7e411e.png,A1870,S1870
C1871,B1871,Loan Booking,Plot,https://image2url.com/r2/default/images/1775366615084-bb21eb70-7bec-497f-9c8c-86ffed7e411e.png,A1871,S1871
C1872,B1872,Loan Booking,Plot,https://image2url.com/r2/default/images/1775366615084-bb21eb70-7bec-497f-9c8c-86ffed7e411e.png,A1872,S1872
C1873,B1873,Loan Booking,Plot,https://image2url.com/r2/default/images/1775366615084-bb21eb70-7bec-497f-9c8c-86ffed7e411e.png,A1873,S1873
C1874,B1874,Loan Booking,Plot,https://image2url.com/r2/default/images/1775366615084-bb21eb70-7bec-497f-9c8c-86ffed7e411e.png,A1874,S1874
C1875,B1875,Loan Booking,Plot,https://image2url.com/r2/default/images/1775366615084-bb21eb70-7bec-497f-9c8c-86ffed7e411e.png,A1875,S1875
C1876,B1876,Loan Booking,Plot,https://image2url.com/r2/default/images/1775366615084-bb21eb70-7bec-497f-9c8c-86ffed7e411e.png,A1876,S1876
C1877,B1877,Loan Booking,Plot,https://image2url.com/r2/default/images/1775366615084-bb21eb70-7bec-497f-9c8c-86ffed7e411e.png,A1877,S1877
C1878,B1878,Loan Booking,Plot,https://image2url.com/r2/default/images/1775366615084-bb21eb70-7bec-497f-9c8c-86ffed7e411e.png,A1878,S1878
C1879,B1879,Loan Booking,Plot,https://image2url.com/r2/default/images/1775366615084-bb21eb70-7bec-497f-9c8c-86ffed7e411e.png,A1879,S1879
C1880,B1880,Loan Booking,Plot,https://image2url.com/r2/default/images/1775366615084-bb21eb70-7bec-497f-9c8c-86ffed7e411e.png,A1880,S1880
C1881,B1881,Loan Booking,Plot,https://image2url.com/r2/default/images/1775366615084-bb21eb70-7bec-497f-9c8c-86ffed7e411e.png,A1881,S1881
C1882,B1882,Loan Booking,Plot,https://image2url.com/r2/default/images/1775366615084-bb21eb70-7bec-497f-9c8c-86ffed7e411e.png,A1882,S1882
C1883,B1883,Loan Booking,Plot,https://image2url.com/r2/default/images/1775366615084-bb21eb70-7bec-497f-9c8c-86ffed7e411e.png,A1883,S1883
C1884,B1884,Loan Booking,Plot,https://image2url.com/r2/default/images/1775366615084-bb21eb70-7bec-497f-9c8c-86ffed7e411e.png,A1884,S1884
C1885,B1885,Loan Booking,Plot,https://image2url.com/r2/default/images/1775366615084-bb21eb70-7bec-497f-9c8c-86ffed7e411e.png,A1885,S1885
C1886,B1886,Loan Booking,Plot,https://image2url.com/r2/default/images/1775366615084-bb21eb70-7bec-497f-9c8c-86ffed7e411e.png,A1886,S1886
C1887,B1887,Loan Booking,Plot,https://image2url.com/r2/default/images/1775366615084-bb21eb70-7bec-497f-9c8c-86ffed7e411e.png,A1887,S1887
C1888,B1888,Loan Booking,Plot,https://image2url.com/r2/default/images/1775366615084-bb21eb70-7bec-497f-9c8c-86ffed7e411e.png,A1888,S1888
C1889,B1889,Loan Booking,Plot,https://image2url.com/r2/default/images/1775366615084-bb21eb70-7bec-497f-9c8c-86ffed7e411e.png,A1889,S1889
C1890,B1890,Loan Booking,Plot,https://image2url.com/r2/default/images/1775366615084-bb21eb70-7bec-497f-9c8c-86ffed7e411e.png,A1890,S1890
C1891,B1891,Loan Booking,Plot,https://image2url.com/r2/default/images/1775366615084-bb21eb70-7bec-497f-9c8c-86ffed7e411e.png,A1891,S1891
C1892,B1892,Loan Booking,Plot,https://image2url.com/r2/default/images/1775366615084-bb21eb70-7bec-497f-9c8c-86ffed7e411e.png,A1892,S1892
C1893,B1893,Loan Booking,Plot,https://image2url.com/r2/default/images/1775366615084-bb21eb70-7bec-497f-9c8c-86ffed7e411e.png,A1893,S1893
C1894,B1894,Loan Booking,Plot,https://image2url.com/r2/default/images/1775366615084-bb21eb70-7bec-497f-9c8c-86ffed7e411e.png,A1894,S1894
C1895,B1895,Loan Booking,Plot,https://image2url.com/r2/default/images/1775366615084-bb21eb70-7bec-497f-9c8c-86ffed7e411e.png,A1895,S1895
C1896,B1896,Loan Booking,Plot,https://image2url.com/r2/default/images/1775366615084-bb21eb70-7bec-497f-9c8c-86ffed7e411e.png,A1896,S1896
C1897,B1897,Loan Booking,Plot,https://image2url.com/r2/default/images/1775366615084-bb21eb70-7bec-497f-9c8c-86ffed7e411e.png,A1897,S1897
C1898,B1898,Loan Booking,Plot,https://image2url.com/r2/default/images/1775366615084-bb21eb70-7bec-497f-9c8c-86ffed7e411e.png,A1898,S1898
C1899,B1899,Loan Booking,Plot,https://image2url.com/r2/default/images/1775366615084-bb21eb70-7bec-497f-9c8c-86ffed7e411e.png,A1899,S1899
C1900,B1900,Loan Booking,Plot,https://image2url.com/r2/default/images/1775366615084-bb21eb70-7bec-497f-9c8c-86ffed7e411e.png,A1900,S1900
C1901,B1901,Loan Booking,Plot,https://image2url.com/r2/default/images/1775366615084-bb21eb70-7bec-497f-9c8c-86ffed7e411e.png,A1901,S1901
C1902,B1902,Loan Booking,Plot,https://image2url.com/r2/default/images/1775366615084-bb21eb70-7bec-497f-9c8c-86ffed7e411e.png,A1902,S1902
C1903,B1903,Loan Booking,Plot,https://image2url.com/r2/default/images/1775366615084-bb21eb70-7bec-497f-9c8c-86ffed7e411e.png,A1903,S1903
C1904,B1904,Loan Booking,Plot,https://image2url.com/r2/default/images/1775366615084-bb21eb70-7bec-497f-9c8c-86ffed7e411e.png,A1904,S1904
C1905,B1905,Loan Booking,Plot,https://image2url.com/r2/default/images/1775366615084-bb21eb70-7bec-497f-9c8c-86ffed7e411e.png,A1905,S1905
C1906,B1906,Loan Booking,Plot,https://image2url.com/r2/default/images/1775366615084-bb21eb70-7bec-497f-9c8c-86ffed7e411e.png,A1906,S1906
C1907,B1907,Loan Booking,Plot,https://image2url.com/r2/default/images/1775366615084-bb21eb70-7bec-497f-9c8c-86ffed7e411e.png,A1907,S1907
C1908,B1908,Loan Booking,Plot,https://image2url.com/r2/default/images/1775366615084-bb21eb70-7bec-497f-9c8c-86ffed7e411e.png,A1908,S1908
C1909,B1909,Loan Booking,Plot,https://image2url.com/r2/default/images/1775366615084-bb21eb70-7bec-497f-9c8c-86ffed7e411e.png,A1909,S1909
C1910,B1910,Loan Booking,Plot,https://image2url.com/r2/default/images/1775366615084-bb21eb70-7bec-497f-9c8c-86ffed7e411e.png,A1910,S1910
C1911,B1911,Loan Booking,Plot,https://image2url.com/r2/default/images/1775366615084-bb21eb70-7bec-497f-9c8c-86ffed7e411e.png,A1911,S1911
C1912,B1912,Loan Booking,Plot,https://image2url.com/r2/default/images/1775366615084-bb21eb70-7bec-497f-9c8c-86ffed7e411e.png,A1912,S1912
C1913,B1913,Loan Booking,Plot,https://image2url.com/r2/default/images/1775366615084-bb21eb70-7bec-497f-9c8c-86ffed7e411e.png,A1913,S1913
C1914,B1914,Loan Booking,Plot,https://image2url.com/r2/default/images/1775366615084-bb21eb70-7bec-497f-9c8c-86ffed7e411e.png,A1914,S1914
C1915,B1915,Loan Booking,Plot,https://image2url.com/r2/default/images/1775366615084-bb21eb70-7bec-497f-9c8c-86ffed7e411e.png,A1915,S1915
C1916,B1916,Loan Booking,Plot,https://image2url.com/r2/default/images/1775366615084-bb21eb70-7bec-497f-9c8c-86ffed7e411e.png,A1916,S1916
C1917,B1917,Loan Booking,Plot,https://image2url.com/r2/default/images/1775366615084-bb21eb70-7bec-497f-9c8c-86ffed7e411e.png,A1917,S1917
C1918,B1918,Loan Booking,Plot,https://image2url.com/r2/default/images/1775366615084-bb21eb70-7bec-497f-9c8c-86ffed7e411e.png,A1918,S1918
C1919,B1919,Loan Booking,Plot,https://image2url.com/r2/default/images/1775366615084-bb21eb70-7bec-497f-9c8c-86ffed7e411e.png,A1919,S1919
C1920,B1920,Loan Booking,Plot,https://image2url.com/r2/default/images/1775366615084-bb21eb70-7bec-497f-9c8c-86ffed7e411e.png,A1920,S1920
C1921,B1921,Loan Booking,Plot,https://image2url.com/r2/default/images/1775366615084-bb21eb70-7bec-497f-9c8c-86ffed7e411e.png,A1921,S1921
C1922,B1922,Loan Booking,Plot,https://image2url.com/r2/default/images/1775366615084-bb21eb70-7bec-497f-9c8c-86ffed7e411e.png,A1922,S1922
C1923,B1923,Loan Booking,Plot,https://image2url.com/r2/default/images/1775366615084-bb21eb70-7bec-497f-9c8c-86ffed7e411e.png,A1923,S1923
C1924,B1924,Loan Booking,Plot,https://image2url.com/r2/default/images/1775366615084-bb21eb70-7bec-497f-9c8c-86ffed7e411e.png,A1924,S1924
C1925,B1925,Loan Booking,Plot,https://image2url.com/r2/default/images/1775366615084-bb21eb70-7bec-497f-9c8c-86ffed7e411e.png,A1925,S1925
C1926,B1926,Loan Booking,Plot,https://image2url.com/r2/default/images/1775366615084-bb21eb70-7bec-497f-9c8c-86ffed7e411e.png,A1926,S1926
C1927,B1927,Loan Booking,Plot,https://image2url.com/r2/default/images/1775366615084-bb21eb70-7bec-497f-9c8c-86ffed7e411e.png,A1927,S1927
C1928,B1928,Loan Booking,Plot,https://image2url.com/r2/default/images/1775366615084-bb21eb70-7bec-497f-9c8c-86ffed7e411e.png,A1928,S1928
C1929,B1929,Loan Booking,Plot,https://image2url.com/r2/default/images/1775366615084-bb21eb70-7bec-497f-9c8c-86ffed7e411e.png,A1929,S1929
C1930,B1930,Loan Booking,Plot,https://image2url.com/r2/default/images/1775366615084-bb21eb70-7bec-497f-9c8c-86ffed7e411e.png,A1930,S1930
C1931,B1931,Loan Booking,Apartment,https://image2url.com/r2/default/images/1775365771521-eb23937a-a14e-441c-9dd3-73ae16559c6d.png,A1931,S1931
C1932,B1932,Loan Booking,Apartment,https://image2url.com/r2/default/images/1775365771521-eb23937a-a14e-441c-9dd3-73ae16559c6d.png,A1932,S1932
C1933,B1933,Loan Booking,Apartment,https://image2url.com/r2/default/images/1775365771521-eb23937a-a14e-441c-9dd3-73ae16559c6d.png,A1933,S1933
C1934,B1934,Loan Booking,Apartment,https://image2url.com/r2/default/images/1775365771521-eb23937a-a14e-441c-9dd3-73ae16559c6d.png,A1934,S1934
C1935,B1935,Loan Booking,Apartment,https://image2url.com/r2/default/images/1775365771521-eb23937a-a14e-441c-9dd3-73ae16559c6d.png,A1935,S1935
C1936,B1936,Loan Booking,Apartment,https://image2url.com/r2/default/images/1775365771521-eb23937a-a14e-441c-9dd3-73ae16559c6d.png,A1936,S1936
C1937,B1937,Loan Booking,Apartment,https://image2url.com/r2/default/images/1775365771521-eb23937a-a14e-441c-9dd3-73ae16559c6d.png,A1937,S1937
C1938,B1938,Loan Booking,Apartment,https://image2url.com/r2/default/images/1775365771521-eb23937a-a14e-441c-9dd3-73ae16559c6d.png,A1938,S1938
C1939,B1939,Loan Booking,Apartment,https://image2url.com/r2/default/images/1775365771521-eb23937a-a14e-441c-9dd3-73ae16559c6d.png,A1939,S1939
C1940,B1940,Loan Booking,Apartment,https://image2url.com/r2/default/images/1775365771521-eb23937a-a14e-441c-9dd3-73ae16559c6d.png,A1940,S1940
C1941,B1941,Loan Booking,Apartment,https://image2url.com/r2/default/images/1775365771521-eb23937a-a14e-441c-9dd3-73ae16559c6d.png,A1941,S1941
C1942,B1942,Loan Booking,Apartment,https://image2url.com/r2/default/images/1775365771521-eb23937a-a14e-441c-9dd3-73ae16559c6d.png,A1942,S1942
C1943,B1943,Loan Booking,Apartment,https://image2url.com/r2/default/images/1775365771521-eb23937a-a14e-441c-9dd3-73ae16559c6d.png,A1943,S1943
C1944,B1944,Loan Booking,Apartment,https://image2url.com/r2/default/images/1775365771521-eb23937a-a14e-441c-9dd3-73ae16559c6d.png,A1944,S1944
C1945,B1945,Loan Booking,Apartment,https://image2url.com/r2/default/images/1775365771521-eb23937a-a14e-441c-9dd3-73ae16559c6d.png,A1945,S1945
C1946,B1946,Loan Booking,Apartment,https://image2url.com/r2/default/images/1775365771521-eb23937a-a14e-441c-9dd3-73ae16559c6d.png,A1946,S1946
C1947,B1947,Loan Booking,Apartment,https://image2url.com/r2/default/images/1775365771521-eb23937a-a14e-441c-9dd3-73ae16559c6d.png,A1947,S1947
C1948,B1948,Loan Booking,Apartment,https://image2url.com/r2/default/images/1775365771521-eb23937a-a14e-441c-9dd3-73ae16559c6d.png,A1948,S1948
C1949,B1949,Loan Booking,Apartment,https://image2url.com/r2/default/images/1775365771521-eb23937a-a14e-441c-9dd3-73ae16559c6d.png,A1949,S1949
C1950,B1950,Loan Booking,Apartment,https://image2url.com/r2/default/images/1775365771521-eb23937a-a14e-441c-9dd3-73ae16559c6d.png,A1950,S1950
C1951,B1951,Loan Booking,Apartment,https://image2url.com/r2/default/images/1775365771521-eb23937a-a14e-441c-9dd3-73ae16559c6d.png,A1951,S1951
C1952,B1952,Loan Booking,Apartment,https://image2url.com/r2/default/images/1775365771521-eb23937a-a14e-441c-9dd3-73ae16559c6d.png,A1952,S1952
C1953,B1953,Loan Booking,Apartment,https://image2url.com/r2/default/images/1775365771521-eb23937a-a14e-441c-9dd3-73ae16559c6d.png,A1953,S1953
C1954,B1954,Loan Booking,Apartment,https://image2url.com/r2/default/images/1775365771521-eb23937a-a14e-441c-9dd3-73ae16559c6d.png,A1954,S1954
C1955,B1955,Loan Booking,Apartment,https://image2url.com/r2/default/images/1775365771521-eb23937a-a14e-441c-9dd3-73ae16559c6d.png,A1955,S1955
C1956,B1956,Loan Booking,Apartment,https://image2url.com/r2/default/images/1775365771521-eb23937a-a14e-441c-9dd3-73ae16559c6d.png,A1956,S1956
C1957,B1957,Loan Booking,Apartment,https://image2url.com/r2/default/images/1775365771521-eb23937a-a14e-441c-9dd3-73ae16559c6d.png,A1957,S1957
C1958,B1958,Loan Booking,Apartment,https://image2url.com/r2/default/images/1775365771521-eb23937a-a14e-441c-9dd3-73ae16559c6d.png,A1958,S1958
C1959,B1959,Loan Booking,Apartment,https://image2url.com/r2/default/images/1775365771521-eb23937a-a14e-441c-9dd3-73ae16559c6d.png,A1959,S1959
C1960,B1960,Loan Booking,Apartment,https://image2url.com/r2/default/images/1775365771521-eb23937a-a14e-441c-9dd3-73ae16559c6d.png,A1960,S1960
C1961,B1961,Loan Booking,Apartment,https://image2url.com/r2/default/images/1775365771521-eb23937a-a14e-441c-9dd3-73ae16559c6d.png,A1961,S1961
C1962,B1962,Loan Booking,Apartment,https://image2url.com/r2/default/images/1775365771521-eb23937a-a14e-441c-9dd3-73ae16559c6d.png,A1962,S1962
C1963,B1963,Loan Booking,Apartment,https://image2url.com/r2/default/images/1775365771521-eb23937a-a14e-441c-9dd3-73ae16559c6d.png,A1963,S1963
C1964,B1964,Loan Booking,Apartment,https://image2url.com/r2/default/images/1775365771521-eb23937a-a14e-441c-9dd3-73ae16559c6d.png,A1964,S1964
C1965,B1965,Loan Booking,Apartment,https://image2url.com/r2/default/images/1775365771521-eb23937a-a14e-441c-9dd3-73ae16559c6d.png,A1965,S1965
C1966,B1966,Loan Booking,Apartment,https://image2url.com/r2/default/images/1775365771521-eb23937a-a14e-441c-9dd3-73ae16559c6d.png,A1966,S1966
C1967,B1967,Loan Booking,Apartment,https://image2url.com/r2/default/images/1775365771521-eb23937a-a14e-441c-9dd3-73ae16559c6d.png,A1967,S1967
C1968,B1968,Loan Booking,Apartment,https://image2url.com/r2/default/images/1775365771521-eb23937a-a14e-441c-9dd3-73ae16559c6d.png,A1968,S1968
C1969,B1969,Loan Booking,Apartment,https://image2url.com/r2/default/images/1775365771521-eb23937a-a14e-441c-9dd3-73ae16559c6d.png,A1969,S1969
C1970,B1970,Loan Booking,Apartment,https://image2url.com/r2/default/images/1775365771521-eb23937a-a14e-441c-9dd3-73ae16559c6d.png,A1970,S1970
C1971,B1971,Loan Booking,Apartment,https://image2url.com/r2/default/images/1775365771521-eb23937a-a14e-441c-9dd3-73ae16559c6d.png,A1971,S1971
C1972,B1972,Loan Booking,Apartment,https://image2url.com/r2/default/images/1775365771521-eb23937a-a14e-441c-9dd3-73ae16559c6d.png,A1972,S1972
C1973,B1973,Loan Booking,Apartment,https://image2url.com/r2/default/images/1775365771521-eb23937a-a14e-441c-9dd3-73ae16559c6d.png,A1973,S1973
C1974,B1974,Loan Booking,Apartment,https://image2url.com/r2/default/images/1775365771521-eb23937a-a14e-441c-9dd3-73ae16559c6d.png,A1974,S1974
C1975,B1975,Loan Booking,Apartment,https://image2url.com/r2/default/images/1775365771521-eb23937a-a14e-441c-9dd3-73ae16559c6d.png,A1975,S1975
C1976,B1976,Loan Booking,Apartment,https://image2url.com/r2/default/images/1775365771521-eb23937a-a14e-441c-9dd3-73ae16559c6d.png,A1976,S1976
C1977,B1977,Loan Booking,Apartment,https://image2url.com/r2/default/images/1775365771521-eb23937a-a14e-441c-9dd3-73ae16559c6d.png,A1977,S1977
C1978,B1978,Loan Booking,Apartment,https://image2url.com/r2/default/images/1775365771521-eb23937a-a14e-441c-9dd3-73ae16559c6d.png,A1978,S1978
C1979,B1979,Loan Booking,Apartment,https://image2url.com/r2/default/images/1775365771521-eb23937a-a14e-441c-9dd3-73ae16559c6d.png,A1979,S1979
C1980,B1980,Loan Booking,Apartment,https://image2url.com/r2/default/images/1775365771521-eb23937a-a14e-441c-9dd3-73ae16559c6d.png,A1980,S1980
C1981,B1981,Loan Booking,Apartment,https://image2url.com/r2/default/images/1775365771521-eb23937a-a14e-441c-9dd3-73ae16559c6d.png,A1981,S1981
C1982,B1982,Loan Booking,Apartment,https://image2url.com/r2/default/images/1775365771521-eb23937a-a14e-441c-9dd3-73ae16559c6d.png,A1982,S1982
C1983,B1983,Loan Booking,Apartment,https://image2url.com/r2/default/images/1775365771521-eb23937a-a14e-441c-9dd3-73ae16559c6d.png,A1983,S1983
C1984,B1984,Loan Booking,Apartment,https://image2url.com/r2/default/images/1775365771521-eb23937a-a14e-441c-9dd3-73ae16559c6d.png,A1984,S1984
C1985,B1985,Loan Booking,Apartment,https://image2url.com/r2/default/images/1775365771521-eb23937a-a14e-441c-9dd3-73ae16559c6d.png,A1985,S1985
C1986,B1986,Loan Booking,Apartment,https://image2url.com/r2/default/images/1775365771521-eb23937a-a14e-441c-9dd3-73ae16559c6d.png,A1986,S1986
C1987,B1987,Loan Booking,Apartment,https://image2url.com/r2/default/images/1775365771521-eb23937a-a14e-441c-9dd3-73ae16559c6d.png,A1987,S1987
C1988,B1988,Loan Booking,Apartment,https://image2url.com/r2/default/images/1775365771521-eb23937a-a14e-441c-9dd3-73ae16559c6d.png,A1988,S1988
C1989,B1989,Loan Booking,Apartment,https://image2url.com/r2/default/images/1775365771521-eb23937a-a14e-441c-9dd3-73ae16559c6d.png,A1989,S1989
C1990,B1990,Loan Booking,Apartment,https://image2url.com/r2/default/images/1775365771521-eb23937a-a14e-441c-9dd3-73ae16559c6d.png,A1990,S1990
C1991,B1991,Loan Booking,Apartment,https://image2url.com/r2/default/images/1775365771521-eb23937a-a14e-441c-9dd3-73ae16559c6d.png,A1991,S1991
C1992,B1992,Loan Booking,Apartment,https://image2url.com/r2/default/images/1775365771521-eb23937a-a14e-441c-9dd3-73ae16559c6d.png,A1992,S1992
C1993,B1993,Loan Booking,Apartment,https://image2url.com/r2/default/images/1775365771521-eb23937a-a14e-441c-9dd3-73ae16559c6d.png,A1993,S1993
C1994,B1994,Loan Booking,Apartment,https://image2url.com/r2/default/images/1775365771521-eb23937a-a14e-441c-9dd3-73ae16559c6d.png,A1994,S1994
C1995,B1995,Loan Booking,Apartment,https://image2url.com/r2/default/images/1775365771521-eb23937a-a14e-441c-9dd3-73ae16559c6d.png,A1995,S1995
C1996,B1996,Loan Booking,Apartment,https://image2url.com/r2/default/images/1775365771521-eb23937a-a14e-441c-9dd3-73ae16559c6d.png,A1996,S1996
C1997,B1997,Loan Booking,Apartment,https://image2url.com/r2/default/images/1775365771521-eb23937a-a14e-441c-9dd3-73ae16559c6d.png,A1997,S1997
C1998,B1998,Loan Booking,Apartment,https://image2url.com/r2/default/images/1775365771521-eb23937a-a14e-441c-9dd3-73ae16559c6d.png,A1998,S1998
C1999,B1999,Loan Booking,Apartment,https://image2url.com/r2/default/images/1775365771521-eb23937a-a14e-441c-9dd3-73ae16559c6d.png,A1999,S1999
C2000,B2000,Loan Booking,Apartment,https://image2url.com/r2/default/images/1775365771521-eb23937a-a14e-441c-9dd3-73ae16559c6d.png,A2000,S2000
C2001,B2001,Loan Booking,Apartment,https://image2url.com/r2/default/images/1775365771521-eb23937a-a14e-441c-9dd3-73ae16559c6d.png,A2001,S2001
C2002,B2002,Loan Booking,Apartment,https://image2url.com/r2/default/images/1775365771521-eb23937a-a14e-441c-9dd3-73ae16559c6d.png,A2002,S2002
C2003,B2003,Loan Booking,Apartment,https://image2url.com/r2/default/images/1775365771521-eb23937a-a14e-441c-9dd3-73ae16559c6d.png,A2003,S2003
C2004,B2004,Loan Booking,Apartment,https://image2url.com/r2/default/images/1775365771521-eb23937a-a14e-441c-9dd3-73ae16559c6d.png,A2004,S2004
C2005,B2005,Loan Booking,Apartment,https://image2url.com/r2/default/images/1775365771521-eb23937a-a14e-441c-9dd3-73ae16559c6d.png,A2005,S2005
C2006,B2006,Loan Booking,Apartment,https://image2url.com/r2/default/images/1775365771521-eb23937a-a14e-441c-9dd3-73ae16559c6d.png,A2006,S2006
C2007,B2007,Loan Booking,Apartment,https://image2url.com/r2/default/images/1775365771521-eb23937a-a14e-441c-9dd3-73ae16559c6d.png,A2007,S2007
C2008,B2008,Loan Booking,Apartment,https://image2url.com/r2/default/images/1775365771521-eb23937a-a14e-441c-9dd3-73ae16559c6d.png,A2008,S2008
C2009,B2009,Loan Booking,Apartment,https://image2url.com/r2/default/images/1775365771521-eb23937a-a14e-441c-9dd3-73ae16559c6d.png,A2009,S2009
C2010,B2010,Loan Booking,Apartment,https://image2url.com/r2/default/images/1775365771521-eb23937a-a14e-441c-9dd3-73ae16559c6d.png,A2010,S2010
C2011,B2011,Loan Booking,Apartment,https://image2url.com/r2/default/images/1775365771521-eb23937a-a14e-441c-9dd3-73ae16559c6d.png,A2011,S2011
C2012,B2012,Loan Booking,Apartment,https://image2url.com/r2/default/images/1775365771521-eb23937a-a14e-441c-9dd3-73ae16559c6d.png,A2012,S2012
C2013,B2013,Loan Booking,Apartment,https://image2url.com/r2/default/images/1775365771521-eb23937a-a14e-441c-9dd3-73ae16559c6d.png,A2013,S2013
C2014,B2014,Loan Booking,Apartment,https://image2url.com/r2/default/images/1775365771521-eb23937a-a14e-441c-9dd3-73ae16559c6d.png,A2014,S2014
C2015,B2015,Loan Booking,Apartment,https://image2url.com/r2/default/images/1775365771521-eb23937a-a14e-441c-9dd3-73ae16559c6d.png,A2015,S2015
C2016,B2016,Loan Booking,Apartment,https://image2url.com/r2/default/images/1775365771521-eb23937a-a14e-441c-9dd3-73ae16559c6d.png,A2016,S2016
C2017,B2017,Loan Booking,Apartment,https://image2url.com/r2/default/images/1775365771521-eb23937a-a14e-441c-9dd3-73ae16559c6d.png,A2017,S2017
C2018,B2018,Loan Booking,Apartment,https://image2url.com/r2/default/images/1775365771521-eb23937a-a14e-441c-9dd3-73ae16559c6d.png,A2018,S2018
C2019,B2019,Loan Booking,Apartment,https://image2url.com/r2/default/images/1775365771521-eb23937a-a14e-441c-9dd3-73ae16559c6d.png,A2019,S2019
C2020,B2020,Loan Booking,Apartment,https://image2url.com/r2/default/images/1775365771521-eb23937a-a14e-441c-9dd3-73ae16559c6d.png,A2020,S2020
C2021,B2021,Loan Booking,Apartment,https://image2url.com/r2/default/images/1775365771521-eb23937a-a14e-441c-9dd3-73ae16559c6d.png,A2021,S2021
C2022,B2022,Loan Booking,Apartment,https://image2url.com/r2/default/images/1775365771521-eb23937a-a14e-441c-9dd3-73ae16559c6d.png,A2022,S2022
C2023,B2023,Loan Booking,Apartment,https://image2url.com/r2/default/images/1775365771521-eb23937a-a14e-441c-9dd3-73ae16559c6d.png,A2023,S2023
C2024,B2024,Loan Booking,Apartment,https://image2url.com/r2/default/images/1775365771521-eb23937a-a14e-441c-9dd3-73ae16559c6d.png,A2024,S2024
C2025,B2025,Loan Booking,Apartment,https://image2url.com/r2/default/images/1775365771521-eb23937a-a14e-441c-9dd3-73ae16559c6d.png,A2025,S2025
C2026,B2026,Loan Booking,Apartment,https://image2url.com/r2/default/images/1775365771521-eb23937a-a14e-441c-9dd3-73ae16559c6d.png,A2026,S2026
C2027,B2027,Loan Booking,Apartment,https://image2url.com/r2/default/images/1775365771521-eb23937a-a14e-441c-9dd3-73ae16559c6d.png,A2027,S2027
C2028,B2028,Loan Booking,Apartment,https://image2url.com/r2/default/images/1775365771521-eb23937a-a14e-441c-9dd3-73ae16559c6d.png,A2028,S2028
C2029,B2029,Loan Booking,Apartment,https://image2url.com/r2/default/images/1775365771521-eb23937a-a14e-441c-9dd3-73ae16559c6d.png,A2029,S2029
C2030,B2030,Loan Booking,Apartment,https://image2url.com/r2/default/images/1775365771521-eb23937a-a14e-441c-9dd3-73ae16559c6d.png,A2030,S2030
C2031,B2031,Loan Booking,Apartment,https://image2url.com/r2/default/images/1775365771521-eb23937a-a14e-441c-9dd3-73ae16559c6d.png,A2031,S2031
C2032,B2032,Loan Booking,Apartment,https://image2url.com/r2/default/images/1775365771521-eb23937a-a14e-441c-9dd3-73ae16559c6d.png,A2032,S2032
C2033,B2033,Loan Booking,Apartment,https://image2url.com/r2/default/images/1775365771521-eb23937a-a14e-441c-9dd3-73ae16559c6d.png,A2033,S2033
C2034,B2034,Loan Booking,Apartment,https://image2url.com/r2/default/images/1775365771521-eb23937a-a14e-441c-9dd3-73ae16559c6d.png,A2034,S2034
C2035,B2035,Loan Booking,Apartment,https://image2url.com/r2/default/images/1775365771521-eb23937a-a14e-441c-9dd3-73ae16559c6d.png,A2035,S2035
C2036,B2036,Loan Booking,Apartment,https://image2url.com/r2/default/images/1775365771521-eb23937a-a14e-441c-9dd3-73ae16559c6d.png,A2036,S2036
C2037,B2037,Loan Booking,Apartment,https://image2url.com/r2/default/images/1775365771521-eb23937a-a14e-441c-9dd3-73ae16559c6d.png,A2037,S2037
C2038,B2038,Loan Booking,Apartment,https://image2url.com/r2/default/images/1775365771521-eb23937a-a14e-441c-9dd3-73ae16559c6d.png,A2038,S2038
C2039,B2039,Loan Booking,Apartment,https://image2url.com/r2/default/images/1775365771521-eb23937a-a14e-441c-9dd3-73ae16559c6d.png,A2039,S2039
C2040,B2040,Loan Booking,Apartment,https://image2url.com/r2/default/images/1775365771521-eb23937a-a14e-441c-9dd3-73ae16559c6d.png,A2040,S2040
C2041,B2041,Loan Booking,Apartment,https://image2url.com/r2/default/images/1775365771521-eb23937a-a14e-441c-9dd3-73ae16559c6d.png,A2041,S2041
C2042,B2042,Loan Booking,Apartment,https://image2url.com/r2/default/images/1775365771521-eb23937a-a14e-441c-9dd3-73ae16559c6d.png,A2042,S2042
C2043,B2043,Loan Booking,Apartment,https://image2url.com/r2/default/images/1775365771521-eb23937a-a14e-441c-9dd3-73ae16559c6d.png,A2043,S2043
C2044,B2044,Loan Booking,Apartment,https://image2url.com/r2/default/images/1775365771521-eb23937a-a14e-441c-9dd3-73ae16559c6d.png,A2044,S2044
C2045,B2045,Loan Booking,Apartment,https://image2url.com/r2/default/images/1775365771521-eb23937a-a14e-441c-9dd3-73ae16559c6d.png,A2045,S2045
C2046,B2046,Loan Booking,Apartment,https://image2url.com/r2/default/images/1775365771521-eb23937a-a14e-441c-9dd3-73ae16559c6d.png,A2046,S2046
C2047,B2047,Loan Booking,Apartment,https://image2url.com/r2/default/images/1775365771521-eb23937a-a14e-441c-9dd3-73ae16559c6d.png,A2047,S2047
C2048,B2048,Loan Booking,Apartment,https://image2url.com/r2/default/images/1775365771521-eb23937a-a14e-441c-9dd3-73ae16559c6d.png,A2048,S2048
C2049,B2049,Loan Booking,Apartment,https://image2url.com/r2/default/images/1775365771521-eb23937a-a14e-441c-9dd3-73ae16559c6d.png,A2049,S2049
C2050,B2050,Loan Booking,Apartment,https://image2url.com/r2/default/images/1775365771521-eb23937a-a14e-441c-9dd3-73ae16559c6d.png,A2050,S2050
C2051,B2051,Loan Booking,Apartment,https://image2url.com/r2/default/images/1775365771521-eb23937a-a14e-441c-9dd3-73ae16559c6d.png,A2051,S2051
C2052,B2052,Loan Booking,Apartment,https://image2url.com/r2/default/images/1775365771521-eb23937a-a14e-441c-9dd3-73ae16559c6d.png,A2052,S2052
C2053,B2053,Loan Booking,Apartment,https://image2url.com/r2/default/images/1775365771521-eb23937a-a14e-441c-9dd3-73ae16559c6d.png,A2053,S2053
C2054,B2054,Loan Booking,Apartment,https://image2url.com/r2/default/images/1775365771521-eb23937a-a14e-441c-9dd3-73ae16559c6d.png,A2054,S2054
C2055,B2055,Loan Booking,Apartment,https://image2url.com/r2/default/images/1775365771521-eb23937a-a14e-441c-9dd3-73ae16559c6d.png,A2055,S2055
C2056,B2056,Loan Booking,Apartment,https://image2url.com/r2/default/images/1775365771521-eb23937a-a14e-441c-9dd3-73ae16559c6d.png,A2056,S2056
C2057,B2057,Loan Booking,Apartment,https://image2url.com/r2/default/images/1775365771521-eb23937a-a14e-441c-9dd3-73ae16559c6d.png,A2057,S2057
C2058,B2058,Loan Booking,Apartment,https://image2url.com/r2/default/images/1775365771521-eb23937a-a14e-441c-9dd3-73ae16559c6d.png,A2058,S2058
C2059,B2059,Loan Booking,Apartment,https://image2url.com/r2/default/images/1775365771521-eb23937a-a14e-441c-9dd3-73ae16559c6d.png,A2059,S2059
C2060,B2060,Loan Booking,Apartment,https://image2url.com/r2/default/images/1775365771521-eb23937a-a14e-441c-9dd3-73ae16559c6d.png,A2060,S2060
C2061,B2061,Loan Booking,Apartment,https://image2url.com/r2/default/images/1775365771521-eb23937a-a14e-441c-9dd3-73ae16559c6d.png,A2061,S2061
C2062,B2062,Loan Booking,Apartment,https://image2url.com/r2/default/images/1775365771521-eb23937a-a14e-441c-9dd3-73ae16559c6d.png,A2062,S2062
C2063,B2063,Loan Booking,Apartment,https://image2url.com/r2/default/images/1775365771521-eb23937a-a14e-441c-9dd3-73ae16559c6d.png,A2063,S2063
C2064,B2064,Loan Booking,Apartment,https://image2url.com/r2/default/images/1775365771521-eb23937a-a14e-441c-9dd3-73ae16559c6d.png,A2064,S2064
C2065,B2065,Loan Booking,Apartment,https://image2url.com/r2/default/images/1775365771521-eb23937a-a14e-441c-9dd3-73ae16559c6d.png,A2065,S2065
C2066,B2066,Loan Booking,Apartment,https://image2url.com/r2/default/images/1775365771521-eb23937a-a14e-441c-9dd3-73ae16559c6d.png,A2066,S2066
C2067,B2067,Loan Booking,Apartment,https://image2url.com/r2/default/images/1775365771521-eb23937a-a14e-441c-9dd3-73ae16559c6d.png,A2067,S2067
C2068,B2068,Loan Booking,Apartment,https://image2url.com/r2/default/images/1775365771521-eb23937a-a14e-441c-9dd3-73ae16559c6d.png,A2068,S2068
C2069,B2069,Loan Booking,Apartment,https://image2url.com/r2/default/images/1775365771521-eb23937a-a14e-441c-9dd3-73ae16559c6d.png,A2069,S2069
C2070,B2070,Loan Booking,Apartment,https://image2url.com/r2/default/images/1775365771521-eb23937a-a14e-441c-9dd3-73ae16559c6d.png,A2070,S2070
C2071,B2071,Loan Booking,Apartment,https://image2url.com/r2/default/images/1775365771521-eb23937a-a14e-441c-9dd3-73ae16559c6d.png,A2071,S2071
C2072,B2072,Loan Booking,Apartment,https://image2url.com/r2/default/images/1775365771521-eb23937a-a14e-441c-9dd3-73ae16559c6d.png,A2072,S2072
C2073,B2073,Loan Booking,Apartment,https://image2url.com/r2/default/images/1775365771521-eb23937a-a14e-441c-9dd3-73ae16559c6d.png,A2073,S2073
C2074,B2074,Loan Booking,Apartment,https://image2url.com/r2/default/images/1775365771521-eb23937a-a14e-441c-9dd3-73ae16559c6d.png,A2074,S2074
C2075,B2075,Loan Booking,Apartment,https://image2url.com/r2/default/images/1775365771521-eb23937a-a14e-441c-9dd3-73ae16559c6d.png,A2075,S2075
C2076,B2076,Loan Booking,Apartment,https://image2url.com/r2/default/images/1775365771521-eb23937a-a14e-441c-9dd3-73ae16559c6d.png,A2076,S2076
C2077,B2077,Loan Booking,Apartment,https://image2url.com/r2/default/images/1775365771521-eb23937a-a14e-441c-9dd3-73ae16559c6d.png,A2077,S2077
C2078,B2078,Loan Booking,Apartment,https://image2url.com/r2/default/images/1775365771521-eb23937a-a14e-441c-9dd3-73ae16559c6d.png,A2078,S2078
C2079,B2079,Loan Booking,Apartment,https://image2url.com/r2/default/images/1775365771521-eb23937a-a14e-441c-9dd3-73ae16559c6d.png,A2079,S2079
C2080,B2080,Loan Booking,Apartment,https://image2url.com/r2/default/images/1775365771521-eb23937a-a14e-441c-9dd3-73ae16559c6d.png,A2080,S2080
C2081,B2081,Loan Booking,Apartment,https://image2url.com/r2/default/images/1775365771521-eb23937a-a14e-441c-9dd3-73ae16559c6d.png,A2081,S2081
C2082,B2082,Loan Booking,Apartment,https://image2url.com/r2/default/images/1775365771521-eb23937a-a14e-441c-9dd3-73ae16559c6d.png,A2082,S2082
C2083,B2083,Loan Booking,Apartment,https://image2url.com/r2/default/images/1775365771521-eb23937a-a14e-441c-9dd3-73ae16559c6d.png,A2083,S2083
C2084,B2084,Loan Booking,Apartment,https://image2url.com/r2/default/images/1775365771521-eb23937a-a14e-441c-9dd3-73ae16559c6d.png,A2084,S2084
C2085,B2085,Loan Booking,Apartment,https://image2url.com/r2/default/images/1775365771521-eb23937a-a14e-441c-9dd3-73ae16559c6d.png,A2085,S2085
C2086,B2086,Loan Booking,Apartment,https://image2url.com/r2/default/images/1775365771521-eb23937a-a14e-441c-9dd3-73ae16559c6d.png,A2086,S2086
C2087,B2087,Loan Booking,Apartment,https://image2url.com/r2/default/images/1775365771521-eb23937a-a14e-441c-9dd3-73ae16559c6d.png,A2087,S2087
C2088,B2088,Loan Booking,Apartment,https://image2url.com/r2/default/images/1775365771521-eb23937a-a14e-441c-9dd3-73ae16559c6d.png,A2088,S2088
C2089,B2089,Loan Booking,Apartment,https://image2url.com/r2/default/images/1775365771521-eb23937a-a14e-441c-9dd3-73ae16559c6d.png,A2089,S2089
C2090,B2090,Loan Booking,Apartment,https://image2url.com/r2/default/images/1775365771521-eb23937a-a14e-441c-9dd3-73ae16559c6d.png,A2090,S2090
C2091,B2091,Loan Booking,Apartment,https://image2url.com/r2/default/images/1775365771521-eb23937a-a14e-441c-9dd3-73ae16559c6d.png,A2091,S2091
C2092,B2092,Loan Booking,Apartment,https://image2url.com/r2/default/images/1775365771521-eb23937a-a14e-441c-9dd3-73ae16559c6d.png,A2092,S2092
C2093,B2093,Loan Booking,Apartment,https://image2url.com/r2/default/images/1775365771521-eb23937a-a14e-441c-9dd3-73ae16559c6d.png,A2093,S2093
C2094,B2094,Loan Booking,Apartment,https://image2url.com/r2/default/images/1775365771521-eb23937a-a14e-441c-9dd3-73ae16559c6d.png,A2094,S2094
C2095,B2095,Loan Booking,Apartment,https://image2url.com/r2/default/images/1775365771521-eb23937a-a14e-441c-9dd3-73ae16559c6d.png,A2095,S2095
C2096,B2096,Loan Booking,Apartment,https://image2url.com/r2/default/images/1775365771521-eb23937a-a14e-441c-9dd3-73ae16559c6d.png,A2096,S2096
C2097,B2097,Loan Booking,Apartment,https://image2url.com/r2/default/images/1775365771521-eb23937a-a14e-441c-9dd3-73ae16559c6d.png,A2097,S2097
C2098,B2098,Loan Booking,Apartment,https://image2url.com/r2/default/images/1775365771521-eb23937a-a14e-441c-9dd3-73ae16559c6d.png,A2098,S2098
C2099,B2099,Loan Booking,Apartment,https://image2url.com/r2/default/images/1775365771521-eb23937a-a14e-441c-9dd3-73ae16559c6d.png,A2099,S2099
C2100,B2100,Loan Booking,Apartment,https://image2url.com/r2/default/images/1775365771521-eb23937a-a14e-441c-9dd3-73ae16559c6d.png,A2100,S2100
C2101,B2101,Loan Booking,Apartment,https://image2url.com/r2/default/images/1775365771521-eb23937a-a14e-441c-9dd3-73ae16559c6d.png,A2101,S2101
C2102,B2102,Loan Booking,Apartment,https://image2url.com/r2/default/images/1775365771521-eb23937a-a14e-441c-9dd3-73ae16559c6d.png,A2102,S2102
C2103,B2103,Loan Booking,Apartment,https://image2url.com/r2/default/images/1775365771521-eb23937a-a14e-441c-9dd3-73ae16559c6d.png,A2103,S2103
C2104,B2104,Loan Booking,Apartment,https://image2url.com/r2/default/images/1775365771521-eb23937a-a14e-441c-9dd3-73ae16559c6d.png,A2104,S2104
C2105,B2105,Loan Booking,Apartment,https://image2url.com/r2/default/images/1775365771521-eb23937a-a14e-441c-9dd3-73ae16559c6d.png,A2105,S2105
C2106,B2106,Loan Booking,Apartment,https://image2url.com/r2/default/images/1775365771521-eb23937a-a14e-441c-9dd3-73ae16559c6d.png,A2106,S2106
C2107,B2107,Loan Booking,Apartment,https://image2url.com/r2/default/images/1775365771521-eb23937a-a14e-441c-9dd3-73ae16559c6d.png,A2107,S2107
C2108,B2108,Loan Booking,Apartment,https://image2url.com/r2/default/images/1775365771521-eb23937a-a14e-441c-9dd3-73ae16559c6d.png,A2108,S2108
C2109,B2109,Loan Booking,Apartment,https://image2url.com/r2/default/images/1775365771521-eb23937a-a14e-441c-9dd3-73ae16559c6d.png,A2109,S2109
C2110,B2110,Loan Booking,Apartment,https://image2url.com/r2/default/images/1775365771521-eb23937a-a14e-441c-9dd3-73ae16559c6d.png,A2110,S2110
C2111,B2111,Loan Booking,Apartment,https://image2url.com/r2/default/images/1775365771521-eb23937a-a14e-441c-9dd3-73ae16559c6d.png,A2111,S2111
C2112,B2112,Loan Booking,Apartment,https://image2url.com/r2/default/images/1775365771521-eb23937a-a14e-441c-9dd3-73ae16559c6d.png,A2112,S2112
C2113,B2113,Loan Booking,Apartment,https://image2url.com/r2/default/images/1775365771521-eb23937a-a14e-441c-9dd3-73ae16559c6d.png,A2113,S2113
C2114,B2114,Loan Booking,Apartment,https://image2url.com/r2/default/images/1775365771521-eb23937a-a14e-441c-9dd3-73ae16559c6d.png,A2114,S2114
C2115,B2115,Loan Booking,Apartment,https://image2url.com/r2/default/images/1775365771521-eb23937a-a14e-441c-9dd3-73ae16559c6d.png,A2115,S2115
C2116,B2116,Loan Booking,Apartment,https://image2url.com/r2/default/images/1775365771521-eb23937a-a14e-441c-9dd3-73ae16559c6d.png,A2116,S2116
C2117,B2117,Loan Booking,Apartment,https://image2url.com/r2/default/images/1775365771521-eb23937a-a14e-441c-9dd3-73ae16559c6d.png,A2117,S2117
C2118,B2118,Loan Booking,Apartment,https://image2url.com/r2/default/images/1775365771521-eb23937a-a14e-441c-9dd3-73ae16559c6d.png,A2118,S2118
C2119,B2119,Loan Booking,Apartment,https://image2url.com/r2/default/images/1775365771521-eb23937a-a14e-441c-9dd3-73ae16559c6d.png,A2119,S2119
C2120,B2120,Loan Booking,Apartment,https://image2url.com/r2/default/images/1775365771521-eb23937a-a14e-441c-9dd3-73ae16559c6d.png,A2120,S2120
C2121,B2121,Loan Booking,Villa,https://image2url.com/r2/default/images/1775366894497-2d1627bd-ac8e-4a6c-a02f-998d681c0efe.png,A2121,S2121
C2122,B2122,Loan Booking,Villa,https://image2url.com/r2/default/images/1775366894497-2d1627bd-ac8e-4a6c-a02f-998d681c0efe.png,A2122,S2122
C2123,B2123,Loan Booking,Villa,https://image2url.com/r2/default/images/1775366894497-2d1627bd-ac8e-4a6c-a02f-998d681c0efe.png,A2123,S2123
C2124,B2124,Loan Booking,Villa,https://image2url.com/r2/default/images/1775366894497-2d1627bd-ac8e-4a6c-a02f-998d681c0efe.png,A2124,S2124
C2125,B2125,Loan Booking,Villa,https://image2url.com/r2/default/images/1775366894497-2d1627bd-ac8e-4a6c-a02f-998d681c0efe.png,A2125,S2125
C2126,B2126,Loan Booking,Villa,https://image2url.com/r2/default/images/1775366894497-2d1627bd-ac8e-4a6c-a02f-998d681c0efe.png,A2126,S2126
C2127,B2127,Loan Booking,Villa,https://image2url.com/r2/default/images/1775366894497-2d1627bd-ac8e-4a6c-a02f-998d681c0efe.png,A2127,S2127
C2128,B2128,Loan Booking,Villa,https://image2url.com/r2/default/images/1775366894497-2d1627bd-ac8e-4a6c-a02f-998d681c0efe.png,A2128,S2128
C2129,B2129,Loan Booking,Villa,https://image2url.com/r2/default/images/1775366894497-2d1627bd-ac8e-4a6c-a02f-998d681c0efe.png,A2129,S2129
C2130,B2130,Loan Booking,Villa,https://image2url.com/r2/default/images/1775366894497-2d1627bd-ac8e-4a6c-a02f-998d681c0efe.png,A2130,S2130
C2131,B2131,Loan Booking,Villa,https://image2url.com/r2/default/images/1775366894497-2d1627bd-ac8e-4a6c-a02f-998d681c0efe.png,A2131,S2131
C2132,B2132,Loan Booking,Villa,https://image2url.com/r2/default/images/1775366894497-2d1627bd-ac8e-4a6c-a02f-998d681c0efe.png,A2132,S2132
C2133,B2133,Loan Booking,Villa,https://image2url.com/r2/default/images/1775366894497-2d1627bd-ac8e-4a6c-a02f-998d681c0efe.png,A2133,S2133
C2134,B2134,Loan Booking,Villa,https://image2url.com/r2/default/images/1775366894497-2d1627bd-ac8e-4a6c-a02f-998d681c0efe.png,A2134,S2134
C2135,B2135,Loan Booking,Villa,https://image2url.com/r2/default/images/1775366894497-2d1627bd-ac8e-4a6c-a02f-998d681c0efe.png,A2135,S2135
C2136,B2136,Loan Booking,Villa,https://image2url.com/r2/default/images/1775366894497-2d1627bd-ac8e-4a6c-a02f-998d681c0efe.png,A2136,S2136
C2137,B2137,Loan Booking,Villa,https://image2url.com/r2/default/images/1775366894497-2d1627bd-ac8e-4a6c-a02f-998d681c0efe.png,A2137,S2137
C2138,B2138,Loan Booking,Villa,https://image2url.com/r2/default/images/1775366894497-2d1627bd-ac8e-4a6c-a02f-998d681c0efe.png,A2138,S2138
C2139,B2139,Loan Booking,Villa,https://image2url.com/r2/default/images/1775366894497-2d1627bd-ac8e-4a6c-a02f-998d681c0efe.png,A2139,S2139
C2140,B2140,Loan Booking,Villa,https://image2url.com/r2/default/images/1775366894497-2d1627bd-ac8e-4a6c-a02f-998d681c0efe.png,A2140,S2140
C2141,B2141,Loan Booking,Villa,https://image2url.com/r2/default/images/1775366894497-2d1627bd-ac8e-4a6c-a02f-998d681c0efe.png,A2141,S2141
C2142,B2142,Loan Booking,Villa,https://image2url.com/r2/default/images/1775366894497-2d1627bd-ac8e-4a6c-a02f-998d681c0efe.png,A2142,S2142
C2143,B2143,Loan Booking,Villa,https://image2url.com/r2/default/images/1775366894497-2d1627bd-ac8e-4a6c-a02f-998d681c0efe.png,A2143,S2143
C2144,B2144,Loan Booking,Villa,https://image2url.com/r2/default/images/1775366894497-2d1627bd-ac8e-4a6c-a02f-998d681c0efe.png,A2144,S2144
C2145,B2145,Loan Booking,Villa,https://image2url.com/r2/default/images/1775366894497-2d1627bd-ac8e-4a6c-a02f-998d681c0efe.png,A2145,S2145
C2146,B2146,Loan Booking,Villa,https://image2url.com/r2/default/images/1775366894497-2d1627bd-ac8e-4a6c-a02f-998d681c0efe.png,A2146,S2146
C2147,B2147,Loan Booking,Villa,https://image2url.com/r2/default/images/1775366894497-2d1627bd-ac8e-4a6c-a02f-998d681c0efe.png,A2147,S2147
C2148,B2148,Loan Booking,Villa,https://image2url.com/r2/default/images/1775366894497-2d1627bd-ac8e-4a6c-a02f-998d681c0efe.png,A2148,S2148
C2149,B2149,Loan Booking,Villa,https://image2url.com/r2/default/images/1775366894497-2d1627bd-ac8e-4a6c-a02f-998d681c0efe.png,A2149,S2149
C2150,B2150,Loan Booking,Villa,https://image2url.com/r2/default/images/1775366894497-2d1627bd-ac8e-4a6c-a02f-998d681c0efe.png,A2150,S2150
C2151,B2151,Loan Booking,Villa,https://image2url.com/r2/default/images/1775366894497-2d1627bd-ac8e-4a6c-a02f-998d681c0efe.png,A2151,S2151
C2152,B2152,Loan Booking,Villa,https://image2url.com/r2/default/images/1775366894497-2d1627bd-ac8e-4a6c-a02f-998d681c0efe.png,A2152,S2152
C2153,B2153,Loan Booking,Villa,https://image2url.com/r2/default/images/1775366894497-2d1627bd-ac8e-4a6c-a02f-998d681c0efe.png,A2153,S2153
C2154,B2154,Loan Booking,Villa,https://image2url.com/r2/default/images/1775366894497-2d1627bd-ac8e-4a6c-a02f-998d681c0efe.png,A2154,S2154
C2155,B2155,Loan Booking,Villa,https://image2url.com/r2/default/images/1775366894497-2d1627bd-ac8e-4a6c-a02f-998d681c0efe.png,A2155,S2155
C2156,B2156,Loan Booking,Villa,https://image2url.com/r2/default/images/1775366894497-2d1627bd-ac8e-4a6c-a02f-998d681c0efe.png,A2156,S2156
C2157,B2157,Loan Booking,Villa,https://image2url.com/r2/default/images/1775366894497-2d1627bd-ac8e-4a6c-a02f-998d681c0efe.png,A2157,S2157
C2158,B2158,Loan Booking,Villa,https://image2url.com/r2/default/images/1775366894497-2d1627bd-ac8e-4a6c-a02f-998d681c0efe.png,A2158,S2158
C2159,B2159,Loan Booking,Villa,https://image2url.com/r2/default/images/1775366894497-2d1627bd-ac8e-4a6c-a02f-998d681c0efe.png,A2159,S2159
C2160,B2160,Loan Booking,Villa,https://image2url.com/r2/default/images/1775366894497-2d1627bd-ac8e-4a6c-a02f-998d681c0efe.png,A2160,S2160
C2161,B2161,Loan Booking,Villa,https://image2url.com/r2/default/images/1775366894497-2d1627bd-ac8e-4a6c-a02f-998d681c0efe.png,A2161,S2161
C2162,B2162,Loan Booking,Villa,https://image2url.com/r2/default/images/1775366894497-2d1627bd-ac8e-4a6c-a02f-998d681c0efe.png,A2162,S2162
C2163,B2163,Loan Booking,Villa,https://image2url.com/r2/default/images/1775366894497-2d1627bd-ac8e-4a6c-a02f-998d681c0efe.png,A2163,S2163
C2164,B2164,Loan Booking,Villa,https://image2url.com/r2/default/images/1775366894497-2d1627bd-ac8e-4a6c-a02f-998d681c0efe.png,A2164,S2164
C2165,B2165,Loan Booking,Villa,https://image2url.com/r2/default/images/1775366894497-2d1627bd-ac8e-4a6c-a02f-998d681c0efe.png,A2165,S2165
C2166,B2166,Loan Booking,Villa,https://image2url.com/r2/default/images/1775366894497-2d1627bd-ac8e-4a6c-a02f-998d681c0efe.png,A2166,S2166
C2167,B2167,Loan Booking,Villa,https://image2url.com/r2/default/images/1775366894497-2d1627bd-ac8e-4a6c-a02f-998d681c0efe.png,A2167,S2167
C2168,B2168,Loan Booking,Villa,https://image2url.com/r2/default/images/1775366894497-2d1627bd-ac8e-4a6c-a02f-998d681c0efe.png,A2168,S2168
C2169,B2169,Loan Booking,Villa,https://image2url.com/r2/default/images/1775366894497-2d1627bd-ac8e-4a6c-a02f-998d681c0efe.png,A2169,S2169
C2170,B2170,Loan Booking,Villa,https://image2url.com/r2/default/images/1775366894497-2d1627bd-ac8e-4a6c-a02f-998d681c0efe.png,A2170,S2170
C2171,B2171,Loan Booking,Villa,https://image2url.com/r2/default/images/1775366894497-2d1627bd-ac8e-4a6c-a02f-998d681c0efe.png,A2171,S2171
C2172,B2172,Loan Booking,Villa,https://image2url.com/r2/default/images/1775366894497-2d1627bd-ac8e-4a6c-a02f-998d681c0efe.png,A2172,S2172
C2173,B2173,Loan Booking,Villa,https://image2url.com/r2/default/images/1775366894497-2d1627bd-ac8e-4a6c-a02f-998d681c0efe.png,A2173,S2173
C2174,B2174,Loan Booking,Villa,https://image2url.com/r2/default/images/1775366894497-2d1627bd-ac8e-4a6c-a02f-998d681c0efe.png,A2174,S2174
C2175,B2175,Loan Booking,Villa,https://image2url.com/r2/default/images/1775366894497-2d1627bd-ac8e-4a6c-a02f-998d681c0efe.png,A2175,S2175
C2176,B2176,Loan Booking,Villa,https://image2url.com/r2/default/images/1775366894497-2d1627bd-ac8e-4a6c-a02f-998d681c0efe.png,A2176,S2176
C2177,B2177,Loan Booking,Villa,https://image2url.com/r2/default/images/1775366894497-2d1627bd-ac8e-4a6c-a02f-998d681c0efe.png,A2177,S2177
C2178,B2178,Loan Booking,Villa,https://image2url.com/r2/default/images/1775366894497-2d1627bd-ac8e-4a6c-a02f-998d681c0efe.png,A2178,S2178
C2179,B2179,Loan Booking,Commercial,https://image2url.com/r2/default/images/1775366053175-0f364451-8a33-4ba4-a427-6a66077a018d.png,A2179,S2179
C2180,B2180,Loan Booking,Commercial,https://image2url.com/r2/default/images/1775366053175-0f364451-8a33-4ba4-a427-6a66077a018d.png,A2180,S2180
C2181,B2181,Loan Booking,Commercial,https://image2url.com/r2/default/images/1775366053175-0f364451-8a33-4ba4-a427-6a66077a018d.png,A2181,S2181
C2182,B2182,Loan Booking,Commercial,https://image2url.com/r2/default/images/1775366053175-0f364451-8a33-4ba4-a427-6a66077a018d.png,A2182,S2182
C2183,B2183,Loan Booking,Commercial,https://image2url.com/r2/default/images/1775366053175-0f364451-8a33-4ba4-a427-6a66077a018d.png,A2183,S2183
C2184,B2184,Loan Booking,Commercial,https://image2url.com/r2/default/images/1775366053175-0f364451-8a33-4ba4-a427-6a66077a018d.png,A2184,S2184
C2185,B2185,Loan Booking,Commercial,https://image2url.com/r2/default/images/1775366053175-0f364451-8a33-4ba4-a427-6a66077a018d.png,A2185,S2185
C2186,B2186,Loan Booking,Commercial,https://image2url.com/r2/default/images/1775366053175-0f364451-8a33-4ba4-a427-6a66077a018d.png,A2186,S2186
C2187,B2187,Loan Booking,Commercial,https://image2url.com/r2/default/images/1775366053175-0f364451-8a33-4ba4-a427-6a66077a018d.png,A2187,S2187
C2188,B2188,Loan Booking,Commercial,https://image2url.com/r2/default/images/1775366053175-0f364451-8a33-4ba4-a427-6a66077a018d.png,A2188,S2188
C2189,B2189,Loan Booking,Commercial,https://image2url.com/r2/default/images/1775366053175-0f364451-8a33-4ba4-a427-6a66077a018d.png,A2189,S2189
C2190,B2190,Loan Booking,Commercial,https://image2url.com/r2/default/images/1775366053175-0f364451-8a33-4ba4-a427-6a66077a018d.png,A2190,S2190
C2191,B2191,Loan Booking,Commercial,https://image2url.com/r2/default/images/1775366053175-0f364451-8a33-4ba4-a427-6a66077a018d.png,A2191,S2191
C2192,B2192,Loan Booking,Commercial,https://image2url.com/r2/default/images/1775366053175-0f364451-8a33-4ba4-a427-6a66077a018d.png,A2192,S2192
C2193,B2193,Loan Booking,Commercial,https://image2url.com/r2/default/images/1775366053175-0f364451-8a33-4ba4-a427-6a66077a018d.png,A2193,S2193
C2194,B2194,Loan Booking,Commercial,https://image2url.com/r2/default/images/1775366053175-0f364451-8a33-4ba4-a427-6a66077a018d.png,A2194,S2194
C2195,B2195,Loan Booking,Commercial,https://image2url.com/r2/default/images/1775366053175-0f364451-8a33-4ba4-a427-6a66077a018d.png,A2195,S2195
C2196,B2196,Loan Booking,Commercial,https://image2url.com/r2/default/images/1775366053175-0f364451-8a33-4ba4-a427-6a66077a018d.png,A2196,S2196
C2197,B2197,Loan Booking,Commercial,https://image2url.com/r2/default/images/1775366053175-0f364451-8a33-4ba4-a427-6a66077a018d.png,A2197,S2197
C2198,B2198,Loan Booking,Commercial,https://image2url.com/r2/default/images/1775366053175-0f364451-8a33-4ba4-a427-6a66077a018d.png,A2198,S2198
C2199,B2199,Loan Booking,Commercial,https://image2url.com/r2/default/images/1775366053175-0f364451-8a33-4ba4-a427-6a66077a018d.png,A2199,S2199
C2200,B2200,Loan Booking,Commercial,https://image2url.com/r2/default/images/1775366053175-0f364451-8a33-4ba4-a427-6a66077a018d.png,A2200,S2200
C2201,B2201,Loan Booking,Commercial,https://image2url.com/r2/default/images/1775366053175-0f364451-8a33-4ba4-a427-6a66077a018d.png,A2201,S2201
C2202,B2202,Loan Booking,Commercial,https://image2url.com/r2/default/images/1775366053175-0f364451-8a33-4ba4-a427-6a66077a018d.png,A2202,S2202
C2203,B2203,Loan Booking,Commercial,https://image2url.com/r2/default/images/1775366053175-0f364451-8a33-4ba4-a427-6a66077a018d.png,A2203,S2203
C2204,B2204,Loan Booking,Commercial,https://image2url.com/r2/default/images/1775366053175-0f364451-8a33-4ba4-a427-6a66077a018d.png,A2204,S2204
C2205,B2205,Loan Booking,Commercial,https://image2url.com/r2/default/images/1775366053175-0f364451-8a33-4ba4-a427-6a66077a018d.png,A2205,S2205
C2206,B2206,Loan Booking,Commercial,https://image2url.com/r2/default/images/1775366053175-0f364451-8a33-4ba4-a427-6a66077a018d.png,A2206,S2206
C2207,B2207,Loan Booking,Commercial,https://image2url.com/r2/default/images/1775366053175-0f364451-8a33-4ba4-a427-6a66077a018d.png,A2207,S2207
C2208,B2208,Loan Booking,Commercial,https://image2url.com/r2/default/images/1775366053175-0f364451-8a33-4ba4-a427-6a66077a018d.png,A2208,S2208
C2209,B2209,Loan Booking,Commercial,https://image2url.com/r2/default/images/1775366053175-0f364451-8a33-4ba4-a427-6a66077a018d.png,A2209,S2209
C2210,B2210,Loan Booking,Commercial,https://image2url.com/r2/default/images/1775366053175-0f364451-8a33-4ba4-a427-6a66077a018d.png,A2210,S2210
C2211,B2211,Loan Booking,Commercial,https://image2url.com/r2/default/images/1775366053175-0f364451-8a33-4ba4-a427-6a66077a018d.png,A2211,S2211
C2212,B2212,Loan Booking,Commercial,https://image2url.com/r2/default/images/1775366053175-0f364451-8a33-4ba4-a427-6a66077a018d.png,A2212,S2212
C2213,B2213,Loan Booking,Commercial,https://image2url.com/r2/default/images/1775366053175-0f364451-8a33-4ba4-a427-6a66077a018d.png,A2213,S2213
C2214,B2214,Loan Booking,Commercial,https://image2url.com/r2/default/images/1775366053175-0f364451-8a33-4ba4-a427-6a66077a018d.png,A2214,S2214
C2215,B2215,Loan Booking,Commercial,https://image2url.com/r2/default/images/1775366053175-0f364451-8a33-4ba4-a427-6a66077a018d.png,A2215,S2215
C2216,B2216,Loan Booking,Commercial,https://image2url.com/r2/default/images/1775366053175-0f364451-8a33-4ba4-a427-6a66077a018d.png,A2216,S2216
C2217,B2217,Loan Booking,Commercial,https://image2url.com/r2/default/images/1775366053175-0f364451-8a33-4ba4-a427-6a66077a018d.png,A2217,S2217
C2218,B2218,Loan Booking,Commercial,https://image2url.com/r2/default/images/1775366053175-0f364451-8a33-4ba4-a427-6a66077a018d.png,A2218,S2218
C2219,B2219,Loan Booking,Commercial,https://image2url.com/r2/default/images/1775366053175-0f364451-8a33-4ba4-a427-6a66077a018d.png,A2219,S2219
C2220,B2220,Loan Booking,Commercial,https://image2url.com/r2/default/images/1775366053175-0f364451-8a33-4ba4-a427-6a66077a018d.png,A2220,S2220
C2221,B2221,Loan Booking,Commercial,https://image2url.com/r2/default/images/1775366053175-0f364451-8a33-4ba4-a427-6a66077a018d.png,A2221,S2221
C2222,B2222,Loan Booking,Commercial,https://image2url.com/r2/default/images/1775366053175-0f364451-8a33-4ba4-a427-6a66077a018d.png,A2222,S2222
C2223,B2223,Loan Booking,Commercial,https://image2url.com/r2/default/images/1775366053175-0f364451-8a33-4ba4-a427-6a66077a018d.png,A2223,S2223
C2224,B2224,Loan Booking,Commercial,https://image2url.com/r2/default/images/1775366053175-0f364451-8a33-4ba4-a427-6a66077a018d.png,A2224,S2224
C2225,B2225,Loan Booking,Commercial,https://image2url.com/r2/default/images/1775366053175-0f364451-8a33-4ba4-a427-6a66077a018d.png,A2225,S2225
C2226,B2226,Loan Booking,Commercial,https://image2url.com/r2/default/images/1775366053175-0f364451-8a33-4ba4-a427-6a66077a018d.png,A2226,S2226
C2227,B2227,Loan Booking,Commercial,https://image2url.com/r2/default/images/1775366053175-0f364451-8a33-4ba4-a427-6a66077a018d.png,A2227,S2227
C2228,B2228,Loan Booking,Commercial,https://image2url.com/r2/default/images/1775366053175-0f364451-8a33-4ba4-a427-6a66077a018d.png,A2228,S2228
C2229,B2229,Loan Booking,Commercial,https://image2url.com/r2/default/images/1775366053175-0f364451-8a33-4ba4-a427-6a66077a018d.png,A2229,S2229
C2230,B2230,Loan Booking,Commercial,https://image2url.com/r2/default/images/1775366053175-0f364451-8a33-4ba4-a427-6a66077a018d.png,A2230,S2230
C2231,B2231,Loan Booking,Commercial,https://image2url.com/r2/default/images/1775366053175-0f364451-8a33-4ba4-a427-6a66077a018d.png,A2231,S2231
C2232,B2232,Loan Booking,Commercial,https://image2url.com/r2/default/images/1775366053175-0f364451-8a33-4ba4-a427-6a66077a018d.png,A2232,S2232
C2233,B2233,Loan Booking,Commercial,https://image2url.com/r2/default/images/1775366053175-0f364451-8a33-4ba4-a427-6a66077a018d.png,A2233,S2233
C2234,B2234,Loan Booking,Commercial,https://image2url.com/r2/default/images/1775366053175-0f364451-8a33-4ba4-a427-6a66077a018d.png,A2234,S2234
C2235,B2235,Loan Booking,Commercial,https://image2url.com/r2/default/images/1775366053175-0f364451-8a33-4ba4-a427-6a66077a018d.png,A2235,S2235
C2236,B2236,Loan Booking,Commercial,https://image2url.com/r2/default/images/1775366053175-0f364451-8a33-4ba4-a427-6a66077a018d.png,A2236,S2236
C2237,B2237,Loan Booking,Commercial,https://image2url.com/r2/default/images/1775366053175-0f364451-8a33-4ba4-a427-6a66077a018d.png,A2237,S2237
C2238,B2238,Loan Booking,Commercial,https://image2url.com/r2/default/images/1775366053175-0f364451-8a33-4ba4-a427-6a66077a018d.png,A2238,S2238
C2239,B2239,Loan Booking,Commercial,https://image2url.com/r2/default/images/1775366053175-0f364451-8a33-4ba4-a427-6a66077a018d.png,A2239,S2239
C2240,B2240,Loan Booking,Commercial,https://image2url.com/r2/default/images/1775366053175-0f364451-8a33-4ba4-a427-6a66077a018d.png,A2240,S2240
C2241,B2241,Loan Booking,Commercial,https://image2url.com/r2/default/images/1775366053175-0f364451-8a33-4ba4-a427-6a66077a018d.png,A2241,S2241
C2242,B2242,Loan Booking,Commercial,https://image2url.com/r2/default/images/1775366053175-0f364451-8a33-4ba4-a427-6a66077a018d.png,A2242,S2242
C2243,B2243,Loan Booking,Commercial,https://image2url.com/r2/default/images/1775366053175-0f364451-8a33-4ba4-a427-6a66077a018d.png,A2243,S2243
C2244,B2244,Loan Booking,Commercial,https://image2url.com/r2/default/images/1775366053175-0f364451-8a33-4ba4-a427-6a66077a018d.png,A2244,S2244
C2245,B2245,Loan Booking,Commercial,https://image2url.com/r2/default/images/1775366053175-0f364451-8a33-4ba4-a427-6a66077a018d.png,A2245,S2245
C2246,B2246,Loan Booking,Commercial,https://image2url.com/r2/default/images/1775366053175-0f364451-8a33-4ba4-a427-6a66077a018d.png,A2246,S2246
C2247,B2247,Loan Booking,Commercial,https://image2url.com/r2/default/images/1775366053175-0f364451-8a33-4ba4-a427-6a66077a018d.png,A2247,S2247
C2248,B2248,Loan Booking,Commercial,https://image2url.com/r2/default/images/1775366053175-0f364451-8a33-4ba4-a427-6a66077a018d.png,A2248,S2248
C2249,B2249,Loan Booking,Commercial,https://image2url.com/r2/default/images/1775366053175-0f364451-8a33-4ba4-a427-6a66077a018d.png,A2249,S2249
C2250,B2250,Loan Booking,Commercial,https://image2url.com/r2/default/images/1775366053175-0f364451-8a33-4ba4-a427-6a66077a018d.png,A2250,S2250
C2251,B2251,Loan Booking,Commercial,https://image2url.com/r2/default/images/1775366053175-0f364451-8a33-4ba4-a427-6a66077a018d.png,A2251,S2251
C2252,B2252,Loan Booking,Commercial,https://image2url.com/r2/default/images/1775366053175-0f364451-8a33-4ba4-a427-6a66077a018d.png,A2252,S2252
C2253,B2253,Loan Booking,Commercial,https://image2url.com/r2/default/images/1775366053175-0f364451-8a33-4ba4-a427-6a66077a018d.png,A2253,S2253
C2254,B2254,Loan Booking,Commercial,https://image2url.com/r2/default/images/1775366053175-0f364451-8a33-4ba4-a427-6a66077a018d.png,A2254,S2254
C2255,B2255,Loan Booking,Commercial,https://image2url.com/r2/default/images/1775366053175-0f364451-8a33-4ba4-a427-6a66077a018d.png,A2255,S2255
C2256,B2256,Loan Booking,Commercial,https://image2url.com/r2/default/images/1775366053175-0f364451-8a33-4ba4-a427-6a66077a018d.png,A2256,S2256
C2257,B2257,Loan Booking,Commercial,https://image2url.com/r2/default/images/1775366053175-0f364451-8a33-4ba4-a427-6a66077a018d.png,A2257,S2257
C2258,B2258,Loan Booking,Commercial,https://image2url.com/r2/default/images/1775366053175-0f364451-8a33-4ba4-a427-6a66077a018d.png,A2258,S2258
C2259,B2259,Loan Booking,Commercial,https://image2url.com/r2/default/images/1775366053175-0f364451-8a33-4ba4-a427-6a66077a018d.png,A2259,S2259
C2260,B2260,Loan Booking,Commercial,https://image2url.com/r2/default/images/1775366053175-0f364451-8a33-4ba4-a427-6a66077a018d.png,A2260,S2260
C2261,B2261,Loan Booking,Commercial,https://image2url.com/r2/default/images/1775366053175-0f364451-8a33-4ba4-a427-6a66077a018d.png,A2261,S2261
C2262,B2262,Loan Booking,Commercial,https://image2url.com/r2/default/images/1775366053175-0f364451-8a33-4ba4-a427-6a66077a018d.png,A2262,S2262
C2263,B2263,Loan Booking,Commercial,https://image2url.com/r2/default/images/1775366053175-0f364451-8a33-4ba4-a427-6a66077a018d.png,A2263,S2263
C2264,B2264,Loan Booking,Commercial,https://image2url.com/r2/default/images/1775366053175-0f364451-8a33-4ba4-a427-6a66077a018d.png,A2264,S2264
C2265,B2265,Loan Booking,Commercial,https://image2url.com/r2/default/images/1775366053175-0f364451-8a33-4ba4-a427-6a66077a018d.png,A2265,S2265
C2266,B2266,Loan Booking,Commercial,https://image2url.com/r2/default/images/1775366053175-0f364451-8a33-4ba4-a427-6a66077a018d.png,A2266,S2266
C2267,B2267,Loan Booking,Commercial,https://image2url.com/r2/default/images/1775366053175-0f364451-8a33-4ba4-a427-6a66077a018d.png,A2267,S2267
C2268,B2268,Loan Booking,Commercial,https://image2url.com/r2/default/images/1775366053175-0f364451-8a33-4ba4-a427-6a66077a018d.png,A2268,S2268
C2269,B2269,Loan Booking,Commercial,https://image2url.com/r2/default/images/1775366053175-0f364451-8a33-4ba4-a427-6a66077a018d.png,A2269,S2269
C2270,B2270,Loan Booking,Commercial,https://image2url.com/r2/default/images/1775366053175-0f364451-8a33-4ba4-a427-6a66077a018d.png,A2270,S2270
C2271,B2271,Loan Booking,Commercial,https://image2url.com/r2/default/images/1775366053175-0f364451-8a33-4ba4-a427-6a66077a018d.png,A2271,S2271
C2272,B2272,Loan Booking,Commercial,https://image2url.com/r2/default/images/1775366053175-0f364451-8a33-4ba4-a427-6a66077a018d.png,A2272,S2272
C2273,B2273,Loan Booking,Commercial,https://image2url.com/r2/default/images/1775366053175-0f364451-8a33-4ba4-a427-6a66077a018d.png,A2273,S2273
C2274,B2274,Loan Booking,Commercial,https://image2url.com/r2/default/images/1775366053175-0f364451-8a33-4ba4-a427-6a66077a018d.png,A2274,S2274
C2275,B2275,Loan Booking,Commercial,https://image2url.com/r2/default/images/1775366053175-0f364451-8a33-4ba4-a427-6a66077a018d.png,A2275,S2275
C2276,B2276,Loan Booking,Commercial,https://image2url.com/r2/default/images/1775366053175-0f364451-8a33-4ba4-a427-6a66077a018d.png,A2276,S2276
C2277,B2277,Loan Booking,Commercial,https://image2url.com/r2/default/images/1775366053175-0f364451-8a33-4ba4-a427-6a66077a018d.png,A2277,S2277
C2278,B2278,Loan Booking,Commercial,https://image2url.com/r2/default/images/1775366053175-0f364451-8a33-4ba4-a427-6a66077a018d.png,A2278,S2278
C2279,B2279,Loan Booking,Commercial,https://image2url.com/r2/default/images/1775366053175-0f364451-8a33-4ba4-a427-6a66077a018d.png,A2279,S2279
C2280,B2280,Loan Booking,Commercial,https://image2url.com/r2/default/images/1775366053175-0f364451-8a33-4ba4-a427-6a66077a018d.png,A2280,S2280
C2281,B2281,Loan Booking,Commercial,https://image2url.com/r2/default/images/1775366053175-0f364451-8a33-4ba4-a427-6a66077a018d.png,A2281,S2281
C2282,B2282,Loan Booking,Commercial,https://image2url.com/r2/default/images/1775366053175-0f364451-8a33-4ba4-a427-6a66077a018d.png,A2282,S2282
C2283,B2283,Loan Booking,Commercial,https://image2url.com/r2/default/images/1775366053175-0f364451-8a33-4ba4-a427-6a66077a018d.png,A2283,S2283
C2284,B2284,Loan Booking,Commercial,https://image2url.com/r2/default/images/1775366053175-0f364451-8a33-4ba4-a427-6a66077a018d.png,A2284,S2284
C2285,B2285,Loan Booking,Commercial,https://image2url.com/r2/default/images/1775366053175-0f364451-8a33-4ba4-a427-6a66077a018d.png,A2285,S2285
C2286,B2286,Loan Booking,Commercial,https://image2url.com/r2/default/images/1775366053175-0f364451-8a33-4ba4-a427-6a66077a018d.png,A2286,S2286
C2287,B2287,Loan Booking,Commercial,https://image2url.com/r2/default/images/1775366053175-0f364451-8a33-4ba4-a427-6a66077a018d.png,A2287,S2287
C2288,B2288,Loan Booking,Commercial,https://image2url.com/r2/default/images/1775366053175-0f364451-8a33-4ba4-a427-6a66077a018d.png,A2288,S2288
C2289,B2289,Loan Booking,Commercial,https://image2url.com/r2/default/images/1775366053175-0f364451-8a33-4ba4-a427-6a66077a018d.png,A2289,S2289
C2290,B2290,Loan Booking,Commercial,https://image2url.com/r2/default/images/1775366053175-0f364451-8a33-4ba4-a427-6a66077a018d.png,A2290,S2290
C2291,B2291,Loan Booking,Commercial,https://image2url.com/r2/default/images/1775366053175-0f364451-8a33-4ba4-a427-6a66077a018d.png,A2291,S2291
C2292,B2292,Loan Booking,Commercial,https://image2url.com/r2/default/images/1775366053175-0f364451-8a33-4ba4-a427-6a66077a018d.png,A2292,S2292
C2293,B2293,Loan Booking,Commercial,https://image2url.com/r2/default/images/1775366053175-0f364451-8a33-4ba4-a427-6a66077a018d.png,A2293,S2293
C2294,B2294,Loan Booking,Commercial,https://image2url.com/r2/default/images/1775366053175-0f364451-8a33-4ba4-a427-6a66077a018d.png,A2294,S2294
C2295,B2295,Loan Booking,Commercial,https://image2url.com/r2/default/images/1775366053175-0f364451-8a33-4ba4-a427-6a66077a018d.png,A2295,S2295
C2296,B2296,Loan Booking,Commercial,https://image2url.com/r2/default/images/1775366053175-0f364451-8a33-4ba4-a427-6a66077a018d.png,A2296,S2296
C2297,B2297,Loan Booking,Commercial,https://image2url.com/r2/default/images/1775366053175-0f364451-8a33-4ba4-a427-6a66077a018d.png,A2297,S2297
C2298,B2298,Loan Booking,Commercial,https://image2url.com/r2/default/images/1775366053175-0f364451-8a33-4ba4-a427-6a66077a018d.png,A2298,S2298
C2299,B2299,Loan Booking,Commercial,https://image2url.com/r2/default/images/1775366053175-0f364451-8a33-4ba4-a427-6a66077a018d.png,A2299,S2299
C2300,B2300,Loan Booking,Commercial,https://image2url.com/r2/default/images/1775366053175-0f364451-8a33-4ba4-a427-6a66077a018d.png,A2300,S2300
C2301,B2301,Loan Booking,Commercial,https://image2url.com/r2/default/images/1775366053175-0f364451-8a33-4ba4-a427-6a66077a018d.png,A2301,S2301
C2302,B2302,Loan Booking,Commercial,https://image2url.com/r2/default/images/1775366053175-0f364451-8a33-4ba4-a427-6a66077a018d.png,A2302,S2302
C2303,B2303,Loan Booking,Commercial,https://image2url.com/r2/default/images/1775366053175-0f364451-8a33-4ba4-a427-6a66077a018d.png,A2303,S2303
C2304,B2304,Loan Booking,Commercial,https://image2url.com/r2/default/images/1775366053175-0f364451-8a33-4ba4-a427-6a66077a018d.png,A2304,S2304
C2305,B2305,Loan Booking,Commercial,https://image2url.com/r2/default/images/1775366053175-0f364451-8a33-4ba4-a427-6a66077a018d.png,A2305,S2305
C2306,B2306,Loan Booking,Commercial,https://image2url.com/r2/default/images/1775366053175-0f364451-8a33-4ba4-a427-6a66077a018d.png,A2306,S2306
C2307,B2307,Loan Booking,Commercial,https://image2url.com/r2/default/images/1775366053175-0f364451-8a33-4ba4-a427-6a66077a018d.png,A2307,S2307
C2308,B2308,Loan Booking,Commercial,https://image2url.com/r2/default/images/1775366053175-0f364451-8a33-4ba4-a427-6a66077a018d.png,A2308,S2308
C2309,B2309,Loan Booking,Commercial,https://image2url.com/r2/default/images/1775366053175-0f364451-8a33-4ba4-a427-6a66077a018d.png,A2309,S2309
C2310,B2310,Loan Booking,Commercial,https://image2url.com/r2/default/images/1775366053175-0f364451-8a33-4ba4-a427-6a66077a018d.png,A2310,S2310
C2311,B2311,Loan Booking,Commercial,https://image2url.com/r2/default/images/1775366053175-0f364451-8a33-4ba4-a427-6a66077a018d.png,A2311,S2311
C2312,B2312,Loan Booking,Commercial,https://image2url.com/r2/default/images/1775366053175-0f364451-8a33-4ba4-a427-6a66077a018d.png,A2312,S2312
C2313,B2313,Loan Booking,Commercial,https://image2url.com/r2/default/images/1775366053175-0f364451-8a33-4ba4-a427-6a66077a018d.png,A2313,S2313
C2314,B2314,Loan Booking,Commercial,https://image2url.com/r2/default/images/1775366053175-0f364451-8a33-4ba4-a427-6a66077a018d.png,A2314,S2314
C2315,B2315,Loan Booking,Commercial,https://image2url.com/r2/default/images/1775366053175-0f364451-8a33-4ba4-a427-6a66077a018d.png,A2315,S2315
C2316,B2316,Loan Booking,Commercial,https://image2url.com/r2/default/images/1775366053175-0f364451-8a33-4ba4-a427-6a66077a018d.png,A2316,S2316
C2317,B2317,Loan Booking,Commercial,https://image2url.com/r2/default/images/1775366053175-0f364451-8a33-4ba4-a427-6a66077a018d.png,A2317,S2317
C2318,B2318,Loan Booking,Commercial,https://image2url.com/r2/default/images/1775366053175-0f364451-8a33-4ba4-a427-6a66077a018d.png,A2318,S2318
C2319,B2319,Loan Booking,Commercial,https://image2url.com/r2/default/images/1775366053175-0f364451-8a33-4ba4-a427-6a66077a018d.png,A2319,S2319
C2320,B2320,Loan Booking,Commercial,https://image2url.com/r2/default/images/1775366053175-0f364451-8a33-4ba4-a427-6a66077a018d.png,A2320,S2320
C2321,B2321,Loan Booking,Commercial,https://image2url.com/r2/default/images/1775366053175-0f364451-8a33-4ba4-a427-6a66077a018d.png,A2321,S2321
C2322,B2322,Loan Booking,Commercial,https://image2url.com/r2/default/images/1775366053175-0f364451-8a33-4ba4-a427-6a66077a018d.png,A2322,S2322
C2323,B2323,Loan Booking,Commercial,https://image2url.com/r2/default/images/1775366053175-0f364451-8a33-4ba4-a427-6a66077a018d.png,A2323,S2323
C2324,B2324,Loan Booking,Commercial,https://image2url.com/r2/default/images/1775366053175-0f364451-8a33-4ba4-a427-6a66077a018d.png,A2324,S2324
C2325,B2325,Loan Booking,Commercial,https://image2url.com/r2/default/images/1775366053175-0f364451-8a33-4ba4-a427-6a66077a018d.png,A2325,S2325
C2326,B2326,Loan Booking,Commercial,https://image2url.com/r2/default/images/1775366053175-0f364451-8a33-4ba4-a427-6a66077a018d.png,A2326,S2326
C2327,B2327,Loan Booking,Commercial,https://image2url.com/r2/default/images/1775366053175-0f364451-8a33-4ba4-a427-6a66077a018d.png,A2327,S2327
C2328,B2328,Loan Booking,Commercial,https://image2url.com/r2/default/images/1775366053175-0f364451-8a33-4ba4-a427-6a66077a018d.png,A2328,S2328
C2329,B2329,Loan Booking,Commercial,https://image2url.com/r2/default/images/1775366053175-0f364451-8a33-4ba4-a427-6a66077a018d.png,A2329,S2329
C2330,B2330,Loan Booking,Commercial,https://image2url.com/r2/default/images/1775366053175-0f364451-8a33-4ba4-a427-6a66077a018d.png,A2330,S2330
C2331,B2331,Loan Booking,Commercial,https://image2url.com/r2/default/images/1775366053175-0f364451-8a33-4ba4-a427-6a66077a018d.png,A2331,S2331
C2332,B2332,Loan Booking,Commercial,https://image2url.com/r2/default/images/1775366053175-0f364451-8a33-4ba4-a427-6a66077a018d.png,A2332,S2332
C2333,B2333,Loan Booking,Commercial,https://image2url.com/r2/default/images/1775366053175-0f364451-8a33-4ba4-a427-6a66077a018d.png,A2333,S2333
C2334,B2334,Loan Booking,Commercial,https://image2url.com/r2/default/images/1775366053175-0f364451-8a33-4ba4-a427-6a66077a018d.png,A2334,S2334
C2335,B2335,Loan Booking,Commercial,https://image2url.com/r2/default/images/1775366053175-0f364451-8a33-4ba4-a427-6a66077a018d.png,A2335,S2335
C2336,B2336,Loan Booking,Commercial,https://image2url.com/r2/default/images/1775366053175-0f364451-8a33-4ba4-a427-6a66077a018d.png,A2336,S2336
C2337,B2337,Loan Booking,Commercial,https://image2url.com/r2/default/images/1775366053175-0f364451-8a33-4ba4-a427-6a66077a018d.png,A2337,S2337
C2338,B2338,Loan Booking,Commercial,https://image2url.com/r2/default/images/1775366053175-0f364451-8a33-4ba4-a427-6a66077a018d.png,A2338,S2338
C2339,B2339,Loan Booking,Commercial,https://image2url.com/r2/default/images/1775366053175-0f364451-8a33-4ba4-a427-6a66077a018d.png,A2339,S2339
C2340,B2340,Loan Booking,Commercial,https://image2url.com/r2/default/images/1775366053175-0f364451-8a33-4ba4-a427-6a66077a018d.png,A2340,S2340
C2341,B2341,Loan Booking,Commercial,https://image2url.com/r2/default/images/1775366053175-0f364451-8a33-4ba4-a427-6a66077a018d.png,A2341,S2341
C2342,B2342,Loan Booking,Commercial,https://image2url.com/r2/default/images/1775366053175-0f364451-8a33-4ba4-a427-6a66077a018d.png,A2342,S2342
C2343,B2343,Loan Booking,Commercial,https://image2url.com/r2/default/images/1775366053175-0f364451-8a33-4ba4-a427-6a66077a018d.png,A2343,S2343
C2344,B2344,Loan Booking,Commercial,https://image2url.com/r2/default/images/1775366053175-0f364451-8a33-4ba4-a427-6a66077a018d.png,A2344,S2344
C2345,B2345,Loan Booking,Commercial,https://image2url.com/r2/default/images/1775366053175-0f364451-8a33-4ba4-a427-6a66077a018d.png,A2345,S2345
C2346,B2346,Loan Booking,Commercial,https://image2url.com/r2/default/images/1775366053175-0f364451-8a33-4ba4-a427-6a66077a018d.png,A2346,S2346
C2347,B2347,Loan Booking,Commercial,https://image2url.com/r2/default/images/1775366053175-0f364451-8a33-4ba4-a427-6a66077a018d.png,A2347,S2347
C2348,B2348,Loan Booking,Commercial,https://image2url.com/r2/default/images/1775366053175-0f364451-8a33-4ba4-a427-6a66077a018d.png,A2348,S2348
C2349,B2349,Loan Booking,Commercial,https://image2url.com/r2/default/images/1775366053175-0f364451-8a33-4ba4-a427-6a66077a018d.png,A2349,S2349
C2350,B2350,Loan Booking,Commercial,https://image2url.com/r2/default/images/1775366053175-0f364451-8a33-4ba4-a427-6a66077a018d.png,A2350,S2350
C2351,B2351,Loan Booking,Farmhouse,https://image2url.com/r2/default/images/1775366212850-4b90d38e-a1b8-4f24-a55a-6d5f8d0b0f8b.png,A2351,S2351
C2352,B2352,Loan Booking,Plot,https://image2url.com/r2/default/images/1775366615084-bb21eb70-7bec-497f-9c8c-86ffed7e411e.png,A2352,S2352
C2353,B2353,Loan Booking,Villa,https://image2url.com/r2/default/images/1775366894497-2d1627bd-ac8e-4a6c-a02f-998d681c0efe.png,A2353,S2353
C2354,B2354,Loan Booking,Apartment,https://image2url.com/r2/default/images/1775365771521-eb23937a-a14e-441c-9dd3-73ae16559c6d.png,A2354,S2354
C2355,B2355,Loan Booking,Commercial,https://image2url.com/r2/default/images/1775366053175-0f364451-8a33-4ba4-a427-6a66077a018d.png,A2355,S2355
C2356,B2356,Loan Booking,Plot,https://image2url.com/r2/default/images/1775366615084-bb21eb70-7bec-497f-9c8c-86ffed7e411e.png,A2356,S2356
C2357,B2357,Loan Booking,Villa,https://image2url.com/r2/default/images/1775366894497-2d1627bd-ac8e-4a6c-a02f-998d681c0efe.png,A2357,S2357
C2358,B2358,Loan Booking,Apartment,https://image2url.com/r2/default/images/1775365771521-eb23937a-a14e-441c-9dd3-73ae16559c6d.png,A2358,S2358
C2359,B2359,Loan Booking,Commercial,https://image2url.com/r2/default/images/1775366053175-0f364451-8a33-4ba4-a427-6a66077a018d.png,A2359,S2359
C2360,B2360,Loan Booking,Plot,https://image2url.com/r2/default/images/1775366615084-bb21eb70-7bec-497f-9c8c-86ffed7e411e.png,A2360,S2360
C2361,B2361,Loan Booking,Villa,https://image2url.com/r2/default/images/1775366894497-2d1627bd-ac8e-4a6c-a02f-998d681c0efe.png,A2361,S2361
C2362,B2362,Loan Booking,Apartment,https://image2url.com/r2/default/images/1775365771521-eb23937a-a14e-441c-9dd3-73ae16559c6d.png,A2362,S2362
C2363,B2363,Loan Booking,Commercial,https://image2url.com/r2/default/images/1775366053175-0f364451-8a33-4ba4-a427-6a66077a018d.png,A2363,S2363
C2364,B2364,Loan Booking,Plot,https://image2url.com/r2/default/images/1775366615084-bb21eb70-7bec-497f-9c8c-86ffed7e411e.png,A2364,S2364
C2365,B2365,Loan Booking,Villa,https://image2url.com/r2/default/images/1775366894497-2d1627bd-ac8e-4a6c-a02f-998d681c0efe.png,A2365,S2365
C2366,B2366,Loan Booking,Apartment,https://image2url.com/r2/default/images/1775365771521-eb23937a-a14e-441c-9dd3-73ae16559c6d.png,A2366,S2366
C2367,B2367,Loan Booking,Commercial,https://image2url.com/r2/default/images/1775366053175-0f364451-8a33-4ba4-a427-6a66077a018d.png,A2367,S2367
C2368,B2368,Loan Booking,Plot,https://image2url.com/r2/default/images/1775366615084-bb21eb70-7bec-497f-9c8c-86ffed7e411e.png,A2368,S2368
C2369,B2369,Loan Booking,Villa,https://image2url.com/r2/default/images/1775366894497-2d1627bd-ac8e-4a6c-a02f-998d681c0efe.png,A2369,S2369
C2370,B2370,Loan Booking,Apartment,https://image2url.com/r2/default/images/1775365771521-eb23937a-a14e-441c-9dd3-73ae16559c6d.png,A2370,S2370
C2371,B2371,Loan Booking,Commercial,https://image2url.com/r2/default/images/1775366053175-0f364451-8a33-4ba4-a427-6a66077a018d.png,A2371,S2371
C2372,B2372,Loan Booking,Plot,https://image2url.com/r2/default/images/1775366615084-bb21eb70-7bec-497f-9c8c-86ffed7e411e.png,A2372,S2372
C2373,B2373,Loan Booking,Villa,https://image2url.com/r2/default/images/1775366894497-2d1627bd-ac8e-4a6c-a02f-998d681c0efe.png,A2373,S2373
C2374,B2374,Loan Booking,Apartment,https://image2url.com/r2/default/images/1775365771521-eb23937a-a14e-441c-9dd3-73ae16559c6d.png,A2374,S2374
C2375,B2375,Loan Booking,Commercial,https://image2url.com/r2/default/images/1775366053175-0f364451-8a33-4ba4-a427-6a66077a018d.png,A2375,S2375
C2376,B2376,Loan Booking,Plot,https://image2url.com/r2/default/images/1775366615084-bb21eb70-7bec-497f-9c8c-86ffed7e411e.png,A2376,S2376
C2377,B2377,Loan Booking,Villa,https://image2url.com/r2/default/images/1775366894497-2d1627bd-ac8e-4a6c-a02f-998d681c0efe.png,A2377,S2377
C2378,B2378,Loan Booking,Apartment,https://image2url.com/r2/default/images/1775365771521-eb23937a-a14e-441c-9dd3-73ae16559c6d.png,A2378,S2378
C2379,B2379,Loan Booking,Commercial,https://image2url.com/r2/default/images/1775366053175-0f364451-8a33-4ba4-a427-6a66077a018d.png,A2379,S2379
C2380,B2380,Loan Booking,Plot,https://image2url.com/r2/default/images/1775366615084-bb21eb70-7bec-497f-9c8c-86ffed7e411e.png,A2380,S2380
C2381,B2381,Loan Booking,Villa,https://image2url.com/r2/default/images/1775366894497-2d1627bd-ac8e-4a6c-a02f-998d681c0efe.png,A2381,S2381
C2382,B2382,Loan Booking,Apartment,https://image2url.com/r2/default/images/1775365771521-eb23937a-a14e-441c-9dd3-73ae16559c6d.png,A2382,S2382
C2383,B2383,Loan Booking,Commercial,https://image2url.com/r2/default/images/1775366053175-0f364451-8a33-4ba4-a427-6a66077a018d.png,A2383,S2383
C2384,B2384,Loan Booking,Plot,https://image2url.com/r2/default/images/1775366615084-bb21eb70-7bec-497f-9c8c-86ffed7e411e.png,A2384,S2384
C2385,B2385,Loan Booking,Villa,https://image2url.com/r2/default/images/1775366894497-2d1627bd-ac8e-4a6c-a02f-998d681c0efe.png,A2385,S2385
C2386,B2386,Loan Booking,Apartment,https://image2url.com/r2/default/images/1775365771521-eb23937a-a14e-441c-9dd3-73ae16559c6d.png,A2386,S2386
C2387,B2387,Loan Booking,Commercial,https://image2url.com/r2/default/images/1775366053175-0f364451-8a33-4ba4-a427-6a66077a018d.png,A2387,S2387
C2388,B2388,Loan Booking,Plot,https://image2url.com/r2/default/images/1775366615084-bb21eb70-7bec-497f-9c8c-86ffed7e411e.png,A2388,S2388
C2389,B2389,Loan Booking,Villa,https://image2url.com/r2/default/images/1775366894497-2d1627bd-ac8e-4a6c-a02f-998d681c0efe.png,A2389,S2389
C2390,B2390,Loan Booking,Apartment,https://image2url.com/r2/default/images/1775365771521-eb23937a-a14e-441c-9dd3-73ae16559c6d.png,A2390,S2390
C2391,B2391,Loan Booking,Commercial,https://image2url.com/r2/default/images/1775366053175-0f364451-8a33-4ba4-a427-6a66077a018d.png,A2391,S2391
C2392,B2392,Loan Booking,Plot,https://image2url.com/r2/default/images/1775366615084-bb21eb70-7bec-497f-9c8c-86ffed7e411e.png,A2392,S2392
C2393,B2393,Loan Booking,Villa,https://image2url.com/r2/default/images/1775366894497-2d1627bd-ac8e-4a6c-a02f-998d681c0efe.png,A2393,S2393
C2394,B2394,Loan Booking,Apartment,https://image2url.com/r2/default/images/1775365771521-eb23937a-a14e-441c-9dd3-73ae16559c6d.png,A2394,S2394
C2395,B2395,Loan Booking,Commercial,https://image2url.com/r2/default/images/1775366053175-0f364451-8a33-4ba4-a427-6a66077a018d.png,A2395,S2395
C2396,B2396,Loan Booking,Plot,https://image2url.com/r2/default/images/1775366615084-bb21eb70-7bec-497f-9c8c-86ffed7e411e.png,A2396,S2396
C2397,B2397,Loan Booking,Villa,https://image2url.com/r2/default/images/1775366894497-2d1627bd-ac8e-4a6c-a02f-998d681c0efe.png,A2397,S2397
C2398,B2398,Loan Booking,Apartment,https://image2url.com/r2/default/images/1775365771521-eb23937a-a14e-441c-9dd3-73ae16559c6d.png,A2398,S2398
C2399,B2399,Loan Booking,Commercial,https://image2url.com/r2/default/images/1775366053175-0f364451-8a33-4ba4-a427-6a66077a018d.png,A2399,S2399
C2400,B2400,Loan Booking,Plot,https://image2url.com/r2/default/images/1775366615084-bb21eb70-7bec-497f-9c8c-86ffed7e411e.png,A2400,S2400
C2401,B2401,Loan Booking,Villa,https://image2url.com/r2/default/images/1775366894497-2d1627bd-ac8e-4a6c-a02f-998d681c0efe.png,A2401,S2401
C2402,B2402,Loan Booking,Apartment,https://image2url.com/r2/default/images/1775365771521-eb23937a-a14e-441c-9dd3-73ae16559c6d.png,A2402,S2402
C2403,B2403,Loan Booking,Commercial,https://image2url.com/r2/default/images/1775366053175-0f364451-8a33-4ba4-a427-6a66077a018d.png,A2403,S2403
C2404,B2404,Loan Booking,Plot,https://image2url.com/r2/default/images/1775366615084-bb21eb70-7bec-497f-9c8c-86ffed7e411e.png,A2404,S2404
C2405,B2405,Loan Booking,Villa,https://image2url.com/r2/default/images/1775366894497-2d1627bd-ac8e-4a6c-a02f-998d681c0efe.png,A2405,S2405
C2406,B2406,Loan Booking,Apartment,https://image2url.com/r2/default/images/1775365771521-eb23937a-a14e-441c-9dd3-73ae16559c6d.png,A2406,S2406
C2407,B2407,Loan Booking,Commercial,https://image2url.com/r2/default/images/1775366053175-0f364451-8a33-4ba4-a427-6a66077a018d.png,A2407,S2407
C2408,B2408,Loan Booking,Plot,https://image2url.com/r2/default/images/1775366615084-bb21eb70-7bec-497f-9c8c-86ffed7e411e.png,A2408,S2408
C2409,B2409,Loan Booking,Villa,https://image2url.com/r2/default/images/1775366894497-2d1627bd-ac8e-4a6c-a02f-998d681c0efe.png,A2409,S2409
C2410,B2410,Loan Booking,Apartment,https://image2url.com/r2/default/images/1775365771521-eb23937a-a14e-441c-9dd3-73ae16559c6d.png,A2410,S2410
C2411,B2411,Loan Booking,Commercial,https://image2url.com/r2/default/images/1775366053175-0f364451-8a33-4ba4-a427-6a66077a018d.png,A2411,S2411
C2412,B2412,Loan Booking,Plot,https://image2url.com/r2/default/images/1775366615084-bb21eb70-7bec-497f-9c8c-86ffed7e411e.png,A2412,S2412
C2413,B2413,Loan Booking,Villa,https://image2url.com/r2/default/images/1775366894497-2d1627bd-ac8e-4a6c-a02f-998d681c0efe.png,A2413,S2413
C2414,B2414,Loan Booking,Apartment,https://image2url.com/r2/default/images/1775365771521-eb23937a-a14e-441c-9dd3-73ae16559c6d.png,A2414,S2414
C2415,B2415,Loan Booking,Commercial,https://image2url.com/r2/default/images/1775366053175-0f364451-8a33-4ba4-a427-6a66077a018d.png,A2415,S2415
C2416,B2416,Loan Booking,Plot,https://image2url.com/r2/default/images/1775366615084-bb21eb70-7bec-497f-9c8c-86ffed7e411e.png,A2416,S2416
C2417,B2417,Loan Booking,Villa,https://image2url.com/r2/default/images/1775366894497-2d1627bd-ac8e-4a6c-a02f-998d681c0efe.png,A2417,S2417
C2418,B2418,Loan Booking,Apartment,https://image2url.com/r2/default/images/1775365771521-eb23937a-a14e-441c-9dd3-73ae16559c6d.png,A2418,S2418
C2419,B2419,Loan Booking,Commercial,https://image2url.com/r2/default/images/1775366053175-0f364451-8a33-4ba4-a427-6a66077a018d.png,A2419,S2419
C2420,B2420,Loan Booking,Plot,https://image2url.com/r2/default/images/1775366615084-bb21eb70-7bec-497f-9c8c-86ffed7e411e.png,A2420,S2420
C2421,B2421,Loan Booking,Villa,https://image2url.com/r2/default/images/1775366894497-2d1627bd-ac8e-4a6c-a02f-998d681c0efe.png,A2421,S2421
C2422,B2422,Loan Booking,Apartment,https://image2url.com/r2/default/images/1775365771521-eb23937a-a14e-441c-9dd3-73ae16559c6d.png,A2422,S2422
C2423,B2423,Loan Booking,Commercial,https://image2url.com/r2/default/images/1775366053175-0f364451-8a33-4ba4-a427-6a66077a018d.png,A2423,S2423
C2424,B2424,Loan Booking,Plot,https://image2url.com/r2/default/images/1775366615084-bb21eb70-7bec-497f-9c8c-86ffed7e411e.png,A2424,S2424
C2425,B2425,Loan Booking,Villa,https://image2url.com/r2/default/images/1775366894497-2d1627bd-ac8e-4a6c-a02f-998d681c0efe.png,A2425,S2425
C2426,B2426,Loan Booking,Apartment,https://image2url.com/r2/default/images/1775365771521-eb23937a-a14e-441c-9dd3-73ae16559c6d.png,A2426,S2426
C2427,B2427,Loan Booking,Commercial,https://image2url.com/r2/default/images/1775366053175-0f364451-8a33-4ba4-a427-6a66077a018d.png,A2427,S2427
C2428,B2428,Loan Booking,Plot,https://image2url.com/r2/default/images/1775366615084-bb21eb70-7bec-497f-9c8c-86ffed7e411e.png,A2428,S2428
C2429,B2429,Loan Booking,Villa,https://image2url.com/r2/default/images/1775366894497-2d1627bd-ac8e-4a6c-a02f-998d681c0efe.png,A2429,S2429
C2430,B2430,Loan Booking,Apartment,https://image2url.com/r2/default/images/1775365771521-eb23937a-a14e-441c-9dd3-73ae16559c6d.png,A2430,S2430
C2431,B2431,Loan Booking,Commercial,https://image2url.com/r2/default/images/1775366053175-0f364451-8a33-4ba4-a427-6a66077a018d.png,A2431,S2431
C2432,B2432,Loan Booking,Plot,https://image2url.com/r2/default/images/1775366615084-bb21eb70-7bec-497f-9c8c-86ffed7e411e.png,A2432,S2432
C2433,B2433,Loan Booking,Villa,https://image2url.com/r2/default/images/1775366894497-2d1627bd-ac8e-4a6c-a02f-998d681c0efe.png,A2433,S2433
C2434,B2434,Loan Booking,Apartment,https://image2url.com/r2/default/images/1775365771521-eb23937a-a14e-441c-9dd3-73ae16559c6d.png,A2434,S2434
C2435,B2435,Loan Booking,Commercial,https://image2url.com/r2/default/images/1775366053175-0f364451-8a33-4ba4-a427-6a66077a018d.png,A2435,S2435
C2436,B2436,Loan Booking,Plot,https://image2url.com/r2/default/images/1775366615084-bb21eb70-7bec-497f-9c8c-86ffed7e411e.png,A2436,S2436
C2437,B2437,Loan Booking,Villa,https://image2url.com/r2/default/images/1775366894497-2d1627bd-ac8e-4a6c-a02f-998d681c0efe.png,A2437,S2437
C2438,B2438,Loan Booking,Apartment,https://image2url.com/r2/default/images/1775365771521-eb23937a-a14e-441c-9dd3-73ae16559c6d.png,A2438,S2438
C2439,B2439,Loan Booking,Commercial,https://image2url.com/r2/default/images/1775366053175-0f364451-8a33-4ba4-a427-6a66077a018d.png,A2439,S2439
C2440,B2440,Loan Booking,Plot,https://image2url.com/r2/default/images/1775366615084-bb21eb70-7bec-497f-9c8c-86ffed7e411e.png,A2440,S2440
C2441,B2441,Loan Booking,Villa,https://image2url.com/r2/default/images/1775366894497-2d1627bd-ac8e-4a6c-a02f-998d681c0efe.png,A2441,S2441
C2442,B2442,Loan Booking,Apartment,https://image2url.com/r2/default/images/1775365771521-eb23937a-a14e-441c-9dd3-73ae16559c6d.png,A2442,S2442
C2443,B2443,Loan Booking,Commercial,https://image2url.com/r2/default/images/1775366053175-0f364451-8a33-4ba4-a427-6a66077a018d.png,A2443,S2443
C2444,B2444,Loan Booking,Plot,https://image2url.com/r2/default/images/1775366615084-bb21eb70-7bec-497f-9c8c-86ffed7e411e.png,A2444,S2444
C2445,B2445,Loan Booking,Villa,https://image2url.com/r2/default/images/1775366894497-2d1627bd-ac8e-4a6c-a02f-998d681c0efe.png,A2445,S2445
C2446,B2446,Loan Booking,Apartment,https://image2url.com/r2/default/images/1775365771521-eb23937a-a14e-441c-9dd3-73ae16559c6d.png,A2446,S2446
C2447,B2447,Loan Booking,Commercial,https://image2url.com/r2/default/images/1775366053175-0f364451-8a33-4ba4-a427-6a66077a018d.png,A2447,S2447
C2448,B2448,Loan Booking,Plot,https://image2url.com/r2/default/images/1775366615084-bb21eb70-7bec-497f-9c8c-86ffed7e411e.png,A2448,S2448
C2449,B2449,Loan Booking,Villa,https://image2url.com/r2/default/images/1775366894497-2d1627bd-ac8e-4a6c-a02f-998d681c0efe.png,A2449,S2449
C2450,B2450,Loan Booking,Apartment,https://image2url.com/r2/default/images/1775365771521-eb23937a-a14e-441c-9dd3-73ae16559c6d.png,A2450,S2450
C2451,B2451,Loan Booking,Commercial,https://image2url.com/r2/default/images/1775366053175-0f364451-8a33-4ba4-a427-6a66077a018d.png,A2451,S2451
C2452,B2452,Loan Booking,Plot,https://image2url.com/r2/default/images/1775366615084-bb21eb70-7bec-497f-9c8c-86ffed7e411e.png,A2452,S2452
C2453,B2453,Loan Booking,Villa,https://image2url.com/r2/default/images/1775366894497-2d1627bd-ac8e-4a6c-a02f-998d681c0efe.png,A2453,S2453
C2454,B2454,Loan Booking,Apartment,https://image2url.com/r2/default/images/1775365771521-eb23937a-a14e-441c-9dd3-73ae16559c6d.png,A2454,S2454
C2455,B2455,Loan Booking,Commercial,https://image2url.com/r2/default/images/1775366053175-0f364451-8a33-4ba4-a427-6a66077a018d.png,A2455,S2455
C2456,B2456,Loan Booking,Plot,https://image2url.com/r2/default/images/1775366615084-bb21eb70-7bec-497f-9c8c-86ffed7e411e.png,A2456,S2456
C2457,B2457,Loan Booking,Villa,https://image2url.com/r2/default/images/1775366894497-2d1627bd-ac8e-4a6c-a02f-998d681c0efe.png,A2457,S2457
C2458,B2458,Loan Booking,Apartment,https://image2url.com/r2/default/images/1775365771521-eb23937a-a14e-441c-9dd3-73ae16559c6d.png,A2458,S2458
C2459,B2459,Loan Booking,Commercial,https://image2url.com/r2/default/images/1775366053175-0f364451-8a33-4ba4-a427-6a66077a018d.png,A2459,S2459
C2460,B2460,Loan Booking,Plot,https://image2url.com/r2/default/images/1775366615084-bb21eb70-7bec-497f-9c8c-86ffed7e411e.png,A2460,S2460
C2461,B2461,Loan Booking,Villa,https://image2url.com/r2/default/images/1775366894497-2d1627bd-ac8e-4a6c-a02f-998d681c0efe.png,A2461,S2461
C2462,B2462,Loan Booking,Apartment,https://image2url.com/r2/default/images/1775365771521-eb23937a-a14e-441c-9dd3-73ae16559c6d.png,A2462,S2462
C2463,B2463,Loan Booking,Commercial,https://image2url.com/r2/default/images/1775366053175-0f364451-8a33-4ba4-a427-6a66077a018d.png,A2463,S2463
C2464,B2464,Loan Booking,Plot,https://image2url.com/r2/default/images/1775366615084-bb21eb70-7bec-497f-9c8c-86ffed7e411e.png,A2464,S2464
C2465,B2465,Loan Booking,Villa,https://image2url.com/r2/default/images/1775366894497-2d1627bd-ac8e-4a6c-a02f-998d681c0efe.png,A2465,S2465
C2466,B2466,Loan Booking,Apartment,https://image2url.com/r2/default/images/1775365771521-eb23937a-a14e-441c-9dd3-73ae16559c6d.png,A2466,S2466
C2467,B2467,Loan Booking,Commercial,https://image2url.com/r2/default/images/1775366053175-0f364451-8a33-4ba4-a427-6a66077a018d.png,A2467,S2467
C2468,B2468,Loan Booking,Plot,https://image2url.com/r2/default/images/1775366615084-bb21eb70-7bec-497f-9c8c-86ffed7e411e.png,A2468,S2468
C2469,B2469,Loan Booking,Villa,https://image2url.com/r2/default/images/1775366894497-2d1627bd-ac8e-4a6c-a02f-998d681c0efe.png,A2469,S2469
C2470,B2470,Loan Booking,Apartment,https://image2url.com/r2/default/images/1775365771521-eb23937a-a14e-441c-9dd3-73ae16559c6d.png,A2470,S2470
C2471,B2471,Loan Booking,Commercial,https://image2url.com/r2/default/images/1775366053175-0f364451-8a33-4ba4-a427-6a66077a018d.png,A2471,S2471
C2472,B2472,Loan Booking,Plot,https://image2url.com/r2/default/images/1775366615084-bb21eb70-7bec-497f-9c8c-86ffed7e411e.png,A2472,S2472
C2473,B2473,Loan Booking,Villa,https://image2url.com/r2/default/images/1775366894497-2d1627bd-ac8e-4a6c-a02f-998d681c0efe.png,A2473,S2473
C2474,B2474,Loan Booking,Apartment,https://image2url.com/r2/default/images/1775365771521-eb23937a-a14e-441c-9dd3-73ae16559c6d.png,A2474,S2474
C2475,B2475,Loan Booking,Commercial,https://image2url.com/r2/default/images/1775366053175-0f364451-8a33-4ba4-a427-6a66077a018d.png,A2475,S2475
C2476,B2476,Loan Booking,Plot,https://image2url.com/r2/default/images/1775366615084-bb21eb70-7bec-497f-9c8c-86ffed7e411e.png,A2476,S2476
C2477,B2477,Loan Booking,Villa,https://image2url.com/r2/default/images/1775366894497-2d1627bd-ac8e-4a6c-a02f-998d681c0efe.png,A2477,S2477
C2478,B2478,Loan Booking,Apartment,https://image2url.com/r2/default/images/1775365771521-eb23937a-a14e-441c-9dd3-73ae16559c6d.png,A2478,S2478
C2479,B2479,Loan Booking,Commercial,https://image2url.com/r2/default/images/1775366053175-0f364451-8a33-4ba4-a427-6a66077a018d.png,A2479,S2479
C2480,B2480,Loan Booking,Plot,https://image2url.com/r2/default/images/1775366615084-bb21eb70-7bec-497f-9c8c-86ffed7e411e.png,A2480,S2480
C2481,B2481,Loan Booking,Villa,https://image2url.com/r2/default/images/1775366894497-2d1627bd-ac8e-4a6c-a02f-998d681c0efe.png,A2481,S2481
C2482,B2482,Loan Booking,Apartment,https://image2url.com/r2/default/images/1775365771521-eb23937a-a14e-441c-9dd3-73ae16559c6d.png,A2482,S2482
C2483,B2483,Loan Booking,Commercial,https://image2url.com/r2/default/images/1775366053175-0f364451-8a33-4ba4-a427-6a66077a018d.png,A2483,S2483
C2484,B2484,Loan Booking,Plot,https://image2url.com/r2/default/images/1775366615084-bb21eb70-7bec-497f-9c8c-86ffed7e411e.png,A2484,S2484
C2485,B2485,Loan Booking,Villa,https://image2url.com/r2/default/images/1775366894497-2d1627bd-ac8e-4a6c-a02f-998d681c0efe.png,A2485,S2485
C2486,B2486,Loan Booking,Apartment,https://image2url.com/r2/default/images/1775365771521-eb23937a-a14e-441c-9dd3-73ae16559c6d.png,A2486,S2486
C2487,B2487,Loan Booking,Commercial,https://image2url.com/r2/default/images/1775366053175-0f364451-8a33-4ba4-a427-6a66077a018d.png,A2487,S2487
C2488,B2488,Loan Booking,Plot,https://image2url.com/r2/default/images/1775366615084-bb21eb70-7bec-497f-9c8c-86ffed7e411e.png,A2488,S2488
C2489,B2489,Loan Booking,Villa,https://image2url.com/r2/default/images/1775366894497-2d1627bd-ac8e-4a6c-a02f-998d681c0efe.png,A2489,S2489
C2490,B2490,Loan Booking,Apartment,https://image2url.com/r2/default/images/1775365771521-eb23937a-a14e-441c-9dd3-73ae16559c6d.png,A2490,S2490
C2491,B2491,Loan Booking,Commercial,https://image2url.com/r2/default/images/1775366053175-0f364451-8a33-4ba4-a427-6a66077a018d.png,A2491,S2491
C2492,B2492,Loan Booking,Plot,https://image2url.com/r2/default/images/1775366615084-bb21eb70-7bec-497f-9c8c-86ffed7e411e.png,A2492,S2492
C2493,B2493,Loan Booking,Villa,https://image2url.com/r2/default/images/1775366894497-2d1627bd-ac8e-4a6c-a02f-998d681c0efe.png,A2493,S2493
C2494,B2494,Loan Booking,Apartment,https://image2url.com/r2/default/images/1775365771521-eb23937a-a14e-441c-9dd3-73ae16559c6d.png,A2494,S2494
C2495,B2495,Loan Booking,Commercial,https://image2url.com/r2/default/images/1775366053175-0f364451-8a33-4ba4-a427-6a66077a018d.png,A2495,S2495
C2496,B2496,Loan Booking,Plot,https://image2url.com/r2/default/images/1775366615084-bb21eb70-7bec-497f-9c8c-86ffed7e411e.png,A2496,S2496
C2497,B2497,Loan Booking,Villa,https://image2url.com/r2/default/images/1775366894497-2d1627bd-ac8e-4a6c-a02f-998d681c0efe.png,A2497,S2497
C2498,B2498,Loan Booking,Apartment,https://image2url.com/r2/default/images/1775365771521-eb23937a-a14e-441c-9dd3-73ae16559c6d.png,A2498,S2498
C2499,B2499,Loan Booking,Commercial,https://image2url.com/r2/default/images/1775366053175-0f364451-8a33-4ba4-a427-6a66077a018d.png,A2499,S2499
C2500,B2500,Loan Booking,Plot,https://image2url.com/r2/default/images/1775366615084-bb21eb70-7bec-497f-9c8c-86ffed7e411e.png,A2500,S2500
C2501,B2501,Loan Booking,Villa,https://image2url.com/r2/default/images/1775366894497-2d1627bd-ac8e-4a6c-a02f-998d681c0efe.png,A2501,S2501
C2502,B2502,Loan Booking,Apartment,https://image2url.com/r2/default/images/1775365771521-eb23937a-a14e-441c-9dd3-73ae16559c6d.png,A2502,S2502
C2503,B2503,Loan Booking,Commercial,https://image2url.com/r2/default/images/1775366053175-0f364451-8a33-4ba4-a427-6a66077a018d.png,A2503,S2503
C2504,B2504,Loan Booking,Plot,https://image2url.com/r2/default/images/1775366615084-bb21eb70-7bec-497f-9c8c-86ffed7e411e.png,A2504,S2504
C2505,B2505,Loan Booking,Villa,https://image2url.com/r2/default/images/1775366894497-2d1627bd-ac8e-4a6c-a02f-998d681c0efe.png,A2505,S2505
C2506,B2506,Loan Booking,Apartment,https://image2url.com/r2/default/images/1775365771521-eb23937a-a14e-441c-9dd3-73ae16559c6d.png,A2506,S2506
C2507,B2507,Loan Booking,Commercial,https://image2url.com/r2/default/images/1775366053175-0f364451-8a33-4ba4-a427-6a66077a018d.png,A2507,S2507
C2508,B2508,Loan Booking,Plot,https://image2url.com/r2/default/images/1775366615084-bb21eb70-7bec-497f-9c8c-86ffed7e411e.png,A2508,S2508
C2509,B2509,Loan Booking,Villa,https://image2url.com/r2/default/images/1775366894497-2d1627bd-ac8e-4a6c-a02f-998d681c0efe.png,A2509,S2509
C2510,B2510,Loan Booking,Apartment,https://image2url.com/r2/default/images/1775365771521-eb23937a-a14e-441c-9dd3-73ae16559c6d.png,A2510,S2510
C2511,B2511,Loan Booking,Commercial,https://image2url.com/r2/default/images/1775366053175-0f364451-8a33-4ba4-a427-6a66077a018d.png,A2511,S2511
C2512,B2512,Loan Booking,Plot,https://image2url.com/r2/default/images/1775366615084-bb21eb70-7bec-497f-9c8c-86ffed7e411e.png,A2512,S2512
C2513,B2513,Loan Booking,Villa,https://image2url.com/r2/default/images/1775366894497-2d1627bd-ac8e-4a6c-a02f-998d681c0efe.png,A2513,S2513
C2514,B2514,Loan Booking,Apartment,https://image2url.com/r2/default/images/1775365771521-eb23937a-a14e-441c-9dd3-73ae16559c6d.png,A2514,S2514
C2515,B2515,Loan Booking,Commercial,https://image2url.com/r2/default/images/1775366053175-0f364451-8a33-4ba4-a427-6a66077a018d.png,A2515,S2515
C2516,B2516,Loan Booking,Plot,https://image2url.com/r2/default/images/1775366615084-bb21eb70-7bec-497f-9c8c-86ffed7e411e.png,A2516,S2516
C2517,B2517,Loan Booking,Villa,https://image2url.com/r2/default/images/1775366894497-2d1627bd-ac8e-4a6c-a02f-998d681c0efe.png,A2517,S2517
C2518,B2518,Loan Booking,Apartment,https://image2url.com/r2/default/images/1775365771521-eb23937a-a14e-441c-9dd3-73ae16559c6d.png,A2518,S2518
C2519,B2519,Loan Booking,Commercial,https://image2url.com/r2/default/images/1775366053175-0f364451-8a33-4ba4-a427-6a66077a018d.png,A2519,S2519
C2520,B2520,Loan Booking,Plot,https://image2url.com/r2/default/images/1775366615084-bb21eb70-7bec-497f-9c8c-86ffed7e411e.png,A2520,S2520
C2521,B2521,Loan Booking,Villa,https://image2url.com/r2/default/images/1775366894497-2d1627bd-ac8e-4a6c-a02f-998d681c0efe.png,A2521,S2521
C2522,B2522,Loan Booking,Apartment,https://image2url.com/r2/default/images/1775365771521-eb23937a-a14e-441c-9dd3-73ae16559c6d.png,A2522,S2522
C2523,B2523,Loan Booking,Commercial,https://image2url.com/r2/default/images/1775366053175-0f364451-8a33-4ba4-a427-6a66077a018d.png,A2523,S2523
C2524,B2524,Loan Booking,Plot,https://image2url.com/r2/default/images/1775366615084-bb21eb70-7bec-497f-9c8c-86ffed7e411e.png,A2524,S2524
C2525,B2525,Loan Booking,Villa,https://image2url.com/r2/default/images/1775366894497-2d1627bd-ac8e-4a6c-a02f-998d681c0efe.png,A2525,S2525
C2526,B2526,Loan Booking,Apartment,https://image2url.com/r2/default/images/1775365771521-eb23937a-a14e-441c-9dd3-73ae16559c6d.png,A2526,S2526
C2527,B2527,Loan Booking,Commercial,https://image2url.com/r2/default/images/1775366053175-0f364451-8a33-4ba4-a427-6a66077a018d.png,A2527,S2527
C2528,B2528,Loan Booking,Plot,https://image2url.com/r2/default/images/1775366615084-bb21eb70-7bec-497f-9c8c-86ffed7e411e.png,A2528,S2528
C2529,B2529,Loan Booking,Villa,https://image2url.com/r2/default/images/1775366894497-2d1627bd-ac8e-4a6c-a02f-998d681c0efe.png,A2529,S2529
C2530,B2530,Loan Booking,Apartment,https://image2url.com/r2/default/images/1775365771521-eb23937a-a14e-441c-9dd3-73ae16559c6d.png,A2530,S2530
C2531,B2531,Loan Booking,Commercial,https://image2url.com/r2/default/images/1775366053175-0f364451-8a33-4ba4-a427-6a66077a018d.png,A2531,S2531
C2532,B2532,Loan Booking,Plot,https://image2url.com/r2/default/images/1775366615084-bb21eb70-7bec-497f-9c8c-86ffed7e411e.png,A2532,S2532
C2533,B2533,Loan Booking,Villa,https://image2url.com/r2/default/images/1775366894497-2d1627bd-ac8e-4a6c-a02f-998d681c0efe.png,A2533,S2533
C2534,B2534,Loan Booking,Apartment,https://image2url.com/r2/default/images/1775365771521-eb23937a-a14e-441c-9dd3-73ae16559c6d.png,A2534,S2534
C2535,B2535,Loan Booking,Commercial,https://image2url.com/r2/default/images/1775366053175-0f364451-8a33-4ba4-a427-6a66077a018d.png,A2535,S2535
C2536,B2536,Loan Booking,Plot,https://image2url.com/r2/default/images/1775366615084-bb21eb70-7bec-497f-9c8c-86ffed7e411e.png,A2536,S2536
C2537,B2537,Loan Booking,Villa,https://image2url.com/r2/default/images/1775366894497-2d1627bd-ac8e-4a6c-a02f-998d681c0efe.png,A2537,S2537
C2538,B2538,Loan Booking,Apartment,https://image2url.com/r2/default/images/1775365771521-eb23937a-a14e-441c-9dd3-73ae16559c6d.png,A2538,S2538
C2539,B2539,Loan Booking,Commercial,https://image2url.com/r2/default/images/1775366053175-0f364451-8a33-4ba4-a427-6a66077a018d.png,A2539,S2539
C2540,B2540,Loan Booking,Plot,https://image2url.com/r2/default/images/1775366615084-bb21eb70-7bec-497f-9c8c-86ffed7e411e.png,A2540,S2540
C2541,B2541,Loan Booking,Villa,https://image2url.com/r2/default/images/1775366894497-2d1627bd-ac8e-4a6c-a02f-998d681c0efe.png,A2541,S2541
C2542,B2542,Loan Booking,Apartment,https://image2url.com/r2/default/images/1775365771521-eb23937a-a14e-441c-9dd3-73ae16559c6d.png,A2542,S2542
C2543,B2543,Loan Booking,Commercial,https://image2url.com/r2/default/images/1775366053175-0f364451-8a33-4ba4-a427-6a66077a018d.png,A2543,S2543
C2544,B2544,Loan Booking,Plot,https://image2url.com/r2/default/images/1775366615084-bb21eb70-7bec-497f-9c8c-86ffed7e411e.png,A2544,S2544
C2545,B2545,Loan Booking,Villa,https://image2url.com/r2/default/images/1775366894497-2d1627bd-ac8e-4a6c-a02f-998d681c0efe.png,A2545,S2545
C2546,B2546,Loan Booking,Apartment,https://image2url.com/r2/default/images/1775365771521-eb23937a-a14e-441c-9dd3-73ae16559c6d.png,A2546,S2546
C2547,B2547,Loan Booking,Commercial,https://image2url.com/r2/default/images/1775366053175-0f364451-8a33-4ba4-a427-6a66077a018d.png,A2547,S2547
C2548,B2548,Loan Booking,Plot,https://image2url.com/r2/default/images/1775366615084-bb21eb70-7bec-497f-9c8c-86ffed7e411e.png,A2548,S2548
C2549,B2549,Loan Booking,Villa,https://image2url.com/r2/default/images/1775366894497-2d1627bd-ac8e-4a6c-a02f-998d681c0efe.png,A2549,S2549
C2550,B2550,Loan Booking,Apartment,https://image2url.com/r2/default/images/1775365771521-eb23937a-a14e-441c-9dd3-73ae16559c6d.png,A2550,S2550
C2551,B2551,Loan Booking,Commercial,https://image2url.com/r2/default/images/1775366053175-0f364451-8a33-4ba4-a427-6a66077a018d.png,A2551,S2551
C2552,B2552,Loan Booking,Plot,https://image2url.com/r2/default/images/1775366615084-bb21eb70-7bec-497f-9c8c-86ffed7e411e.png,A2552,S2552
C2553,B2553,Loan Booking,Villa,https://image2url.com/r2/default/images/1775366894497-2d1627bd-ac8e-4a6c-a02f-998d681c0efe.png,A2553,S2553
C2554,B2554,Loan Booking,Apartment,https://image2url.com/r2/default/images/1775365771521-eb23937a-a14e-441c-9dd3-73ae16559c6d.png,A2554,S2554
C2555,B2555,Loan Booking,Commercial,https://image2url.com/r2/default/images/1775366053175-0f364451-8a33-4ba4-a427-6a66077a018d.png,A2555,S2555
C2556,B2556,Loan Booking,Plot,https://image2url.com/r2/default/images/1775366615084-bb21eb70-7bec-497f-9c8c-86ffed7e411e.png,A2556,S2556
C2557,B2557,Loan Booking,Villa,https://image2url.com/r2/default/images/1775366894497-2d1627bd-ac8e-4a6c-a02f-998d681c0efe.png,A2557,S2557
C2558,B2558,Loan Booking,Apartment,https://image2url.com/r2/default/images/1775365771521-eb23937a-a14e-441c-9dd3-73ae16559c6d.png,A2558,S2558
C2559,B2559,Loan Booking,Commercial,https://image2url.com/r2/default/images/1775366053175-0f364451-8a33-4ba4-a427-6a66077a018d.png,A2559,S2559
C2560,B2560,Loan Booking,Plot,https://image2url.com/r2/default/images/1775366615084-bb21eb70-7bec-497f-9c8c-86ffed7e411e.png,A2560,S2560
C2561,B2561,Loan Booking,Villa,https://image2url.com/r2/default/images/1775366894497-2d1627bd-ac8e-4a6c-a02f-998d681c0efe.png,A2561,S2561
C2562,B2562,Loan Booking,Apartment,https://image2url.com/r2/default/images/1775365771521-eb23937a-a14e-441c-9dd3-73ae16559c6d.png,A2562,S2562
C2563,B2563,Loan Booking,Commercial,https://image2url.com/r2/default/images/1775366053175-0f364451-8a33-4ba4-a427-6a66077a018d.png,A2563,S2563
C2564,B2564,Loan Booking,Plot,https://image2url.com/r2/default/images/1775366615084-bb21eb70-7bec-497f-9c8c-86ffed7e411e.png,A2564,S2564
C2565,B2565,Loan Booking,Villa,https://image2url.com/r2/default/images/1775366894497-2d1627bd-ac8e-4a6c-a02f-998d681c0efe.png,A2565,S2565
C2566,B2566,Loan Booking,Apartment,https://image2url.com/r2/default/images/1775365771521-eb23937a-a14e-441c-9dd3-73ae16559c6d.png,A2566,S2566
C2567,B2567,Loan Booking,Commercial,https://image2url.com/r2/default/images/1775366053175-0f364451-8a33-4ba4-a427-6a66077a018d.png,A2567,S2567
C2568,B2568,Loan Booking,Plot,https://image2url.com/r2/default/images/1775366615084-bb21eb70-7bec-497f-9c8c-86ffed7e411e.png,A2568,S2568
C2569,B2569,Loan Booking,Villa,https://image2url.com/r2/default/images/1775366894497-2d1627bd-ac8e-4a6c-a02f-998d681c0efe.png,A2569,S2569
C2570,B2570,Loan Booking,Apartment,https://image2url.com/r2/default/images/1775365771521-eb23937a-a14e-441c-9dd3-73ae16559c6d.png,A2570,S2570
C2571,B2571,Loan Booking,Commercial,https://image2url.com/r2/default/images/1775366053175-0f364451-8a33-4ba4-a427-6a66077a018d.png,A2571,S2571
C2572,B2572,Loan Booking,Plot,https://image2url.com/r2/default/images/1775366615084-bb21eb70-7bec-497f-9c8c-86ffed7e411e.png,A2572,S2572
C2573,B2573,Loan Booking,Villa,https://image2url.com/r2/default/images/1775366894497-2d1627bd-ac8e-4a6c-a02f-998d681c0efe.png,A2573,S2573
C2574,B2574,Loan Booking,Apartment,https://image2url.com/r2/default/images/1775365771521-eb23937a-a14e-441c-9dd3-73ae16559c6d.png,A2574,S2574
C2575,B2575,Loan Booking,Commercial,https://image2url.com/r2/default/images/1775366053175-0f364451-8a33-4ba4-a427-6a66077a018d.png,A2575,S2575
C2576,B2576,Loan Booking,Plot,https://image2url.com/r2/default/images/1775366615084-bb21eb70-7bec-497f-9c8c-86ffed7e411e.png,A2576,S2576
C2577,B2577,Loan Booking,Villa,https://image2url.com/r2/default/images/1775366894497-2d1627bd-ac8e-4a6c-a02f-998d681c0efe.png,A2577,S2577
C2578,B2578,Loan Booking,Apartment,https://image2url.com/r2/default/images/1775365771521-eb23937a-a14e-441c-9dd3-73ae16559c6d.png,A2578,S2578
C2579,B2579,Loan Booking,Commercial,https://image2url.com/r2/default/images/1775366053175-0f364451-8a33-4ba4-a427-6a66077a018d.png,A2579,S2579
C2580,B2580,Loan Booking,Plot,https://image2url.com/r2/default/images/1775366615084-bb21eb70-7bec-497f-9c8c-86ffed7e411e.png,A2580,S2580
C2581,B2581,Loan Booking,Villa,https://image2url.com/r2/default/images/1775366894497-2d1627bd-ac8e-4a6c-a02f-998d681c0efe.png,A2581,S2581
C2582,B2582,Loan Booking,Apartment,https://image2url.com/r2/default/images/1775365771521-eb23937a-a14e-441c-9dd3-73ae16559c6d.png,A2582,S2582
C2583,B2583,Loan Booking,Commercial,https://image2url.com/r2/default/images/1775366053175-0f364451-8a33-4ba4-a427-6a66077a018d.png,A2583,S2583
C2584,B2584,Loan Booking,Plot,https://image2url.com/r2/default/images/1775366615084-bb21eb70-7bec-497f-9c8c-86ffed7e411e.png,A2584,S2584
C2585,B2585,Loan Booking,Villa,https://image2url.com/r2/default/images/1775366894497-2d1627bd-ac8e-4a6c-a02f-998d681c0efe.png,A2585,S2585
C2586,B2586,Loan Booking,Apartment,https://image2url.com/r2/default/images/1775365771521-eb23937a-a14e-441c-9dd3-73ae16559c6d.png,A2586,S2586
C2587,B2587,Loan Booking,Commercial,https://image2url.com/r2/default/images/1775366053175-0f364451-8a33-4ba4-a427-6a66077a018d.png,A2587,S2587
C2588,B2588,Loan Booking,Plot,https://image2url.com/r2/default/images/1775366615084-bb21eb70-7bec-497f-9c8c-86ffed7e411e.png,A2588,S2588
C2589,B2589,Loan Booking,Villa,https://image2url.com/r2/default/images/1775366894497-2d1627bd-ac8e-4a6c-a02f-998d681c0efe.png,A2589,S2589
C2590,B2590,Loan Booking,Apartment,https://image2url.com/r2/default/images/1775365771521-eb23937a-a14e-441c-9dd3-73ae16559c6d.png,A2590,S2590
C2591,B2591,Loan Booking,Commercial,https://image2url.com/r2/default/images/1775366053175-0f364451-8a33-4ba4-a427-6a66077a018d.png,A2591,S2591
C2592,B2592,Loan Booking,Plot,https://image2url.com/r2/default/images/1775366615084-bb21eb70-7bec-497f-9c8c-86ffed7e411e.png,A2592,S2592
C2593,B2593,Loan Booking,Villa,https://image2url.com/r2/default/images/1775366894497-2d1627bd-ac8e-4a6c-a02f-998d681c0efe.png,A2593,S2593
C2594,B2594,Loan Booking,Apartment,https://image2url.com/r2/default/images/1775365771521-eb23937a-a14e-441c-9dd3-73ae16559c6d.png,A2594,S2594
C2595,B2595,Loan Booking,Commercial,https://image2url.com/r2/default/images/1775366053175-0f364451-8a33-4ba4-a427-6a66077a018d.png,A2595,S2595
C2596,B2596,Loan Booking,Plot,https://image2url.com/r2/default/images/1775366615084-bb21eb70-7bec-497f-9c8c-86ffed7e411e.png,A2596,S2596
C2597,B2597,Loan Booking,Villa,https://image2url.com/r2/default/images/1775366894497-2d1627bd-ac8e-4a6c-a02f-998d681c0efe.png,A2597,S2597
C2598,B2598,Loan Booking,Apartment,https://image2url.com/r2/default/images/1775365771521-eb23937a-a14e-441c-9dd3-73ae16559c6d.png,A2598,S2598
C2599,B2599,Loan Booking,Commercial,https://image2url.com/r2/default/images/1775366053175-0f364451-8a33-4ba4-a427-6a66077a018d.png,A2599,S2599
C2600,B2600,Loan Booking,Plot,https://image2url.com/r2/default/images/1775366615084-bb21eb70-7bec-497f-9c8c-86ffed7e411e.png,A2600,S2600
C2601,B2601,Loan Booking,Villa,https://image2url.com/r2/default/images/1775366894497-2d1627bd-ac8e-4a6c-a02f-998d681c0efe.png,A2601,S2601
C2602,B2602,Loan Booking,Apartment,https://image2url.com/r2/default/images/1775365771521-eb23937a-a14e-441c-9dd3-73ae16559c6d.png,A2602,S2602
C2603,B2603,Loan Booking,Commercial,https://image2url.com/r2/default/images/1775366053175-0f364451-8a33-4ba4-a427-6a66077a018d.png,A2603,S2603
C2604,B2604,Loan Booking,Plot,https://image2url.com/r2/default/images/1775366615084-bb21eb70-7bec-497f-9c8c-86ffed7e411e.png,A2604,S2604
C2605,B2605,Loan Booking,Villa,https://image2url.com/r2/default/images/1775366894497-2d1627bd-ac8e-4a6c-a02f-998d681c0efe.png,A2605,S2605
C2606,B2606,Loan Booking,Apartment,https://image2url.com/r2/default/images/1775365771521-eb23937a-a14e-441c-9dd3-73ae16559c6d.png,A2606,S2606
C2607,B2607,Loan Booking,Commercial,https://image2url.com/r2/default/images/1775366053175-0f364451-8a33-4ba4-a427-6a66077a018d.png,A2607,S2607
C2608,B2608,Loan Booking,Plot,https://image2url.com/r2/default/images/1775366615084-bb21eb70-7bec-497f-9c8c-86ffed7e411e.png,A2608,S2608
C2609,B2609,Loan Booking,Villa,https://image2url.com/r2/default/images/1775366894497-2d1627bd-ac8e-4a6c-a02f-998d681c0efe.png,A2609,S2609
C2610,B2610,Loan Booking,Apartment,https://image2url.com/r2/default/images/1775365771521-eb23937a-a14e-441c-9dd3-73ae16559c6d.png,A2610,S2610
C2611,B2611,Loan Booking,Commercial,https://image2url.com/r2/default/images/1775366053175-0f364451-8a33-4ba4-a427-6a66077a018d.png,A2611,S2611
C2612,B2612,Loan Booking,Plot,https://image2url.com/r2/default/images/1775366615084-bb21eb70-7bec-497f-9c8c-86ffed7e411e.png,A2612,S2612
C2613,B2613,Loan Booking,Villa,https://image2url.com/r2/default/images/1775366894497-2d1627bd-ac8e-4a6c-a02f-998d681c0efe.png,A2613,S2613
C2614,B2614,Loan Booking,Apartment,https://image2url.com/r2/default/images/1775365771521-eb23937a-a14e-441c-9dd3-73ae16559c6d.png,A2614,S2614
C2615,B2615,Loan Booking,Commercial,https://image2url.com/r2/default/images/1775366053175-0f364451-8a33-4ba4-a427-6a66077a018d.png,A2615,S2615
C2616,B2616,Loan Booking,Plot,https://image2url.com/r2/default/images/1775366615084-bb21eb70-7bec-497f-9c8c-86ffed7e411e.png,A2616,S2616
C2617,B2617,Loan Booking,Villa,https://image2url.com/r2/default/images/1775366894497-2d1627bd-ac8e-4a6c-a02f-998d681c0efe.png,A2617,S2617
C2618,B2618,Loan Booking,Apartment,https://image2url.com/r2/default/images/1775365771521-eb23937a-a14e-441c-9dd3-73ae16559c6d.png,A2618,S2618
C2619,B2619,Loan Booking,Commercial,https://image2url.com/r2/default/images/1775366053175-0f364451-8a33-4ba4-a427-6a66077a018d.png,A2619,S2619
C2620,B2620,Loan Booking,Plot,https://image2url.com/r2/default/images/1775366615084-bb21eb70-7bec-497f-9c8c-86ffed7e411e.png,A2620,S2620
C2621,B2621,Loan Booking,Villa,https://image2url.com/r2/default/images/1775366894497-2d1627bd-ac8e-4a6c-a02f-998d681c0efe.png,A2621,S2621
C2622,B2622,Loan Booking,Apartment,https://image2url.com/r2/default/images/1775365771521-eb23937a-a14e-441c-9dd3-73ae16559c6d.png,A2622,S2622
C2623,B2623,Loan Booking,Commercial,https://image2url.com/r2/default/images/1775366053175-0f364451-8a33-4ba4-a427-6a66077a018d.png,A2623,S2623
C2624,B2624,Loan Booking,Plot,https://image2url.com/r2/default/images/1775366615084-bb21eb70-7bec-497f-9c8c-86ffed7e411e.png,A2624,S2624
C2625,B2625,Loan Booking,Villa,https://image2url.com/r2/default/images/1775366894497-2d1627bd-ac8e-4a6c-a02f-998d681c0efe.png,A2625,S2625
C2626,B2626,Loan Booking,Apartment,https://image2url.com/r2/default/images/1775365771521-eb23937a-a14e-441c-9dd3-73ae16559c6d.png,A2626,S2626
C2627,B2627,Loan Booking,Commercial,https://image2url.com/r2/default/images/1775366053175-0f364451-8a33-4ba4-a427-6a66077a018d.png,A2627,S2627
C2628,B2628,Loan Booking,Plot,https://image2url.com/r2/default/images/1775366615084-bb21eb70-7bec-497f-9c8c-86ffed7e411e.png,A2628,S2628
C2629,B2629,Loan Booking,Villa,https://image2url.com/r2/default/images/1775366894497-2d1627bd-ac8e-4a6c-a02f-998d681c0efe.png,A2629,S2629
C2630,B2630,Loan Booking,Apartment,https://image2url.com/r2/default/images/1775365771521-eb23937a-a14e-441c-9dd3-73ae16559c6d.png,A2630,S2630
C2631,B2631,Direct Purchase,Commercial,https://image2url.com/r2/default/images/1775366053175-0f364451-8a33-4ba4-a427-6a66077a018d.png,A2631,S2631
C2632,B2632,Direct Purchase,Plot,https://image2url.com/r2/default/images/1775366615084-bb21eb70-7bec-497f-9c8c-86ffed7e411e.png,A2632,S2632
C2633,B2633,Direct Purchase,Villa,https://image2url.com/r2/default/images/1775366894497-2d1627bd-ac8e-4a6c-a02f-998d681c0efe.png,A2633,S2633
C2634,B2634,Direct Purchase,Apartment,https://image2url.com/r2/default/images/1775365771521-eb23937a-a14e-441c-9dd3-73ae16559c6d.png,A2634,S2634
C2635,B2635,Direct Purchase,Commercial,https://image2url.com/r2/default/images/1775366053175-0f364451-8a33-4ba4-a427-6a66077a018d.png,A2635,S2635
C2636,B2636,Direct Purchase,Plot,https://image2url.com/r2/default/images/1775366615084-bb21eb70-7bec-497f-9c8c-86ffed7e411e.png,A2636,S2636
C2637,B2637,Direct Purchase,Villa,https://image2url.com/r2/default/images/1775366894497-2d1627bd-ac8e-4a6c-a02f-998d681c0efe.png,A2637,S2637
C2638,B2638,Direct Purchase,Apartment,https://image2url.com/r2/default/images/1775365771521-eb23937a-a14e-441c-9dd3-73ae16559c6d.png,A2638,S2638
C2639,B2639,Direct Purchase,Commercial,https://image2url.com/r2/default/images/1775366053175-0f364451-8a33-4ba4-a427-6a66077a018d.png,A2639,S2639
C2640,B2640,Direct Purchase,Plot,https://image2url.com/r2/default/images/1775366615084-bb21eb70-7bec-497f-9c8c-86ffed7e411e.png,A2640,S2640
C2641,B2641,Direct Purchase,Villa,https://image2url.com/r2/default/images/1775366894497-2d1627bd-ac8e-4a6c-a02f-998d681c0efe.png,A2641,S2641
C2642,B2642,Direct Purchase,Apartment,https://image2url.com/r2/default/images/1775365771521-eb23937a-a14e-441c-9dd3-73ae16559c6d.png,A2642,S2642
C2643,B2643,Direct Purchase,Commercial,https://image2url.com/r2/default/images/1775366053175-0f364451-8a33-4ba4-a427-6a66077a018d.png,A2643,S2643
C2644,B2644,Direct Purchase,Plot,https://image2url.com/r2/default/images/1775366615084-bb21eb70-7bec-497f-9c8c-86ffed7e411e.png,A2644,S2644
C2645,B2645,Direct Purchase,Villa,https://image2url.com/r2/default/images/1775366894497-2d1627bd-ac8e-4a6c-a02f-998d681c0efe.png,A2645,S2645
C2646,B2646,Direct Purchase,Apartment,https://image2url.com/r2/default/images/1775365771521-eb23937a-a14e-441c-9dd3-73ae16559c6d.png,A2646,S2646
C2647,B2647,Direct Purchase,Commercial,https://image2url.com/r2/default/images/1775366053175-0f364451-8a33-4ba4-a427-6a66077a018d.png,A2647,S2647
C2648,B2648,Direct Purchase,Plot,https://image2url.com/r2/default/images/1775366615084-bb21eb70-7bec-497f-9c8c-86ffed7e411e.png,A2648,S2648
C2649,B2649,Direct Purchase,Villa,https://image2url.com/r2/default/images/1775366894497-2d1627bd-ac8e-4a6c-a02f-998d681c0efe.png,A2649,S2649
C2650,B2650,Direct Purchase,Apartment,https://image2url.com/r2/default/images/1775365771521-eb23937a-a14e-441c-9dd3-73ae16559c6d.png,A2650,S2650
C2651,B2651,Direct Purchase,Commercial,https://image2url.com/r2/default/images/1775366053175-0f364451-8a33-4ba4-a427-6a66077a018d.png,A2651,S2651
C2652,B2652,Direct Purchase,Plot,https://image2url.com/r2/default/images/1775366615084-bb21eb70-7bec-497f-9c8c-86ffed7e411e.png,A2652,S2652
C2653,B2653,Direct Purchase,Villa,https://image2url.com/r2/default/images/1775366894497-2d1627bd-ac8e-4a6c-a02f-998d681c0efe.png,A2653,S2653
C2654,B2654,Direct Purchase,Apartment,https://image2url.com/r2/default/images/1775365771521-eb23937a-a14e-441c-9dd3-73ae16559c6d.png,A2654,S2654
C2655,B2655,Direct Purchase,Commercial,https://image2url.com/r2/default/images/1775366053175-0f364451-8a33-4ba4-a427-6a66077a018d.png,A2655,S2655
C2656,B2656,Direct Purchase,Plot,https://image2url.com/r2/default/images/1775366615084-bb21eb70-7bec-497f-9c8c-86ffed7e411e.png,A2656,S2656
C2657,B2657,Direct Purchase,Villa,https://image2url.com/r2/default/images/1775366894497-2d1627bd-ac8e-4a6c-a02f-998d681c0efe.png,A2657,S2657
C2658,B2658,Direct Purchase,Apartment,https://image2url.com/r2/default/images/1775365771521-eb23937a-a14e-441c-9dd3-73ae16559c6d.png,A2658,S2658
C2659,B2659,Direct Purchase,Commercial,https://image2url.com/r2/default/images/1775366053175-0f364451-8a33-4ba4-a427-6a66077a018d.png,A2659,S2659
C2660,B2660,Direct Purchase,Plot,https://image2url.com/r2/default/images/1775366615084-bb21eb70-7bec-497f-9c8c-86ffed7e411e.png,A2660,S2660
C2661,B2661,Direct Purchase,Villa,https://image2url.com/r2/default/images/1775366894497-2d1627bd-ac8e-4a6c-a02f-998d681c0efe.png,A2661,S2661
C2662,B2662,Direct Purchase,Apartment,https://image2url.com/r2/default/images/1775365771521-eb23937a-a14e-441c-9dd3-73ae16559c6d.png,A2662,S2662
C2663,B2663,Direct Purchase,Commercial,https://image2url.com/r2/default/images/1775366053175-0f364451-8a33-4ba4-a427-6a66077a018d.png,A2663,S2663
C2664,B2664,Direct Purchase,Plot,https://image2url.com/r2/default/images/1775366615084-bb21eb70-7bec-497f-9c8c-86ffed7e411e.png,A2664,S2664
C2665,B2665,Direct Purchase,Villa,https://image2url.com/r2/default/images/1775366894497-2d1627bd-ac8e-4a6c-a02f-998d681c0efe.png,A2665,S2665
C2666,B2666,Direct Purchase,Apartment,https://image2url.com/r2/default/images/1775365771521-eb23937a-a14e-441c-9dd3-73ae16559c6d.png,A2666,S2666
C2667,B2667,Direct Purchase,Commercial,https://image2url.com/r2/default/images/1775366053175-0f364451-8a33-4ba4-a427-6a66077a018d.png,A2667,S2667
C2668,B2668,Direct Purchase,Plot,https://image2url.com/r2/default/images/1775366615084-bb21eb70-7bec-497f-9c8c-86ffed7e411e.png,A2668,S2668
C2669,B2669,Direct Purchase,Villa,https://image2url.com/r2/default/images/1775366894497-2d1627bd-ac8e-4a6c-a02f-998d681c0efe.png,A2669,S2669
C2670,B2670,Direct Purchase,Apartment,https://image2url.com/r2/default/images/1775365771521-eb23937a-a14e-441c-9dd3-73ae16559c6d.png,A2670,S2670
C2671,B2671,Direct Purchase,Commercial,https://image2url.com/r2/default/images/1775366053175-0f364451-8a33-4ba4-a427-6a66077a018d.png,A2671,S2671
C2672,B2672,Direct Purchase,Plot,https://image2url.com/r2/default/images/1775366615084-bb21eb70-7bec-497f-9c8c-86ffed7e411e.png,A2672,S2672
C2673,B2673,Direct Purchase,Villa,https://image2url.com/r2/default/images/1775366894497-2d1627bd-ac8e-4a6c-a02f-998d681c0efe.png,A2673,S2673
C2674,B2674,Direct Purchase,Apartment,https://image2url.com/r2/default/images/1775365771521-eb23937a-a14e-441c-9dd3-73ae16559c6d.png,A2674,S2674
C2675,B2675,Direct Purchase,Commercial,https://image2url.com/r2/default/images/1775366053175-0f364451-8a33-4ba4-a427-6a66077a018d.png,A2675,S2675
C2676,B2676,Direct Purchase,Plot,https://image2url.com/r2/default/images/1775366615084-bb21eb70-7bec-497f-9c8c-86ffed7e411e.png,A2676,S2676
C2677,B2677,Direct Purchase,Villa,https://image2url.com/r2/default/images/1775366894497-2d1627bd-ac8e-4a6c-a02f-998d681c0efe.png,A2677,S2677
C2678,B2678,Direct Purchase,Apartment,https://image2url.com/r2/default/images/1775365771521-eb23937a-a14e-441c-9dd3-73ae16559c6d.png,A2678,S2678
C2679,B2679,Direct Purchase,Commercial,https://image2url.com/r2/default/images/1775366053175-0f364451-8a33-4ba4-a427-6a66077a018d.png,A2679,S2679
C2680,B2680,Direct Purchase,Plot,https://image2url.com/r2/default/images/1775366615084-bb21eb70-7bec-497f-9c8c-86ffed7e411e.png,A2680,S2680
C2681,B2681,Direct Purchase,Villa,https://image2url.com/r2/default/images/1775366894497-2d1627bd-ac8e-4a6c-a02f-998d681c0efe.png,A2681,S2681
C2682,B2682,Direct Purchase,Apartment,https://image2url.com/r2/default/images/1775365771521-eb23937a-a14e-441c-9dd3-73ae16559c6d.png,A2682,S2682
C2683,B2683,Direct Purchase,Commercial,https://image2url.com/r2/default/images/1775366053175-0f364451-8a33-4ba4-a427-6a66077a018d.png,A2683,S2683
C2684,B2684,Direct Purchase,Plot,https://image2url.com/r2/default/images/1775366615084-bb21eb70-7bec-497f-9c8c-86ffed7e411e.png,A2684,S2684
C2685,B2685,Direct Purchase,Villa,https://image2url.com/r2/default/images/1775366894497-2d1627bd-ac8e-4a6c-a02f-998d681c0efe.png,A2685,S2685
C2686,B2686,Direct Purchase,Apartment,https://image2url.com/r2/default/images/1775365771521-eb23937a-a14e-441c-9dd3-73ae16559c6d.png,A2686,S2686
C2687,B2687,Direct Purchase,Commercial,https://image2url.com/r2/default/images/1775366053175-0f364451-8a33-4ba4-a427-6a66077a018d.png,A2687,S2687
C2688,B2688,Direct Purchase,Plot,https://image2url.com/r2/default/images/1775366615084-bb21eb70-7bec-497f-9c8c-86ffed7e411e.png,A2688,S2688
C2689,B2689,Direct Purchase,Villa,https://image2url.com/r2/default/images/1775366894497-2d1627bd-ac8e-4a6c-a02f-998d681c0efe.png,A2689,S2689
C2690,B2690,Direct Purchase,Apartment,https://image2url.com/r2/default/images/1775365771521-eb23937a-a14e-441c-9dd3-73ae16559c6d.png,A2690,S2690
C2691,B2691,Direct Purchase,Commercial,https://image2url.com/r2/default/images/1775366053175-0f364451-8a33-4ba4-a427-6a66077a018d.png,A2691,S2691
C2692,B2692,Direct Purchase,Plot,https://image2url.com/r2/default/images/1775366615084-bb21eb70-7bec-497f-9c8c-86ffed7e411e.png,A2692,S2692
C2693,B2693,Direct Purchase,Villa,https://image2url.com/r2/default/images/1775366894497-2d1627bd-ac8e-4a6c-a02f-998d681c0efe.png,A2693,S2693
C2694,B2694,Direct Purchase,Apartment,https://image2url.com/r2/default/images/1775365771521-eb23937a-a14e-441c-9dd3-73ae16559c6d.png,A2694,S2694
C2695,B2695,Direct Purchase,Commercial,https://image2url.com/r2/default/images/1775366053175-0f364451-8a33-4ba4-a427-6a66077a018d.png,A2695,S2695
C2696,B2696,Direct Purchase,Plot,https://image2url.com/r2/default/images/1775366615084-bb21eb70-7bec-497f-9c8c-86ffed7e411e.png,A2696,S2696
C2697,B2697,Direct Purchase,Villa,https://image2url.com/r2/default/images/1775366894497-2d1627bd-ac8e-4a6c-a02f-998d681c0efe.png,A2697,S2697
C2698,B2698,Direct Purchase,Apartment,https://image2url.com/r2/default/images/1775365771521-eb23937a-a14e-441c-9dd3-73ae16559c6d.png,A2698,S2698
C2699,B2699,Direct Purchase,Commercial,https://image2url.com/r2/default/images/1775366053175-0f364451-8a33-4ba4-a427-6a66077a018d.png,A2699,S2699
C2700,B2700,Direct Purchase,Plot,https://image2url.com/r2/default/images/1775366615084-bb21eb70-7bec-497f-9c8c-86ffed7e411e.png,A2700,S2700
C2701,B2701,Direct Purchase,Villa,https://image2url.com/r2/default/images/1775366894497-2d1627bd-ac8e-4a6c-a02f-998d681c0efe.png,A2701,S2701
C2702,B2702,Direct Purchase,Apartment,https://image2url.com/r2/default/images/1775365771521-eb23937a-a14e-441c-9dd3-73ae16559c6d.png,A2702,S2702
C2703,B2703,Direct Purchase,Commercial,https://image2url.com/r2/default/images/1775366053175-0f364451-8a33-4ba4-a427-6a66077a018d.png,A2703,S2703
C2704,B2704,Direct Purchase,Plot,https://image2url.com/r2/default/images/1775366615084-bb21eb70-7bec-497f-9c8c-86ffed7e411e.png,A2704,S2704
C2705,B2705,Direct Purchase,Villa,https://image2url.com/r2/default/images/1775366894497-2d1627bd-ac8e-4a6c-a02f-998d681c0efe.png,A2705,S2705
C2706,B2706,Direct Purchase,Apartment,https://image2url.com/r2/default/images/1775365771521-eb23937a-a14e-441c-9dd3-73ae16559c6d.png,A2706,S2706
C2707,B2707,Direct Purchase,Commercial,https://image2url.com/r2/default/images/1775366053175-0f364451-8a33-4ba4-a427-6a66077a018d.png,A2707,S2707
C2708,B2708,Direct Purchase,Plot,https://image2url.com/r2/default/images/1775366615084-bb21eb70-7bec-497f-9c8c-86ffed7e411e.png,A2708,S2708
C2709,B2709,Direct Purchase,Villa,https://image2url.com/r2/default/images/1775366894497-2d1627bd-ac8e-4a6c-a02f-998d681c0efe.png,A2709,S2709
C2710,B2710,Direct Purchase,Apartment,https://image2url.com/r2/default/images/1775365771521-eb23937a-a14e-441c-9dd3-73ae16559c6d.png,A2710,S2710
C2711,B2711,Direct Purchase,Commercial,https://image2url.com/r2/default/images/1775366053175-0f364451-8a33-4ba4-a427-6a66077a018d.png,A2711,S2711
C2712,B2712,Direct Purchase,Plot,https://image2url.com/r2/default/images/1775366615084-bb21eb70-7bec-497f-9c8c-86ffed7e411e.png,A2712,S2712
C2713,B2713,Direct Purchase,Villa,https://image2url.com/r2/default/images/1775366894497-2d1627bd-ac8e-4a6c-a02f-998d681c0efe.png,A2713,S2713
C2714,B2714,Direct Purchase,Apartment,https://image2url.com/r2/default/images/1775365771521-eb23937a-a14e-441c-9dd3-73ae16559c6d.png,A2714,S2714
C2715,B2715,Direct Purchase,Commercial,https://image2url.com/r2/default/images/1775366053175-0f364451-8a33-4ba4-a427-6a66077a018d.png,A2715,S2715
C2716,B2716,Direct Purchase,Plot,https://image2url.com/r2/default/images/1775366615084-bb21eb70-7bec-497f-9c8c-86ffed7e411e.png,A2716,S2716
C2717,B2717,Direct Purchase,Villa,https://image2url.com/r2/default/images/1775366894497-2d1627bd-ac8e-4a6c-a02f-998d681c0efe.png,A2717,S2717
C2718,B2718,Direct Purchase,Apartment,https://image2url.com/r2/default/images/1775365771521-eb23937a-a14e-441c-9dd3-73ae16559c6d.png,A2718,S2718
C2719,B2719,Direct Purchase,Commercial,https://image2url.com/r2/default/images/1775366053175-0f364451-8a33-4ba4-a427-6a66077a018d.png,A2719,S2719
C2720,B2720,Direct Purchase,Plot,https://image2url.com/r2/default/images/1775366615084-bb21eb70-7bec-497f-9c8c-86ffed7e411e.png,A2720,S2720
C2721,B2721,Direct Purchase,Villa,https://image2url.com/r2/default/images/1775366894497-2d1627bd-ac8e-4a6c-a02f-998d681c0efe.png,A2721,S2721
C2722,B2722,Direct Purchase,Apartment,https://image2url.com/r2/default/images/1775365771521-eb23937a-a14e-441c-9dd3-73ae16559c6d.png,A2722,S2722
C2723,B2723,Direct Purchase,Commercial,https://image2url.com/r2/default/images/1775366053175-0f364451-8a33-4ba4-a427-6a66077a018d.png,A2723,S2723
C2724,B2724,Direct Purchase,Plot,https://image2url.com/r2/default/images/1775366615084-bb21eb70-7bec-497f-9c8c-86ffed7e411e.png,A2724,S2724
C2725,B2725,Direct Purchase,Villa,https://image2url.com/r2/default/images/1775366894497-2d1627bd-ac8e-4a6c-a02f-998d681c0efe.png,A2725,S2725
C2726,B2726,Direct Purchase,Apartment,https://image2url.com/r2/default/images/1775365771521-eb23937a-a14e-441c-9dd3-73ae16559c6d.png,A2726,S2726
C2727,B2727,Direct Purchase,Commercial,https://image2url.com/r2/default/images/1775366053175-0f364451-8a33-4ba4-a427-6a66077a018d.png,A2727,S2727
C2728,B2728,Direct Purchase,Plot,https://image2url.com/r2/default/images/1775366615084-bb21eb70-7bec-497f-9c8c-86ffed7e411e.png,A2728,S2728
C2729,B2729,Direct Purchase,Villa,https://image2url.com/r2/default/images/1775366894497-2d1627bd-ac8e-4a6c-a02f-998d681c0efe.png,A2729,S2729
C2730,B2730,Direct Purchase,Apartment,https://image2url.com/r2/default/images/1775365771521-eb23937a-a14e-441c-9dd3-73ae16559c6d.png,A2730,S2730
C2731,B2731,Direct Purchase,Commercial,https://image2url.com/r2/default/images/1775366053175-0f364451-8a33-4ba4-a427-6a66077a018d.png,A2731,S2731
C2732,B2732,Direct Purchase,Plot,https://image2url.com/r2/default/images/1775366615084-bb21eb70-7bec-497f-9c8c-86ffed7e411e.png,A2732,S2732
C2733,B2733,Direct Purchase,Villa,https://image2url.com/r2/default/images/1775366894497-2d1627bd-ac8e-4a6c-a02f-998d681c0efe.png,A2733,S2733
C2734,B2734,Direct Purchase,Apartment,https://image2url.com/r2/default/images/1775365771521-eb23937a-a14e-441c-9dd3-73ae16559c6d.png,A2734,S2734
C2735,B2735,Direct Purchase,Commercial,https://image2url.com/r2/default/images/1775366053175-0f364451-8a33-4ba4-a427-6a66077a018d.png,A2735,S2735
C2736,B2736,Direct Purchase,Plot,https://image2url.com/r2/default/images/1775366615084-bb21eb70-7bec-497f-9c8c-86ffed7e411e.png,A2736,S2736
C2737,B2737,Direct Purchase,Villa,https://image2url.com/r2/default/images/1775366894497-2d1627bd-ac8e-4a6c-a02f-998d681c0efe.png,A2737,S2737
C2738,B2738,Direct Purchase,Apartment,https://image2url.com/r2/default/images/1775365771521-eb23937a-a14e-441c-9dd3-73ae16559c6d.png,A2738,S2738
C2739,B2739,Direct Purchase,Commercial,https://image2url.com/r2/default/images/1775366053175-0f364451-8a33-4ba4-a427-6a66077a018d.png,A2739,S2739
C2740,B2740,Direct Purchase,Plot,https://image2url.com/r2/default/images/1775366615084-bb21eb70-7bec-497f-9c8c-86ffed7e411e.png,A2740,S2740
C2741,B2741,Direct Purchase,Villa,https://image2url.com/r2/default/images/1775366894497-2d1627bd-ac8e-4a6c-a02f-998d681c0efe.png,A2741,S2741
C2742,B2742,Direct Purchase,Apartment,https://image2url.com/r2/default/images/1775365771521-eb23937a-a14e-441c-9dd3-73ae16559c6d.png,A2742,S2742
C2743,B2743,Direct Purchase,Commercial,https://image2url.com/r2/default/images/1775366053175-0f364451-8a33-4ba4-a427-6a66077a018d.png,A2743,S2743
C2744,B2744,Direct Purchase,Plot,https://image2url.com/r2/default/images/1775366615084-bb21eb70-7bec-497f-9c8c-86ffed7e411e.png,A2744,S2744
C2745,B2745,Direct Purchase,Villa,https://image2url.com/r2/default/images/1775366894497-2d1627bd-ac8e-4a6c-a02f-998d681c0efe.png,A2745,S2745
C2746,B2746,Direct Purchase,Apartment,https://image2url.com/r2/default/images/1775365771521-eb23937a-a14e-441c-9dd3-73ae16559c6d.png,A2746,S2746
C2747,B2747,Direct Purchase,Commercial,https://image2url.com/r2/default/images/1775366053175-0f364451-8a33-4ba4-a427-6a66077a018d.png,A2747,S2747
C2748,B2748,Direct Purchase,Plot,https://image2url.com/r2/default/images/1775366615084-bb21eb70-7bec-497f-9c8c-86ffed7e411e.png,A2748,S2748
C2749,B2749,Direct Purchase,Villa,https://image2url.com/r2/default/images/1775366894497-2d1627bd-ac8e-4a6c-a02f-998d681c0efe.png,A2749,S2749
C2750,B2750,Direct Purchase,Apartment,https://image2url.com/r2/default/images/1775365771521-eb23937a-a14e-441c-9dd3-73ae16559c6d.png,A2750,S2750
C2751,B2751,Direct Purchase,Commercial,https://image2url.com/r2/default/images/1775366053175-0f364451-8a33-4ba4-a427-6a66077a018d.png,A2751,S2751
C2752,B2752,Direct Purchase,Plot,https://image2url.com/r2/default/images/1775366615084-bb21eb70-7bec-497f-9c8c-86ffed7e411e.png,A2752,S2752
C2753,B2753,Direct Purchase,Villa,https://image2url.com/r2/default/images/1775366894497-2d1627bd-ac8e-4a6c-a02f-998d681c0efe.png,A2753,S2753
C2754,B2754,Direct Purchase,Apartment,https://image2url.com/r2/default/images/1775365771521-eb23937a-a14e-441c-9dd3-73ae16559c6d.png,A2754,S2754
C2755,B2755,Direct Purchase,Commercial,https://image2url.com/r2/default/images/1775366053175-0f364451-8a33-4ba4-a427-6a66077a018d.png,A2755,S2755
C2756,B2756,Direct Purchase,Plot,https://image2url.com/r2/default/images/1775366615084-bb21eb70-7bec-497f-9c8c-86ffed7e411e.png,A2756,S2756
C2757,B2757,Direct Purchase,Villa,https://image2url.com/r2/default/images/1775366894497-2d1627bd-ac8e-4a6c-a02f-998d681c0efe.png,A2757,S2757
C2758,B2758,Direct Purchase,Apartment,https://image2url.com/r2/default/images/1775365771521-eb23937a-a14e-441c-9dd3-73ae16559c6d.png,A2758,S2758
C2759,B2759,Direct Purchase,Commercial,https://image2url.com/r2/default/images/1775366053175-0f364451-8a33-4ba4-a427-6a66077a018d.png,A2759,S2759
C2760,B2760,Direct Purchase,Plot,https://image2url.com/r2/default/images/1775366615084-bb21eb70-7bec-497f-9c8c-86ffed7e411e.png,A2760,S2760
C2761,B2761,Direct Purchase,Villa,https://image2url.com/r2/default/images/1775366894497-2d1627bd-ac8e-4a6c-a02f-998d681c0efe.png,A2761,S2761
C2762,B2762,Direct Purchase,Apartment,https://image2url.com/r2/default/images/1775365771521-eb23937a-a14e-441c-9dd3-73ae16559c6d.png,A2762,S2762
C2763,B2763,Direct Purchase,Commercial,https://image2url.com/r2/default/images/1775366053175-0f364451-8a33-4ba4-a427-6a66077a018d.png,A2763,S2763
C2764,B2764,Direct Purchase,Plot,https://image2url.com/r2/default/images/1775366615084-bb21eb70-7bec-497f-9c8c-86ffed7e411e.png,A2764,S2764
C2765,B2765,Direct Purchase,Villa,https://image2url.com/r2/default/images/1775366894497-2d1627bd-ac8e-4a6c-a02f-998d681c0efe.png,A2765,S2765
C2766,B2766,Direct Purchase,Apartment,https://image2url.com/r2/default/images/1775365771521-eb23937a-a14e-441c-9dd3-73ae16559c6d.png,A2766,S2766
C2767,B2767,Direct Purchase,Commercial,https://image2url.com/r2/default/images/1775366053175-0f364451-8a33-4ba4-a427-6a66077a018d.png,A2767,S2767
C2768,B2768,Direct Purchase,Plot,https://image2url.com/r2/default/images/1775366615084-bb21eb70-7bec-497f-9c8c-86ffed7e411e.png,A2768,S2768
C2769,B2769,Direct Purchase,Villa,https://image2url.com/r2/default/images/1775366894497-2d1627bd-ac8e-4a6c-a02f-998d681c0efe.png,A2769,S2769
C2770,B2770,Direct Purchase,Apartment,https://image2url.com/r2/default/images/1775365771521-eb23937a-a14e-441c-9dd3-73ae16559c6d.png,A2770,S2770
C2771,B2771,Direct Purchase,Commercial,https://image2url.com/r2/default/images/1775366053175-0f364451-8a33-4ba4-a427-6a66077a018d.png,A2771,S2771
C2772,B2772,Direct Purchase,Plot,https://image2url.com/r2/default/images/1775366615084-bb21eb70-7bec-497f-9c8c-86ffed7e411e.png,A2772,S2772
C2773,B2773,Direct Purchase,Villa,https://image2url.com/r2/default/images/1775366894497-2d1627bd-ac8e-4a6c-a02f-998d681c0efe.png,A2773,S2773
C2774,B2774,Direct Purchase,Apartment,https://image2url.com/r2/default/images/1775365771521-eb23937a-a14e-441c-9dd3-73ae16559c6d.png,A2774,S2774
C2775,B2775,Direct Purchase,Commercial,https://image2url.com/r2/default/images/1775366053175-0f364451-8a33-4ba4-a427-6a66077a018d.png,A2775,S2775
C2776,B2776,Direct Purchase,Plot,https://image2url.com/r2/default/images/1775366615084-bb21eb70-7bec-497f-9c8c-86ffed7e411e.png,A2776,S2776
C2777,B2777,Direct Purchase,Villa,https://image2url.com/r2/default/images/1775366894497-2d1627bd-ac8e-4a6c-a02f-998d681c0efe.png,A2777,S2777
C2778,B2778,Direct Purchase,Apartment,https://image2url.com/r2/default/images/1775365771521-eb23937a-a14e-441c-9dd3-73ae16559c6d.png,A2778,S2778
C2779,B2779,Direct Purchase,Commercial,https://image2url.com/r2/default/images/1775366053175-0f364451-8a33-4ba4-a427-6a66077a018d.png,A2779,S2779
C2780,B2780,Direct Purchase,Plot,https://image2url.com/r2/default/images/1775366615084-bb21eb70-7bec-497f-9c8c-86ffed7e411e.png,A2780,S2780
C2781,B2781,Direct Purchase,Villa,https://image2url.com/r2/default/images/1775366894497-2d1627bd-ac8e-4a6c-a02f-998d681c0efe.png,A2781,S2781
C2782,B2782,Direct Purchase,Apartment,https://image2url.com/r2/default/images/1775365771521-eb23937a-a14e-441c-9dd3-73ae16559c6d.png,A2782,S2782
C2783,B2783,Direct Purchase,Commercial,https://image2url.com/r2/default/images/1775366053175-0f364451-8a33-4ba4-a427-6a66077a018d.png,A2783,S2783
C2784,B2784,Direct Purchase,Plot,https://image2url.com/r2/default/images/1775366615084-bb21eb70-7bec-497f-9c8c-86ffed7e411e.png,A2784,S2784
C2785,B2785,Direct Purchase,Villa,https://image2url.com/r2/default/images/1775366894497-2d1627bd-ac8e-4a6c-a02f-998d681c0efe.png,A2785,S2785
C2786,B2786,Direct Purchase,Apartment,https://image2url.com/r2/default/images/1775365771521-eb23937a-a14e-441c-9dd3-73ae16559c6d.png,A2786,S2786
C2787,B2787,Direct Purchase,Commercial,https://image2url.com/r2/default/images/1775366053175-0f364451-8a33-4ba4-a427-6a66077a018d.png,A2787,S2787
C2788,B2788,Direct Purchase,Plot,https://image2url.com/r2/default/images/1775366615084-bb21eb70-7bec-497f-9c8c-86ffed7e411e.png,A2788,S2788
C2789,B2789,Direct Purchase,Villa,https://image2url.com/r2/default/images/1775366894497-2d1627bd-ac8e-4a6c-a02f-998d681c0efe.png,A2789,S2789
C2790,B2790,Direct Purchase,Apartment,https://image2url.com/r2/default/images/1775365771521-eb23937a-a14e-441c-9dd3-73ae16559c6d.png,A2790,S2790
C2791,B2791,Direct Purchase,Commercial,https://image2url.com/r2/default/images/1775366053175-0f364451-8a33-4ba4-a427-6a66077a018d.png,A2791,S2791
C2792,B2792,Direct Purchase,Plot,https://image2url.com/r2/default/images/1775366615084-bb21eb70-7bec-497f-9c8c-86ffed7e411e.png,A2792,S2792
C2793,B2793,Direct Purchase,Villa,https://image2url.com/r2/default/images/1775366894497-2d1627bd-ac8e-4a6c-a02f-998d681c0efe.png,A2793,S2793
C2794,B2794,Direct Purchase,Apartment,https://image2url.com/r2/default/images/1775365771521-eb23937a-a14e-441c-9dd3-73ae16559c6d.png,A2794,S2794
C2795,B2795,Direct Purchase,Commercial,https://image2url.com/r2/default/images/1775366053175-0f364451-8a33-4ba4-a427-6a66077a018d.png,A2795,S2795
C2796,B2796,Direct Purchase,Plot,https://image2url.com/r2/default/images/1775366615084-bb21eb70-7bec-497f-9c8c-86ffed7e411e.png,A2796,S2796
C2797,B2797,Direct Purchase,Villa,https://image2url.com/r2/default/images/1775366894497-2d1627bd-ac8e-4a6c-a02f-998d681c0efe.png,A2797,S2797
C2798,B2798,Direct Purchase,Apartment,https://image2url.com/r2/default/images/1775365771521-eb23937a-a14e-441c-9dd3-73ae16559c6d.png,A2798,S2798
C2799,B2799,Direct Purchase,Commercial,https://image2url.com/r2/default/images/1775366053175-0f364451-8a33-4ba4-a427-6a66077a018d.png,A2799,S2799
C2800,B2800,Direct Purchase,Plot,https://image2url.com/r2/default/images/1775366615084-bb21eb70-7bec-497f-9c8c-86ffed7e411e.png,A2800,S2800
C2801,B2801,Direct Purchase,Villa,https://image2url.com/r2/default/images/1775366894497-2d1627bd-ac8e-4a6c-a02f-998d681c0efe.png,A2801,S2801
C2802,B2802,Direct Purchase,Apartment,https://image2url.com/r2/default/images/1775365771521-eb23937a-a14e-441c-9dd3-73ae16559c6d.png,A2802,S2802
C2803,B2803,Direct Purchase,Commercial,https://image2url.com/r2/default/images/1775366053175-0f364451-8a33-4ba4-a427-6a66077a018d.png,A2803,S2803
C2804,B2804,Direct Purchase,Plot,https://image2url.com/r2/default/images/1775366615084-bb21eb70-7bec-497f-9c8c-86ffed7e411e.png,A2804,S2804
C2805,B2805,Direct Purchase,Villa,https://image2url.com/r2/default/images/1775366894497-2d1627bd-ac8e-4a6c-a02f-998d681c0efe.png,A2805,S2805
C2806,B2806,Direct Purchase,Apartment,https://image2url.com/r2/default/images/1775365771521-eb23937a-a14e-441c-9dd3-73ae16559c6d.png,A2806,S2806
C2807,B2807,Direct Purchase,Commercial,https://image2url.com/r2/default/images/1775366053175-0f364451-8a33-4ba4-a427-6a66077a018d.png,A2807,S2807
C2808,B2808,Direct Purchase,Plot,https://image2url.com/r2/default/images/1775366615084-bb21eb70-7bec-497f-9c8c-86ffed7e411e.png,A2808,S2808
C2809,B2809,Direct Purchase,Villa,https://image2url.com/r2/default/images/1775366894497-2d1627bd-ac8e-4a6c-a02f-998d681c0efe.png,A2809,S2809
C2810,B2810,Direct Purchase,Apartment,https://image2url.com/r2/default/images/1775365771521-eb23937a-a14e-441c-9dd3-73ae16559c6d.png,A2810,S2810
C2811,B2811,Direct Purchase,Commercial,https://image2url.com/r2/default/images/1775366053175-0f364451-8a33-4ba4-a427-6a66077a018d.png,A2811,S2811
C2812,B2812,Direct Purchase,Plot,https://image2url.com/r2/default/images/1775366615084-bb21eb70-7bec-497f-9c8c-86ffed7e411e.png,A2812,S2812
C2813,B2813,Direct Purchase,Villa,https://image2url.com/r2/default/images/1775366894497-2d1627bd-ac8e-4a6c-a02f-998d681c0efe.png,A2813,S2813
C2814,B2814,Direct Purchase,Apartment,https://image2url.com/r2/default/images/1775365771521-eb23937a-a14e-441c-9dd3-73ae16559c6d.png,A2814,S2814
C2815,B2815,Direct Purchase,Commercial,https://image2url.com/r2/default/images/1775366053175-0f364451-8a33-4ba4-a427-6a66077a018d.png,A2815,S2815
C2816,B2816,Direct Purchase,Plot,https://image2url.com/r2/default/images/1775366615084-bb21eb70-7bec-497f-9c8c-86ffed7e411e.png,A2816,S2816
C2817,B2817,Direct Purchase,Villa,https://image2url.com/r2/default/images/1775366894497-2d1627bd-ac8e-4a6c-a02f-998d681c0efe.png,A2817,S2817
C2818,B2818,Direct Purchase,Apartment,https://image2url.com/r2/default/images/1775365771521-eb23937a-a14e-441c-9dd3-73ae16559c6d.png,A2818,S2818
C2819,B2819,Direct Purchase,Commercial,https://image2url.com/r2/default/images/1775366053175-0f364451-8a33-4ba4-a427-6a66077a018d.png,A2819,S2819
C2820,B2820,Direct Purchase,Plot,https://image2url.com/r2/default/images/1775366615084-bb21eb70-7bec-497f-9c8c-86ffed7e411e.png,A2820,S2820
C2821,B2821,Direct Purchase,Villa,https://image2url.com/r2/default/images/1775366894497-2d1627bd-ac8e-4a6c-a02f-998d681c0efe.png,A2821,S2821
C2822,B2822,Direct Purchase,Apartment,https://image2url.com/r2/default/images/1775365771521-eb23937a-a14e-441c-9dd3-73ae16559c6d.png,A2822,S2822
C2823,B2823,Direct Purchase,Commercial,https://image2url.com/r2/default/images/1775366053175-0f364451-8a33-4ba4-a427-6a66077a018d.png,A2823,S2823
C2824,B2824,Direct Purchase,Plot,https://image2url.com/r2/default/images/1775366615084-bb21eb70-7bec-497f-9c8c-86ffed7e411e.png,A2824,S2824
C2825,B2825,Direct Purchase,Villa,https://image2url.com/r2/default/images/1775366894497-2d1627bd-ac8e-4a6c-a02f-998d681c0efe.png,A2825,S2825
C2826,B2826,Direct Purchase,Apartment,https://image2url.com/r2/default/images/1775365771521-eb23937a-a14e-441c-9dd3-73ae16559c6d.png,A2826,S2826
C2827,B2827,Direct Purchase,Commercial,https://image2url.com/r2/default/images/1775366053175-0f364451-8a33-4ba4-a427-6a66077a018d.png,A2827,S2827
C2828,B2828,Direct Purchase,Plot,https://image2url.com/r2/default/images/1775366615084-bb21eb70-7bec-497f-9c8c-86ffed7e411e.png,A2828,S2828
C2829,B2829,Direct Purchase,Villa,https://image2url.com/r2/default/images/1775366894497-2d1627bd-ac8e-4a6c-a02f-998d681c0efe.png,A2829,S2829
C2830,B2830,Direct Purchase,Apartment,https://image2url.com/r2/default/images/1775365771521-eb23937a-a14e-441c-9dd3-73ae16559c6d.png,A2830,S2830
C2831,B2831,Direct Purchase,Commercial,https://image2url.com/r2/default/images/1775366053175-0f364451-8a33-4ba4-a427-6a66077a018d.png,A2831,S2831
C2832,B2832,Direct Purchase,Plot,https://image2url.com/r2/default/images/1775366615084-bb21eb70-7bec-497f-9c8c-86ffed7e411e.png,A2832,S2832
C2833,B2833,Direct Purchase,Villa,https://image2url.com/r2/default/images/1775366894497-2d1627bd-ac8e-4a6c-a02f-998d681c0efe.png,A2833,S2833
C2834,B2834,Direct Purchase,Apartment,https://image2url.com/r2/default/images/1775365771521-eb23937a-a14e-441c-9dd3-73ae16559c6d.png,A2834,S2834
C2835,B2835,Direct Purchase,Commercial,https://image2url.com/r2/default/images/1775366053175-0f364451-8a33-4ba4-a427-6a66077a018d.png,A2835,S2835
C2836,B2836,Direct Purchase,Plot,https://image2url.com/r2/default/images/1775366615084-bb21eb70-7bec-497f-9c8c-86ffed7e411e.png,A2836,S2836
C2837,B2837,Direct Purchase,Villa,https://image2url.com/r2/default/images/1775366894497-2d1627bd-ac8e-4a6c-a02f-998d681c0efe.png,A2837,S2837
C2838,B2838,Direct Purchase,Apartment,https://image2url.com/r2/default/images/1775365771521-eb23937a-a14e-441c-9dd3-73ae16559c6d.png,A2838,S2838
C2839,B2839,Direct Purchase,Commercial,https://image2url.com/r2/default/images/1775366053175-0f364451-8a33-4ba4-a427-6a66077a018d.png,A2839,S2839
C2840,B2840,Direct Purchase,Plot,https://image2url.com/r2/default/images/1775366615084-bb21eb70-7bec-497f-9c8c-86ffed7e411e.png,A2840,S2840
C2841,B2841,Direct Purchase,Villa,https://image2url.com/r2/default/images/1775366894497-2d1627bd-ac8e-4a6c-a02f-998d681c0efe.png,A2841,S2841
C2842,B2842,Direct Purchase,Apartment,https://image2url.com/r2/default/images/1775365771521-eb23937a-a14e-441c-9dd3-73ae16559c6d.png,A2842,S2842
C2843,B2843,Direct Purchase,Commercial,https://image2url.com/r2/default/images/1775366053175-0f364451-8a33-4ba4-a427-6a66077a018d.png,A2843,S2843
C2844,B2844,Direct Purchase,Plot,https://image2url.com/r2/default/images/1775366615084-bb21eb70-7bec-497f-9c8c-86ffed7e411e.png,A2844,S2844
C2845,B2845,Direct Purchase,Villa,https://image2url.com/r2/default/images/1775366894497-2d1627bd-ac8e-4a6c-a02f-998d681c0efe.png,A2845,S2845
C2846,B2846,Direct Purchase,Apartment,https://image2url.com/r2/default/images/1775365771521-eb23937a-a14e-441c-9dd3-73ae16559c6d.png,A2846,S2846
C2847,B2847,Direct Purchase,Commercial,https://image2url.com/r2/default/images/1775366053175-0f364451-8a33-4ba4-a427-6a66077a018d.png,A2847,S2847
C2848,B2848,Direct Purchase,Plot,https://image2url.com/r2/default/images/1775366615084-bb21eb70-7bec-497f-9c8c-86ffed7e411e.png,A2848,S2848
C2849,B2849,Direct Purchase,Villa,https://image2url.com/r2/default/images/1775366894497-2d1627bd-ac8e-4a6c-a02f-998d681c0efe.png,A2849,S2849
C2850,B2850,Direct Purchase,Apartment,https://image2url.com/r2/default/images/1775365771521-eb23937a-a14e-441c-9dd3-73ae16559c6d.png,A2850,S2850
C2851,B2851,Direct Purchase,Commercial,https://image2url.com/r2/default/images/1775366053175-0f364451-8a33-4ba4-a427-6a66077a018d.png,A2851,S2851
C2852,B2852,Direct Purchase,Plot,https://image2url.com/r2/default/images/1775366615084-bb21eb70-7bec-497f-9c8c-86ffed7e411e.png,A2852,S2852
C2853,B2853,Direct Purchase,Villa,https://image2url.com/r2/default/images/1775366894497-2d1627bd-ac8e-4a6c-a02f-998d681c0efe.png,A2853,S2853
C2854,B2854,Direct Purchase,Apartment,https://image2url.com/r2/default/images/1775365771521-eb23937a-a14e-441c-9dd3-73ae16559c6d.png,A2854,S2854
C2855,B2855,Direct Purchase,Commercial,https://image2url.com/r2/default/images/1775366053175-0f364451-8a33-4ba4-a427-6a66077a018d.png,A2855,S2855
C2856,B2856,Direct Purchase,Plot,https://image2url.com/r2/default/images/1775366615084-bb21eb70-7bec-497f-9c8c-86ffed7e411e.png,A2856,S2856
C2857,B2857,Direct Purchase,Villa,https://image2url.com/r2/default/images/1775366894497-2d1627bd-ac8e-4a6c-a02f-998d681c0efe.png,A2857,S2857
C2858,B2858,Direct Purchase,Apartment,https://image2url.com/r2/default/images/1775365771521-eb23937a-a14e-441c-9dd3-73ae16559c6d.png,A2858,S2858
C2859,B2859,Direct Purchase,Commercial,https://image2url.com/r2/default/images/1775366053175-0f364451-8a33-4ba4-a427-6a66077a018d.png,A2859,S2859
C2860,B2860,Direct Purchase,Plot,https://image2url.com/r2/default/images/1775366615084-bb21eb70-7bec-497f-9c8c-86ffed7e411e.png,A2860,S2860
C2861,B2861,Direct Purchase,Villa,https://image2url.com/r2/default/images/1775366894497-2d1627bd-ac8e-4a6c-a02f-998d681c0efe.png,A2861,S2861
C2862,B2862,Direct Purchase,Apartment,https://image2url.com/r2/default/images/1775365771521-eb23937a-a14e-441c-9dd3-73ae16559c6d.png,A2862,S2862
C2863,B2863,Direct Purchase,Commercial,https://image2url.com/r2/default/images/1775366053175-0f364451-8a33-4ba4-a427-6a66077a018d.png,A2863,S2863
C2864,B2864,Direct Purchase,Plot,https://image2url.com/r2/default/images/1775366615084-bb21eb70-7bec-497f-9c8c-86ffed7e411e.png,A2864,S2864
C2865,B2865,Direct Purchase,Villa,https://image2url.com/r2/default/images/1775366894497-2d1627bd-ac8e-4a6c-a02f-998d681c0efe.png,A2865,S2865
C2866,B2866,Direct Purchase,Apartment,https://image2url.com/r2/default/images/1775365771521-eb23937a-a14e-441c-9dd3-73ae16559c6d.png,A2866,S2866
C2867,B2867,Direct Purchase,Commercial,https://image2url.com/r2/default/images/1775366053175-0f364451-8a33-4ba4-a427-6a66077a018d.png,A2867,S2867
C2868,B2868,Direct Purchase,Plot,https://image2url.com/r2/default/images/1775366615084-bb21eb70-7bec-497f-9c8c-86ffed7e411e.png,A2868,S2868
C2869,B2869,Direct Purchase,Villa,https://image2url.com/r2/default/images/1775366894497-2d1627bd-ac8e-4a6c-a02f-998d681c0efe.png,A2869,S2869
C2870,B2870,Direct Purchase,Apartment,https://image2url.com/r2/default/images/1775365771521-eb23937a-a14e-441c-9dd3-73ae16559c6d.png,A2870,S2870
C2871,B2871,Direct Purchase,Commercial,https://image2url.com/r2/default/images/1775366053175-0f364451-8a33-4ba4-a427-6a66077a018d.png,A2871,S2871
C2872,B2872,Direct Purchase,Plot,https://image2url.com/r2/default/images/1775366615084-bb21eb70-7bec-497f-9c8c-86ffed7e411e.png,A2872,S2872
C2873,B2873,Direct Purchase,Villa,https://image2url.com/r2/default/images/1775366894497-2d1627bd-ac8e-4a6c-a02f-998d681c0efe.png,A2873,S2873
C2874,B2874,Direct Purchase,Apartment,https://image2url.com/r2/default/images/1775365771521-eb23937a-a14e-441c-9dd3-73ae16559c6d.png,A2874,S2874
C2875,B2875,Direct Purchase,Commercial,https://image2url.com/r2/default/images/1775366053175-0f364451-8a33-4ba4-a427-6a66077a018d.png,A2875,S2875
C2876,B2876,Direct Purchase,Plot,https://image2url.com/r2/default/images/1775366615084-bb21eb70-7bec-497f-9c8c-86ffed7e411e.png,A2876,S2876
C2877,B2877,Direct Purchase,Villa,https://image2url.com/r2/default/images/1775366894497-2d1627bd-ac8e-4a6c-a02f-998d681c0efe.png,A2877,S2877
C2878,B2878,Direct Purchase,Apartment,https://image2url.com/r2/default/images/1775365771521-eb23937a-a14e-441c-9dd3-73ae16559c6d.png,A2878,S2878
C2879,B2879,Direct Purchase,Commercial,https://image2url.com/r2/default/images/1775366053175-0f364451-8a33-4ba4-a427-6a66077a018d.png,A2879,S2879
C2880,B2880,Direct Purchase,Plot,https://image2url.com/r2/default/images/1775366615084-bb21eb70-7bec-497f-9c8c-86ffed7e411e.png,A2880,S2880
C2881,B2881,Direct Purchase,Villa,https://image2url.com/r2/default/images/1775366894497-2d1627bd-ac8e-4a6c-a02f-998d681c0efe.png,A2881,S2881
C2882,B2882,Direct Purchase,Apartment,https://image2url.com/r2/default/images/1775365771521-eb23937a-a14e-441c-9dd3-73ae16559c6d.png,A2882,S2882
C2883,B2883,Direct Purchase,Commercial,https://image2url.com/r2/default/images/1775366053175-0f364451-8a33-4ba4-a427-6a66077a018d.png,A2883,S2883
C2884,B2884,Direct Purchase,Plot,https://image2url.com/r2/default/images/1775366615084-bb21eb70-7bec-497f-9c8c-86ffed7e411e.png,A2884,S2884
C2885,B2885,Direct Purchase,Villa,https://image2url.com/r2/default/images/1775366894497-2d1627bd-ac8e-4a6c-a02f-998d681c0efe.png,A2885,S2885
C2886,B2886,Direct Purchase,Apartment,https://image2url.com/r2/default/images/1775365771521-eb23937a-a14e-441c-9dd3-73ae16559c6d.png,A2886,S2886
C2887,B2887,Direct Purchase,Commercial,https://image2url.com/r2/default/images/1775366053175-0f364451-8a33-4ba4-a427-6a66077a018d.png,A2887,S2887
C2888,B2888,Direct Purchase,Plot,https://image2url.com/r2/default/images/1775366615084-bb21eb70-7bec-497f-9c8c-86ffed7e411e.png,A2888,S2888
C2889,B2889,Direct Purchase,Villa,https://image2url.com/r2/default/images/1775366894497-2d1627bd-ac8e-4a6c-a02f-998d681c0efe.png,A2889,S2889
C2890,B2890,Direct Purchase,Apartment,https://image2url.com/r2/default/images/1775365771521-eb23937a-a14e-441c-9dd3-73ae16559c6d.png,A2890,S2890
C2891,B2891,Direct Purchase,Commercial,https://image2url.com/r2/default/images/1775366053175-0f364451-8a33-4ba4-a427-6a66077a018d.png,A2891,S2891
C2892,B2892,Direct Purchase,Plot,https://image2url.com/r2/default/images/1775366615084-bb21eb70-7bec-497f-9c8c-86ffed7e411e.png,A2892,S2892
C2893,B2893,Direct Purchase,Villa,https://image2url.com/r2/default/images/1775366894497-2d1627bd-ac8e-4a6c-a02f-998d681c0efe.png,A2893,S2893
C2894,B2894,Direct Purchase,Apartment,https://image2url.com/r2/default/images/1775365771521-eb23937a-a14e-441c-9dd3-73ae16559c6d.png,A2894,S2894
C2895,B2895,Direct Purchase,Commercial,https://image2url.com/r2/default/images/1775366053175-0f364451-8a33-4ba4-a427-6a66077a018d.png,A2895,S2895
C2896,B2896,Direct Purchase,Plot,https://image2url.com/r2/default/images/1775366615084-bb21eb70-7bec-497f-9c8c-86ffed7e411e.png,A2896,S2896
C2897,B2897,Direct Purchase,Villa,https://image2url.com/r2/default/images/1775366894497-2d1627bd-ac8e-4a6c-a02f-998d681c0efe.png,A2897,S2897
C2898,B2898,Direct Purchase,Apartment,https://image2url.com/r2/default/images/1775365771521-eb23937a-a14e-441c-9dd3-73ae16559c6d.png,A2898,S2898
C2899,B2899,Direct Purchase,Commercial,https://image2url.com/r2/default/images/1775366053175-0f364451-8a33-4ba4-a427-6a66077a018d.png,A2899,S2899
C2900,B2900,Direct Purchase,Plot,https://image2url.com/r2/default/images/1775366615084-bb21eb70-7bec-497f-9c8c-86ffed7e411e.png,A2900,S2900
C2901,B2901,Direct Purchase,Apartment,https://image2url.com/r2/default/images/1775365771521-eb23937a-a14e-441c-9dd3-73ae16559c6d.png,A2901,S2901
C2902,B2902,Direct Purchase,Apartment,https://image2url.com/r2/default/images/1775365771521-eb23937a-a14e-441c-9dd3-73ae16559c6d.png,A2902,S2902
C2903,B2903,Direct Purchase,Apartment,https://image2url.com/r2/default/images/1775365771521-eb23937a-a14e-441c-9dd3-73ae16559c6d.png,A2903,S2903
C2904,B2904,Direct Purchase,Apartment,https://image2url.com/r2/default/images/1775365771521-eb23937a-a14e-441c-9dd3-73ae16559c6d.png,A2904,S2904
C2905,B2905,Direct Purchase,Apartment,https://image2url.com/r2/default/images/1775365771521-eb23937a-a14e-441c-9dd3-73ae16559c6d.png,A2905,S2905
C2906,B2906,Direct Purchase,Apartment,https://image2url.com/r2/default/images/1775365771521-eb23937a-a14e-441c-9dd3-73ae16559c6d.png,A2906,S2906
C2907,B2907,Direct Purchase,Apartment,https://image2url.com/r2/default/images/1775365771521-eb23937a-a14e-441c-9dd3-73ae16559c6d.png,A2907,S2907
C2908,B2908,Direct Purchase,Apartment,https://image2url.com/r2/default/images/1775365771521-eb23937a-a14e-441c-9dd3-73ae16559c6d.png,A2908,S2908
C2909,B2909,Direct Purchase,Apartment,https://image2url.com/r2/default/images/1775365771521-eb23937a-a14e-441c-9dd3-73ae16559c6d.png,A2909,S2909
C2910,B2910,Direct Purchase,Apartment,https://image2url.com/r2/default/images/1775365771521-eb23937a-a14e-441c-9dd3-73ae16559c6d.png,A2910,S2910
C2911,B2911,Direct Purchase,Apartment,https://image2url.com/r2/default/images/1775365771521-eb23937a-a14e-441c-9dd3-73ae16559c6d.png,A2911,S2911
C2912,B2912,Direct Purchase,Apartment,https://image2url.com/r2/default/images/1775365771521-eb23937a-a14e-441c-9dd3-73ae16559c6d.png,A2912,S2912
C2913,B2913,Direct Purchase,Apartment,https://image2url.com/r2/default/images/1775365771521-eb23937a-a14e-441c-9dd3-73ae16559c6d.png,A2913,S2913
C2914,B2914,Direct Purchase,Apartment,https://image2url.com/r2/default/images/1775365771521-eb23937a-a14e-441c-9dd3-73ae16559c6d.png,A2914,S2914
C2915,B2915,Direct Purchase,Apartment,https://image2url.com/r2/default/images/1775365771521-eb23937a-a14e-441c-9dd3-73ae16559c6d.png,A2915,S2915
C2916,B2916,Direct Purchase,Apartment,https://image2url.com/r2/default/images/1775365771521-eb23937a-a14e-441c-9dd3-73ae16559c6d.png,A2916,S2916
C2917,B2917,Direct Purchase,Apartment,https://image2url.com/r2/default/images/1775365771521-eb23937a-a14e-441c-9dd3-73ae16559c6d.png,A2917,S2917
C2918,B2918,Direct Purchase,Apartment,https://image2url.com/r2/default/images/1775365771521-eb23937a-a14e-441c-9dd3-73ae16559c6d.png,A2918,S2918
C2919,B2919,Direct Purchase,Apartment,https://image2url.com/r2/default/images/1775365771521-eb23937a-a14e-441c-9dd3-73ae16559c6d.png,A2919,S2919
C2920,B2920,Direct Purchase,Apartment,https://image2url.com/r2/default/images/1775365771521-eb23937a-a14e-441c-9dd3-73ae16559c6d.png,A2920,S2920
C2921,B2921,Direct Purchase,Apartment,https://image2url.com/r2/default/images/1775365771521-eb23937a-a14e-441c-9dd3-73ae16559c6d.png,A2921,S2921
C2922,B2922,Direct Purchase,Apartment,https://image2url.com/r2/default/images/1775365771521-eb23937a-a14e-441c-9dd3-73ae16559c6d.png,A2922,S2922
C2923,B2923,Direct Purchase,Apartment,https://image2url.com/r2/default/images/1775365771521-eb23937a-a14e-441c-9dd3-73ae16559c6d.png,A2923,S2923
C2924,B2924,Direct Purchase,Apartment,https://image2url.com/r2/default/images/1775365771521-eb23937a-a14e-441c-9dd3-73ae16559c6d.png,A2924,S2924
C2925,B2925,Direct Purchase,Apartment,https://image2url.com/r2/default/images/1775365771521-eb23937a-a14e-441c-9dd3-73ae16559c6d.png,A2925,S2925
C2926,B2926,Direct Purchase,Apartment,https://image2url.com/r2/default/images/1775365771521-eb23937a-a14e-441c-9dd3-73ae16559c6d.png,A2926,S2926
C2927,B2927,Direct Purchase,Apartment,https://image2url.com/r2/default/images/1775365771521-eb23937a-a14e-441c-9dd3-73ae16559c6d.png,A2927,S2927
C2928,B2928,Direct Purchase,Apartment,https://image2url.com/r2/default/images/1775365771521-eb23937a-a14e-441c-9dd3-73ae16559c6d.png,A2928,S2928
C2929,B2929,Direct Purchase,Apartment,https://image2url.com/r2/default/images/1775365771521-eb23937a-a14e-441c-9dd3-73ae16559c6d.png,A2929,S2929
C2930,B2930,Direct Purchase,Apartment,https://image2url.com/r2/default/images/1775365771521-eb23937a-a14e-441c-9dd3-73ae16559c6d.png,A2930,S2930
C2931,B2931,Direct Purchase,Apartment,https://image2url.com/r2/default/images/1775365771521-eb23937a-a14e-441c-9dd3-73ae16559c6d.png,A2931,S2931
C2932,B2932,Direct Purchase,Apartment,https://image2url.com/r2/default/images/1775365771521-eb23937a-a14e-441c-9dd3-73ae16559c6d.png,A2932,S2932
C2933,B2933,Direct Purchase,Apartment,https://image2url.com/r2/default/images/1775365771521-eb23937a-a14e-441c-9dd3-73ae16559c6d.png,A2933,S2933
C2934,B2934,Direct Purchase,Apartment,https://image2url.com/r2/default/images/1775365771521-eb23937a-a14e-441c-9dd3-73ae16559c6d.png,A2934,S2934
C2935,B2935,Direct Purchase,Apartment,https://image2url.com/r2/default/images/1775365771521-eb23937a-a14e-441c-9dd3-73ae16559c6d.png,A2935,S2935
C2936,B2936,Direct Purchase,Apartment,https://image2url.com/r2/default/images/1775365771521-eb23937a-a14e-441c-9dd3-73ae16559c6d.png,A2936,S2936
C2937,B2937,Direct Purchase,Apartment,https://image2url.com/r2/default/images/1775365771521-eb23937a-a14e-441c-9dd3-73ae16559c6d.png,A2937,S2937
C2938,B2938,Direct Purchase,Apartment,https://image2url.com/r2/default/images/1775365771521-eb23937a-a14e-441c-9dd3-73ae16559c6d.png,A2938,S2938
C2939,B2939,Direct Purchase,Apartment,https://image2url.com/r2/default/images/1775365771521-eb23937a-a14e-441c-9dd3-73ae16559c6d.png,A2939,S2939
C2940,B2940,Direct Purchase,Apartment,https://image2url.com/r2/default/images/1775365771521-eb23937a-a14e-441c-9dd3-73ae16559c6d.png,A2940,S2940
C2941,B2941,Direct Purchase,Apartment,https://image2url.com/r2/default/images/1775365771521-eb23937a-a14e-441c-9dd3-73ae16559c6d.png,A2941,S2941
C2942,B2942,Direct Purchase,Apartment,https://image2url.com/r2/default/images/1775365771521-eb23937a-a14e-441c-9dd3-73ae16559c6d.png,A2942,S2942
C2943,B2943,Direct Purchase,Apartment,https://image2url.com/r2/default/images/1775365771521-eb23937a-a14e-441c-9dd3-73ae16559c6d.png,A2943,S2943
C2944,B2944,Direct Purchase,Apartment,https://image2url.com/r2/default/images/1775365771521-eb23937a-a14e-441c-9dd3-73ae16559c6d.png,A2944,S2944
C2945,B2945,Direct Purchase,Apartment,https://image2url.com/r2/default/images/1775365771521-eb23937a-a14e-441c-9dd3-73ae16559c6d.png,A2945,S2945
C2946,B2946,Direct Purchase,Apartment,https://image2url.com/r2/default/images/1775365771521-eb23937a-a14e-441c-9dd3-73ae16559c6d.png,A2946,S2946
C2947,B2947,Direct Purchase,Apartment,https://image2url.com/r2/default/images/1775365771521-eb23937a-a14e-441c-9dd3-73ae16559c6d.png,A2947,S2947
C2948,B2948,Direct Purchase,Apartment,https://image2url.com/r2/default/images/1775365771521-eb23937a-a14e-441c-9dd3-73ae16559c6d.png,A2948,S2948
C2949,B2949,Direct Purchase,Apartment,https://image2url.com/r2/default/images/1775365771521-eb23937a-a14e-441c-9dd3-73ae16559c6d.png,A2949,S2949
C2950,B2950,Direct Purchase,Apartment,https://image2url.com/r2/default/images/1775365771521-eb23937a-a14e-441c-9dd3-73ae16559c6d.png,A2950,S2950
C2951,B2951,Direct Purchase,Apartment,https://image2url.com/r2/default/images/1775365771521-eb23937a-a14e-441c-9dd3-73ae16559c6d.png,A2951,S2951
C2952,B2952,Direct Purchase,Apartment,https://image2url.com/r2/default/images/1775365771521-eb23937a-a14e-441c-9dd3-73ae16559c6d.png,A2952,S2952
C2953,B2953,Direct Purchase,Apartment,https://image2url.com/r2/default/images/1775365771521-eb23937a-a14e-441c-9dd3-73ae16559c6d.png,A2953,S2953
C2954,B2954,Direct Purchase,Apartment,https://image2url.com/r2/default/images/1775365771521-eb23937a-a14e-441c-9dd3-73ae16559c6d.png,A2954,S2954
C2955,B2955,Direct Purchase,Apartment,https://image2url.com/r2/default/images/1775365771521-eb23937a-a14e-441c-9dd3-73ae16559c6d.png,A2955,S2955
C2956,B2956,Direct Purchase,Apartment,https://image2url.com/r2/default/images/1775365771521-eb23937a-a14e-441c-9dd3-73ae16559c6d.png,A2956,S2956
C2957,B2957,Direct Purchase,Apartment,https://image2url.com/r2/default/images/1775365771521-eb23937a-a14e-441c-9dd3-73ae16559c6d.png,A2957,S2957
C2958,B2958,Direct Purchase,Apartment,https://image2url.com/r2/default/images/1775365771521-eb23937a-a14e-441c-9dd3-73ae16559c6d.png,A2958,S2958
C2959,B2959,Direct Purchase,Apartment,https://image2url.com/r2/default/images/1775365771521-eb23937a-a14e-441c-9dd3-73ae16559c6d.png,A2959,S2959
C2960,B2960,Direct Purchase,Apartment,https://image2url.com/r2/default/images/1775365771521-eb23937a-a14e-441c-9dd3-73ae16559c6d.png,A2960,S2960
C2961,B2961,Direct Purchase,Apartment,https://image2url.com/r2/default/images/1775365771521-eb23937a-a14e-441c-9dd3-73ae16559c6d.png,A2961,S2961
C2962,B2962,Direct Purchase,Apartment,https://image2url.com/r2/default/images/1775365771521-eb23937a-a14e-441c-9dd3-73ae16559c6d.png,A2962,S2962
C2963,B2963,Direct Purchase,Apartment,https://image2url.com/r2/default/images/1775365771521-eb23937a-a14e-441c-9dd3-73ae16559c6d.png,A2963,S2963
C2964,B2964,Direct Purchase,Apartment,https://image2url.com/r2/default/images/1775365771521-eb23937a-a14e-441c-9dd3-73ae16559c6d.png,A2964,S2964
C2965,B2965,Direct Purchase,Apartment,https://image2url.com/r2/default/images/1775365771521-eb23937a-a14e-441c-9dd3-73ae16559c6d.png,A2965,S2965
C2966,B2966,Direct Purchase,Apartment,https://image2url.com/r2/default/images/1775365771521-eb23937a-a14e-441c-9dd3-73ae16559c6d.png,A2966,S2966
C2967,B2967,Direct Purchase,Apartment,https://image2url.com/r2/default/images/1775365771521-eb23937a-a14e-441c-9dd3-73ae16559c6d.png,A2967,S2967
C2968,B2968,Direct Purchase,Apartment,https://image2url.com/r2/default/images/1775365771521-eb23937a-a14e-441c-9dd3-73ae16559c6d.png,A2968,S2968
C2969,B2969,Direct Purchase,Apartment,https://image2url.com/r2/default/images/1775365771521-eb23937a-a14e-441c-9dd3-73ae16559c6d.png,A2969,S2969
C2970,B2970,Direct Purchase,Apartment,https://image2url.com/r2/default/images/1775365771521-eb23937a-a14e-441c-9dd3-73ae16559c6d.png,A2970,S2970
C2971,B2971,Direct Purchase,Apartment,https://image2url.com/r2/default/images/1775365771521-eb23937a-a14e-441c-9dd3-73ae16559c6d.png,A2971,S2971
C2972,B2972,Direct Purchase,Apartment,https://image2url.com/r2/default/images/1775365771521-eb23937a-a14e-441c-9dd3-73ae16559c6d.png,A2972,S2972
C2973,B2973,Direct Purchase,Apartment,https://image2url.com/r2/default/images/1775365771521-eb23937a-a14e-441c-9dd3-73ae16559c6d.png,A2973,S2973
C2974,B2974,Direct Purchase,Apartment,https://image2url.com/r2/default/images/1775365771521-eb23937a-a14e-441c-9dd3-73ae16559c6d.png,A2974,S2974
C2975,B2975,Direct Purchase,Apartment,https://image2url.com/r2/default/images/1775365771521-eb23937a-a14e-441c-9dd3-73ae16559c6d.png,A2975,S2975
C2976,B2976,Direct Purchase,Apartment,https://image2url.com/r2/default/images/1775365771521-eb23937a-a14e-441c-9dd3-73ae16559c6d.png,A2976,S2976
C2977,B2977,Direct Purchase,Apartment,https://image2url.com/r2/default/images/1775365771521-eb23937a-a14e-441c-9dd3-73ae16559c6d.png,A2977,S2977
C2978,B2978,Direct Purchase,Apartment,https://image2url.com/r2/default/images/1775365771521-eb23937a-a14e-441c-9dd3-73ae16559c6d.png,A2978,S2978
C2979,B2979,Direct Purchase,Apartment,https://image2url.com/r2/default/images/1775365771521-eb23937a-a14e-441c-9dd3-73ae16559c6d.png,A2979,S2979
C2980,B2980,Direct Purchase,Apartment,https://image2url.com/r2/default/images/1775365771521-eb23937a-a14e-441c-9dd3-73ae16559c6d.png,A2980,S2980
C2981,B2981,Direct Purchase,Apartment,https://image2url.com/r2/default/images/1775365771521-eb23937a-a14e-441c-9dd3-73ae16559c6d.png,A2981,S2981
C2982,B2982,Direct Purchase,Apartment,https://image2url.com/r2/default/images/1775365771521-eb23937a-a14e-441c-9dd3-73ae16559c6d.png,A2982,S2982
C2983,B2983,Direct Purchase,Apartment,https://image2url.com/r2/default/images/1775365771521-eb23937a-a14e-441c-9dd3-73ae16559c6d.png,A2983,S2983
C2984,B2984,Direct Purchase,Apartment,https://image2url.com/r2/default/images/1775365771521-eb23937a-a14e-441c-9dd3-73ae16559c6d.png,A2984,S2984
C2985,B2985,Direct Purchase,Apartment,https://image2url.com/r2/default/images/1775365771521-eb23937a-a14e-441c-9dd3-73ae16559c6d.png,A2985,S2985
C2986,B2986,Direct Purchase,Apartment,https://image2url.com/r2/default/images/1775365771521-eb23937a-a14e-441c-9dd3-73ae16559c6d.png,A2986,S2986
C2987,B2987,Direct Purchase,Apartment,https://image2url.com/r2/default/images/1775365771521-eb23937a-a14e-441c-9dd3-73ae16559c6d.png,A2987,S2987
C2988,B2988,Direct Purchase,Apartment,https://image2url.com/r2/default/images/1775365771521-eb23937a-a14e-441c-9dd3-73ae16559c6d.png,A2988,S2988
C2989,B2989,Direct Purchase,Apartment,https://image2url.com/r2/default/images/1775365771521-eb23937a-a14e-441c-9dd3-73ae16559c6d.png,A2989,S2989
C2990,B2990,Direct Purchase,Apartment,https://image2url.com/r2/default/images/1775365771521-eb23937a-a14e-441c-9dd3-73ae16559c6d.png,A2990,S2990
C2991,B2991,Direct Purchase,Apartment,https://image2url.com/r2/default/images/1775365771521-eb23937a-a14e-441c-9dd3-73ae16559c6d.png,A2991,S2991
C2992,B2992,Direct Purchase,Apartment,https://image2url.com/r2/default/images/1775365771521-eb23937a-a14e-441c-9dd3-73ae16559c6d.png,A2992,S2992
C2993,B2993,Direct Purchase,Apartment,https://image2url.com/r2/default/images/1775365771521-eb23937a-a14e-441c-9dd3-73ae16559c6d.png,A2993,S2993
C2994,B2994,Direct Purchase,Apartment,https://image2url.com/r2/default/images/1775365771521-eb23937a-a14e-441c-9dd3-73ae16559c6d.png,A2994,S2994
C2995,B2995,Direct Purchase,Apartment,https://image2url.com/r2/default/images/1775365771521-eb23937a-a14e-441c-9dd3-73ae16559c6d.png,A2995,S2995
C2996,B2996,Direct Purchase,Apartment,https://image2url.com/r2/default/images/1775365771521-eb23937a-a14e-441c-9dd3-73ae16559c6d.png,A2996,S2996
C2997,B2997,Direct Purchase,Apartment,https://image2url.com/r2/default/images/1775365771521-eb23937a-a14e-441c-9dd3-73ae16559c6d.png,A2997,S2997
C2998,B2998,Direct Purchase,Apartment,https://image2url.com/r2/default/images/1775365771521-eb23937a-a14e-441c-9dd3-73ae16559c6d.png,A2998,S2998
C2999,B2999,Direct Purchase,Apartment,https://image2url.com/r2/default/images/1775365771521-eb23937a-a14e-441c-9dd3-73ae16559c6d.png,A2999,S2999
C3000,B3000,Direct Purchase,Apartment,https://image2url.com/r2/default/images/1775365771521-eb23937a-a14e-441c-9dd3-73ae16559c6d.png,A3000,S3000
