customer_id,customer_name,city,budget_min,budget_max,preferred_property_type
C001,David Dejesus,Chennai,4675584,8343049,Villa
C002,Jesse Garczynski,Perambalur,5188199,7840630,Apartment
C003,Thomas Cote,Bangalore,5817150,6247689,Apartment
C004,Christopher Johnson,Coimbatore,4864945,6389177,Apartment
C005,Jimmie Silkwood,Kochi,5313126,8673309,Apartment
C006,Amanda Neal,Hosur,5230265,9301318,Apartment
C007,Rebecca Barnes,Trichy,5637801,8842454,Apartment
C008,Margaret Thelen,Chennai,5377776,9287708,Apartment
C009,Kelly Edwards,Perambalur,5507481,7826945,Villa
C010,Joan Kenney,Bangalore,5848093,7159804,Villa
C011,Tyler Gage,Coimbatore,5229677,9219661,Villa
C012,Jerome Manning,Kochi,4802953,7786298,Villa
C013,Paul Guerra,Hosur,4952027,9450919,Villa
C014,George Gaines,Trichy,5997199,8157609,Villa
C015,Joseph Elmore,Chennai,5593920,8343604,Commercial
C016,Adam Crow,Perambalur,5275754,8965763,Commercial
C017,Charles Horton,Bangalore,4510570,8059555,Commercial
C018,Maria Kieffer,Coimbatore,5637958,7250787,Commercial
C019,Mary Bass,Kochi,4900639,8675506,Commercial
C020,Elizabeth Hommel,Hosur,5094498,6362653,Commercial
C021,Marcus Trahern,Trichy,5201697,6832212,Commercial
C022,Grace Richardson,Chennai,4958296,7204028,Plot
C023,Le Bare,Perambalur,5744620,7630347,Plot
C024,Eva Petrie,Bangalore,4701719,9497210,Plot
C025,Josefina Herring,Coimbatore,5360106,6449700,Plot
C026,Shawna Aaronson,Kochi,5779235,7832052,Plot
C027,Jeffrey Bess,Hosur,4926122,9321497,Plot
C028,Kristy Perez,Trichy,5052600,7057509,Farmhouse
C029,Bernice Klauer,Chennai,5265195,6227278,Farmhouse
C030,Albert Vick,Perambalur,5187452,7092473,Farmhouse
C031,George Villarreal,Bangalore,5904078,7089001,Farmhouse
C032,Edward Paradee,Coimbatore,5822318,9461316,Farmhouse
C033,Guillermo Moore,Kochi,5355673,8781414,Farmhouse
C034,Eileen Marron,Hosur,5854335,6622530,Farmhouse
C035,Neil Marable,Trichy,4800739,6973700,Farmhouse
C036,Eleanor Sampson,Chennai,5614286,8186793,Farmhouse
C037,Adrian Cullen,Perambalur,4528268,7698610,Farmhouse
C038,Brenda Rowe,Bangalore,5832909,9361432,Apartment
C039,Phillip Richburg,Coimbatore,4793678,8278382,Villa
C040,Joan Everett,Kochi,4981376,6736796,Commercial
C041,Joann Johnson,Hosur,4518272,6874081,Plot
C042,Joyce Malone,Trichy,5311701,8888878,Farmhouse
C043,Rosa Tiefenauer,Chennai,5678644,8002981,Apartment
C044,Rolando Turner,Perambalur,5306275,7462070,Villa
C045,Richard Gilbert,Bangalore,5743638,8089303,Commercial
C046,Eddie Barry,Coimbatore,5800545,7013242,Plot
C047,James Morales,Kochi,5544697,7737311,Farmhouse
C048,Jan Howard,Hosur,5132937,6986198,Apartment
C049,Susan Odell,Trichy,5919795,8429298,Villa
C050,Jay Cook,Chennai,5542175,7305625,Commercial
C051,Lucy Fernandez,Perambalur,5364319,6858412,Plot
C052,Jason James,Bangalore,5762535,9311477,Farmhouse
C053,Claudia Parilla,Coimbatore,5801480,7626278,Apartment
C054,Irene Janzen,Kochi,5495021,6204288,Villa
C055,Andre Hart,Hosur,5316584,7323912,Commercial
C056,Reginald Copley,Trichy,4786468,9193518,Plot
C057,Hugo Beer,Chennai,5789689,9196416,Farmhouse
C058,Bobbie Carpenter,Perambalur,4969772,9465051,Apartment
C059,Nolan Herrera,Bangalore,4822325,9136442,Villa
C060,Ronald Dawson,Coimbatore,4873855,8695529,Commercial
C061,Richard Holdsworth,Kochi,5749156,7991336,Plot
C062,Charlotte Heard,Hosur,5305190,6224808,Farmhouse
C063,Christian Luhman,Trichy,4886952,8302508,Apartment
C064,Brenda Koch,Chennai,4800712,8499232,Villa
C065,Maria Hewett,Perambalur,5850704,7569859,Commercial
C066,Nellie Froedge,Bangalore,5526636,8320635,Plot
C067,Tyrone Sanders,Coimbatore,5472208,6982410,Farmhouse
C068,Christopher Mortenson,Kochi,5335815,8245321,Apartment
C069,Emily Widmer,Hosur,5581319,6468261,Villa
C070,Steve Grant,Trichy,4583439,7136754,Commercial
C071,Oscar Worm,Chennai,5662678,6592709,Plot
C072,Benjamin Wittman,Perambalur,5954346,7252091,Farmhouse
C073,Felipe Martin,Bangalore,5979420,7466885,Apartment
C074,Peter Pagel,Coimbatore,5569095,6313254,Villa
C075,Burton Carmichael,Kochi,5421853,7411687,Commercial
C076,Bridget Decena,Hosur,4742594,8103407,Plot
C077,Michael Williams,Trichy,4819627,8083673,Farmhouse
C078,Gregorio Henderson,Chennai,4943489,6931553,Apartment
C079,Sam Haugh,Perambalur,5061547,6847675,Villa
C080,John Barrett,Bangalore,5163168,8420178,Commercial
C081,Charles Garner,Coimbatore,4514431,8933389,Plot
C082,Carolyn Wade,Kochi,4990644,6449274,Farmhouse
C083,Gracie Foster,Hosur,5022703,8019655,Apartment
C084,James Packer,Trichy,5425162,6511488,Villa
C085,Arlene Brett,Chennai,5110267,7350846,Commercial
C086,Mark Lopez,Perambalur,4858399,7769672,Plot
C087,Helen Wendell,Bangalore,4655447,7678096,Farmhouse
C088,Luis Lawrence,Coimbatore,5149925,6576901,Apartment
C089,Fred Matson,Kochi,4685827,7840743,Villa
C090,Curtis Nolen,Hosur,4946585,8132492,Commercial
C091,Robert Hill,Trichy,5828319,6458734,Plot
C092,Matthew Moore,Chennai,5985666,8205512,Farmhouse
C093,Pablo Boyer,Perambalur,4548194,6997603,Apartment
C094,Georgia Tucker,Bangalore,4961310,7509321,Villa
C095,Richard Taylor,Coimbatore,5793385,6788014,Commercial
C096,Virginia Smothers,Kochi,5119008,7207387,Plot
C097,Tena Fowler,Hosur,5227599,8825147,Farmhouse
C098,John Glass,Trichy,5938844,6244544,Apartment
C099,Mark Ehrlich,Chennai,5239892,8998372,Villa
C100,Mildred Cannon,Perambalur,4681411,9011746,Commercial
C101,Christopher Wise,Bangalore,4923785,8925623,Plot
C102,Lisa Fontenot,Coimbatore,5771385,6768316,Farmhouse
C103,Judy Smith,Kochi,5926725,7304378,Apartment
C104,Aaron Biderman,Hosur,5104131,7790730,Villa
C105,Vincent Zoutte,Trichy,5799272,6801142,Commercial
C106,Gerry Delgado,Chennai,4683149,6458115,Plot
C107,James Iuliucci,Perambalur,5062572,9061123,Farmhouse
C108,Edward Hamilton,Bangalore,5427653,8142818,Apartment
C109,Ann Coleman,Coimbatore,5497426,8727670,Villa
C110,Paul Haig,Kochi,4954104,8290668,Commercial
C111,Lester Bechtol,Hosur,5220174,6842516,Plot
C112,Brian Amado,Trichy,5245801,8548628,Farmhouse
C113,Larry Cavazos,Chennai,5600119,6661487,Apartment
C114,Marietta Sturgeon,Perambalur,5119072,7165347,Villa
C115,Timothy Ringer,Bangalore,5046485,8148233,Commercial
C116,Annie Helder,Coimbatore,5323627,7657323,Plot
C117,Stephen Greene,Kochi,5951064,8970821,Farmhouse
C118,Sharon Lopez,Hosur,5037417,6470938,Apartment
C119,Bianca Thompson,Trichy,4786367,7407488,Villa
C120,Richard Hines,Chennai,4846044,6327498,Commercial
C121,Jeremy Jones,Perambalur,4530673,6206685,Plot
C122,Susan Hitchcock,Bangalore,4552093,9172181,Farmhouse
C123,Alva Rosenzweig,Coimbatore,5002019,6667918,Apartment
C124,Michael Hale,Kochi,5328580,9205007,Villa
C125,Donna Mata,Hosur,4523480,6599179,Commercial
C126,Martha Poole,Trichy,5589861,7947229,Plot
C127,Nichol Bowen,Chennai,5854156,9026124,Farmhouse
C128,David Mcsorley,Perambalur,4888429,7848272,Apartment
C129,Vada Harrod,Bangalore,5101232,7588839,Villa
C130,Raymond Heller,Coimbatore,5128014,8462017,Commercial
C131,Kathy Durden,Kochi,4859622,7245891,Plot
C132,Ray Smartt,Hosur,4648424,9432086,Farmhouse
C133,Jo Fant,Trichy,5228770,7456325,Apartment
C134,Daniel Mcleod,Chennai,5162687,7275382,Villa
C135,Frank Bauman,Perambalur,5329761,6370418,Commercial
C136,Mary Cross,Bangalore,5244726,8971675,Plot
C137,Robert Rivera,Coimbatore,5363550,8922402,Farmhouse
C138,Ellis Bradshaw,Kochi,5302827,9109298,Apartment
C139,Ann Hayes,Hosur,5161048,7403176,Villa
C140,Evelyn Arvin,Trichy,4852100,9011676,Commercial
C141,Harriet Mitchell,Chennai,4904232,6213024,Plot
C142,Patrica Lemay,Perambalur,5983460,6364787,Farmhouse
C143,Eddy Wright,Bangalore,4910585,7052049,Apartment
C144,Jo Rummler,Coimbatore,4585526,9410804,Villa
C145,Bryon Mercado,Kochi,4948015,9243923,Commercial
C146,Vernon Gonzales,Hosur,5768386,8332695,Plot
C147,Eileen Bass,Trichy,4653276,7018528,Farmhouse
C148,Liliana Ephriam,Chennai,5469330,9441906,Apartment
C149,Janice Foster,Perambalur,5929618,7495898,Villa
C150,Reba Naylor,Bangalore,5887122,6342657,Commercial
C151,Naomi Gaulke,Coimbatore,4956199,8175741,Plot
C152,Joanne Klein,Kochi,5159059,8218029,Farmhouse
C153,Mary Duran,Hosur,5433360,7191881,Apartment
C154,Alice Rodrigues,Trichy,5329686,6869299,Villa
C155,Jorge Slemmons,Chennai,5973057,6843328,Commercial
C156,Ashleigh Wolf,Perambalur,5527533,9453881,Plot
C157,Alicia Kay,Bangalore,5055597,8377777,Farmhouse
C158,Inez Graves,Coimbatore,5205721,7684431,Apartment
C159,Brian Reisman,Kochi,5082002,9259510,Villa
C160,Todd Beard,Hosur,5551037,9089194,Commercial
C161,Danielle Renteria,Trichy,4984185,8438507,Plot
C162,Abraham Davis,Chennai,4861644,8074041,Farmhouse
C163,Miranda Jopling,Perambalur,5166266,6330076,Apartment
C164,Johnny Baird,Bangalore,5275734,7473362,Villa
C165,Lorraine Daniels,Coimbatore,5337187,6413220,Commercial
C166,Bryan Durant,Kochi,4914703,6807886,Plot
C167,Brandon Shover,Hosur,4906577,9254472,Farmhouse
C168,Elizabeth Meservey,Trichy,5485676,9028548,Apartment
C169,Ramon Johnson,Chennai,5610479,8242505,Villa
C170,Charles Jameson,Perambalur,4947661,7036967,Commercial
C171,Billy Watson,Bangalore,5224854,8877858,Plot
C172,Myrta Surface,Coimbatore,5519644,7546789,Farmhouse
C173,Consuelo Conway,Kochi,5316116,7446325,Apartment
C174,Cynthia Tibbs,Hosur,5734473,7803868,Villa
C175,John Weeks,Trichy,5393482,6454729,Commercial
C176,Betty Knepper,Chennai,4939553,6255046,Plot
C177,Alice Smith,Perambalur,5119906,9423672,Farmhouse
C178,Virginia Bangs,Bangalore,5722960,9190624,Apartment
C179,Dedra Robins,Coimbatore,5529206,9399063,Villa
C180,Saundra Jensen,Kochi,5634400,8049625,Commercial
C181,Katherine Johnson,Hosur,5320117,6391356,Plot
C182,Kathryn Cameron,Trichy,4798279,7961810,Farmhouse
C183,Sarah Hawley,Chennai,5226262,8663124,Apartment
C184,Anne Eason,Perambalur,5102296,8466270,Villa
C185,Ruth Jewell,Bangalore,5511794,7825798,Commercial
C186,Shannon Faulk,Coimbatore,4864023,6880752,Plot
C187,Martin Guinasso,Kochi,5436265,7464815,Farmhouse
C188,Edward Moore,Hosur,4984755,6358716,Apartment
C189,Guy Scalf,Trichy,5363275,8301478,Villa
C190,Melanie Madonia,Chennai,5434701,8592446,Commercial
C191,Mildred Yung,Perambalur,5321905,9348653,Plot
C192,Christopher Ward,Bangalore,5016931,6384169,Farmhouse
C193,Dorothy Leeper,Coimbatore,5430831,6254481,Apartment
C194,Howard Ketchum,Kochi,5686165,8667855,Villa
C195,Michelle Taggart,Hosur,5715507,7642772,Commercial
C196,Alan Giles,Trichy,4983084,6528211,Plot
C197,Curtis Schutz,Chennai,5268078,6219385,Farmhouse
C198,Bruce Davis,Perambalur,5088872,7335596,Apartment
C199,Dan Jackson,Bangalore,4521465,7263098,Villa
C200,Cheryl Brock,Coimbatore,5705585,7052765,Commercial
C201,Yvonne Connors,Kochi,4882267,7478193,Plot
C202,Concepcion Juul,Hosur,4661418,9452373,Farmhouse
C203,Tad Douglas,Trichy,5764063,8377810,Apartment
C204,Edna Jones,Chennai,4968569,8777106,Villa
C205,Irene Kimble,Perambalur,5304596,6425769,Commercial
C206,Barbara Martin,Bangalore,4848867,7146026,Plot
C207,David Pena,Coimbatore,4876011,8441299,Farmhouse
C208,Earline Wright,Kochi,4856399,9265172,Apartment
C209,Wendy Loken,Hosur,4631465,8820871,Villa
C210,Tandra Wood,Trichy,5566178,7741937,Commercial
C211,James Payne,Chennai,4518747,7932685,Plot
C212,Mark Brown,Perambalur,5454992,7992843,Farmhouse
C213,James Islas,Bangalore,4506184,6358861,Apartment
C214,Laurie Winchester,Coimbatore,4860140,7308101,Villa
C215,Laura Huffman,Kochi,5713094,6827864,Commercial
C216,Shirley Whiting,Hosur,5118097,9398457,Plot
C217,Julia Wills,Trichy,4972032,7451503,Farmhouse
C218,Michael Ethier,Chennai,5412459,7229479,Apartment
C219,Justin Postal,Perambalur,4636655,8042330,Villa
C220,James Douglas,Bangalore,4980695,6231351,Commercial
C221,Fran Cain,Coimbatore,5906884,9443443,Plot
C222,Marshall Thomas,Kochi,5539039,7305112,Farmhouse
C223,Stephen Rennels,Hosur,5171423,8050173,Apartment
C224,John Pickett,Trichy,5214423,6680305,Villa
C225,Micha Soapes,Chennai,4651075,9305049,Commercial
C226,Jasmine Radtke,Perambalur,5148721,6669588,Plot
C227,Jeffrey Rodriguez,Bangalore,4594648,7884873,Farmhouse
C228,Craig Bradley,Coimbatore,5317146,8185795,Apartment
C229,Mary Drabek,Kochi,5657833,8577834,Villa
C230,Edward Spencer,Hosur,5071989,8969087,Commercial
C231,Richard Kendrick,Trichy,5956168,8996713,Plot
C232,Alex Pham,Chennai,4716042,7374332,Farmhouse
C233,Nicolas Hansen,Perambalur,5184140,9068024,Apartment
C234,Clarence Berryhill,Bangalore,4998596,7945527,Villa
C235,Brian Renk,Coimbatore,4594788,8746738,Commercial
C236,Jay Cabading,Kochi,5012984,6962861,Plot
C237,Ella Savell,Hosur,5048423,8666193,Farmhouse
C238,Chet Dutra,Trichy,5292278,8095939,Apartment
C239,Lester Coronado,Chennai,5901560,6438723,Villa
C240,Michael Peters,Perambalur,5138052,8738726,Commercial
C241,Charles Frankhouser,Bangalore,5948552,7758750,Plot
C242,James Erickson,Coimbatore,5335254,6725226,Farmhouse
C243,Mara Campbell,Kochi,4906975,7616314,Apartment
C244,Erin Bullock,Hosur,4570526,6809821,Villa
C245,Ron Virgilio,Trichy,5505679,8381322,Commercial
C246,Ellen Hansen,Chennai,5331484,7667338,Plot
C247,Mary Humble,Perambalur,5433263,7591402,Farmhouse
C248,Grace Abreu,Bangalore,5816022,6772112,Apartment
C249,Rhonda Bernstein,Coimbatore,5396271,8655287,Villa
C250,Earl Verrett,Kochi,4553836,9387214,Commercial
C251,Dianna Toney,Hosur,5685657,7500516,Plot
C252,Anthony Hughes,Trichy,4620317,8298984,Farmhouse
C253,Dorothy Fabrizio,Chennai,5163250,9140932,Apartment
C254,Elmer Padilla,Perambalur,5336087,6497411,Villa
C255,Williams Gould,Bangalore,5832653,8089550,Commercial
C256,George Mcgee,Coimbatore,4515730,8465345,Plot
C257,Demetrius Jordan,Kochi,5849734,8020221,Farmhouse
C258,Antonio Looney,Hosur,4844609,6872104,Apartment
C259,Cheryl Corrigan,Trichy,5050995,6820431,Villa
C260,Monique Hammon,Chennai,4788947,8711710,Commercial
C261,Stephen Clement,Perambalur,4978653,6581651,Plot
C262,Jeanette Scavotto,Bangalore,4567447,8704836,Farmhouse
C263,Tony Bowen,Coimbatore,4856773,8009046,Apartment
C264,Felicia Pringle,Kochi,5271976,8730963,Villa
C265,William Mclean,Hosur,5495958,7315284,Commercial
C266,David Rink,Trichy,5105790,6255444,Plot
C267,Bertha Smith,Chennai,4990087,8870256,Farmhouse
C268,Megan Ross,Perambalur,4602806,7846219,Apartment
C269,Juan Crook,Bangalore,5968404,7289614,Villa
C270,Ruby Ezell,Coimbatore,5105410,8635174,Commercial
C271,Wanda Osmer,Kochi,5554260,9366137,Plot
C272,Michael Hyde,Hosur,4932023,7526622,Farmhouse
C273,Sean Shepard,Trichy,5214530,9093747,Apartment
C274,Lynn Ali,Chennai,4629346,7285852,Villa
C275,James Springs,Perambalur,4934985,6899062,Commercial
C276,Corey Boyd,Bangalore,5658085,7795518,Plot
C277,Donald Gaskins,Coimbatore,4649683,7717228,Farmhouse
C278,Andrew Morris,Kochi,5154756,8359449,Apartment
C279,Crystal Kaufman,Hosur,5511385,8529933,Villa
C280,Timothy Robbins,Trichy,5672328,6960251,Commercial
C281,Clemente Howard,Chennai,4872621,9381928,Plot
C282,Clinton Stuemke,Perambalur,4736557,8616701,Farmhouse
C283,Jay Moffitt,Bangalore,4855989,7505361,Apartment
C284,Sarah Martin,Coimbatore,5643110,6745906,Villa
C285,James Wheat,Kochi,4819372,8992779,Commercial
C286,Christopher Flores,Hosur,5128609,9366484,Plot
C287,Xavier Curry,Trichy,4884404,7494431,Farmhouse
C288,Ira Austin,Chennai,5013477,8719310,Apartment
C289,James Kemp,Perambalur,5709323,9383811,Villa
C290,James Rosas,Bangalore,5629891,7570635,Commercial
C291,Thomas Granger,Coimbatore,4595741,8676977,Plot
C292,Keith Leedom,Kochi,4680538,8526776,Farmhouse
C293,Donald Anderson,Hosur,5907763,9312141,Apartment
C294,Sharon Booth,Trichy,5733550,7816094,Villa
C295,Rafael Sills,Chennai,5792743,7219061,Commercial
C296,Rosalia Jaques,Perambalur,5772759,8274983,Plot
C297,Rhonda Cummings,Bangalore,4814095,7943991,Farmhouse
C298,Robert Thomas,Coimbatore,4976739,9350074,Apartment
C299,Mary Demmons,Kochi,5560056,8921938,Villa
C300,Felicia Fagan,Hosur,4833812,6787479,Commercial
C301,Cara Haynes,Trichy,5873563,7679906,Plot
C302,Rebecca Williams,Chennai,5303144,8221801,Farmhouse
C303,Emily Cote,Perambalur,5554242,6512371,Apartment
C304,Henry Craine,Bangalore,4798797,7958971,Villa
C305,Rafael Van,Coimbatore,4637407,7243731,Commercial
C306,Rafael Hodges,Kochi,5787001,6954393,Plot
C307,Lee Crossman,Hosur,5642693,7905657,Farmhouse
C308,Viola Perry,Trichy,5553661,9308894,Apartment
C309,Walter Morey,Chennai,4750453,9212271,Villa
C310,Ronnie Coyle,Perambalur,5611127,6954254,Commercial
C311,Kimberly Stanley,Bangalore,5885364,9118462,Plot
C312,Maria Johnson,Coimbatore,4677882,7410918,Farmhouse
C313,Lisa Rigdon,Kochi,4675599,6413467,Apartment
C314,Carrie Sneller,Hosur,5167742,7422724,Villa
C315,Frank Savage,Trichy,4810047,8772419,Commercial
C316,Crystal Pope,Chennai,5929393,9258527,Plot
C317,Philip Shirilla,Perambalur,5672120,7795967,Farmhouse
C318,Clara Bates,Bangalore,5155543,8642434,Apartment
C319,Emily Augustin,Coimbatore,5492832,8607945,Villa
C320,Daniel Lenz,Kochi,4631266,6657142,Commercial
C321,Debra Wirtz,Hosur,5845901,7217416,Plot
C322,Stella Hannah,Trichy,5527628,9430795,Farmhouse
C323,Jason Harre,Chennai,5466055,8533398,Apartment
C324,Sharyn Tape,Perambalur,5260339,8542116,Villa
C325,Mark Anastasiades,Bangalore,5664199,8686723,Commercial
C326,Diana Ramos,Coimbatore,5648518,6577692,Plot
C327,Maria Cohen,Kochi,5837208,7757634,Farmhouse
C328,April Parker,Hosur,5298529,6569186,Apartment
C329,Marianne Greene,Trichy,4596557,8178141,Villa
C330,Laura Goodwyn,Chennai,5685531,8399051,Commercial
C331,Jonathan Theobald,Perambalur,5225238,8575236,Plot
C332,Richard Tapp,Bangalore,5480138,7370655,Farmhouse
C333,Sara Starks,Coimbatore,5936465,6656379,Apartment
C334,Veronica Bryer,Kochi,5668505,6368171,Villa
C335,Patricia Miller,Hosur,4934384,9392311,Commercial
C336,Frederick Thornton,Trichy,4660941,6993039,Plot
C337,Franklin Castro,Chennai,4891612,7819545,Farmhouse
C338,Micah Gauthier,Perambalur,5733983,7746949,Apartment
C339,Lydia Hinkle,Bangalore,4815399,7772495,Villa
C340,Tammy Miller,Coimbatore,4891412,8288350,Commercial
C341,Ellen Bottoms,Kochi,4533359,7069997,Plot
C342,Helen Hatcher,Hosur,5512362,8030001,Farmhouse
C343,Marsha Foulks,Trichy,4954004,8173125,Apartment
C344,Leone Romine,Chennai,4748828,7151259,Villa
C345,Stan Hood,Perambalur,4692024,7932499,Commercial
C346,Glenda Allen,Bangalore,5014086,8313462,Plot
C347,Elisa Thrower,Coimbatore,4851095,6554139,Farmhouse
C348,Rebecca Taylor,Kochi,5873726,6261900,Apartment
C349,Charlotte Strayer,Hosur,5573953,7121637,Villa
C350,Samuel Bott,Trichy,5238103,7905878,Commercial
C351,Mary Macias,Chennai,5011715,6369578,Plot
C352,George Williamson,Perambalur,5513652,6352316,Farmhouse
C353,Philip Adkins,Bangalore,4917870,9084373,Apartment
C354,Geraldine Ray,Coimbatore,5383931,7485096,Villa
C355,William Emery,Kochi,5493964,8788506,Commercial
C356,Karen Mckeon,Hosur,5151394,6315036,Plot
C357,Shannon Oppenheim,Trichy,4982854,6568035,Farmhouse
C358,Robert Carroll,Chennai,5012800,7842971,Apartment
C359,Barbara Lyman,Perambalur,5794956,7038150,Villa
C360,Elizabeth Cline,Bangalore,5782147,8166863,Commercial
C361,Maria Barbera,Coimbatore,4599555,9234113,Plot
C362,Martha Atherton,Kochi,5050903,8907085,Farmhouse
C363,Wendy Held,Hosur,4900573,8773877,Apartment
C364,Beatrice Roman,Trichy,4923573,7895703,Villa
C365,Dorothy Galassi,Chennai,4878574,9346526,Commercial
C366,Francine Lopez,Perambalur,5828986,6606536,Plot
C367,Carmen Oliver,Bangalore,5155339,7181944,Farmhouse
C368,Diane Berry,Coimbatore,5681319,8869062,Apartment
C369,Hannah Blanchard,Kochi,4644048,8662102,Villa
C370,Carmine Manalili,Hosur,4554508,7113625,Commercial
C371,Natasha Santana,Trichy,5748471,6202771,Plot
C372,Kevin Rivera,Chennai,5352644,6634291,Farmhouse
C373,Jacob Gossett,Perambalur,5122531,6812875,Apartment
C374,Harold Willis,Bangalore,5370081,6409407,Villa
C375,Pamela Agnello,Coimbatore,4505622,8350229,Commercial
C376,Travis West,Kochi,5865048,7398613,Plot
C377,Kendrick Oswalt,Hosur,5908848,8571120,Farmhouse
C378,Elsie Davis,Trichy,4756244,6809444,Apartment
C379,Sarah Swanson,Chennai,5936742,8931447,Villa
C380,Shari Kahl,Perambalur,5374805,8609711,Commercial
C381,Joseph Hobbs,Bangalore,5510864,8217205,Plot
C382,James Gould,Coimbatore,5368883,7057475,Farmhouse
C383,Josie Clark,Kochi,5779366,9274259,Apartment
C384,Darrin Stjohn,Hosur,5454047,9412143,Villa
C385,Roy Cox,Trichy,4952582,8179042,Commercial
C386,Freddie Salcedo,Chennai,5519275,8874157,Plot
C387,Craig Mitchell,Perambalur,5885772,6391230,Farmhouse
C388,Wesley Harris,Bangalore,5021707,8817282,Apartment
C389,Anthony Bundy,Coimbatore,5341735,7933900,Villa
C390,Phyllis Bailey,Kochi,4979078,7322684,Commercial
C391,Veronica Farias,Hosur,4612180,6395083,Plot
C392,Lance Mccreary,Trichy,4555284,8114798,Farmhouse
C393,Emily Miller,Chennai,5214447,7828680,Apartment
C394,Justine Guajardo,Perambalur,4650087,6557654,Villa
C395,Joseph Green,Bangalore,5770905,7996272,Commercial
C396,Linda Loomis,Coimbatore,5310689,6661510,Plot
C397,Brenda Brungardt,Kochi,5800474,8685237,Farmhouse
C398,Clarissa Edward,Hosur,5806935,9242178,Apartment
C399,Mattie Lowe,Trichy,4894239,7748118,Villa
C400,Heriberto Carter,Chennai,5394211,9213427,Commercial
C401,Kurt Sandoval,Perambalur,4515076,7214849,Apartment
C402,Patricia Grubb,Bangalore,4665260,8991909,Apartment
C403,Betty Mcduffie,Coimbatore,5627811,8988795,Apartment
C404,Rosa Boyd,Kochi,5508347,7558578,Apartment
C405,Steven Sawyer,Hosur,5592989,7135157,Apartment
C406,Rick Jones,Trichy,5936974,9179820,Apartment
C407,Christina Rogers,Chennai,5774719,7319069,Apartment
C408,Steve Meyer,Perambalur,5878261,7582415,Apartment
C409,Vincent Dunmire,Bangalore,4810382,9447064,Apartment
C410,Catherine Lewandowski,Coimbatore,5178913,6394635,Apartment
C411,James Smith,Kochi,5773401,6757910,Apartment
C412,Paul Swain,Hosur,5585585,7231109,Apartment
C413,Ruth Hughes,Trichy,4967849,6310804,Apartment
C414,Daniel Marquez,Chennai,5911768,8631136,Apartment
C415,Jamie Mosley,Perambalur,5882011,8091616,Apartment
C416,Dorothy Ahmad,Bangalore,4659762,8301453,Apartment
C417,Patricia Costa,Coimbatore,5592886,8332965,Apartment
C418,Michael Zych,Kochi,4882672,8238109,Apartment
C419,Valerie Page,Hosur,4622962,7653037,Apartment
C420,David Little,Trichy,5984234,6732100,Apartment
C421,Judith Griffey,Chennai,5746548,6423917,Apartment
C422,Rodney Negron,Perambalur,5629049,7035500,Apartment
C423,Charles Crowley,Bangalore,5925513,9326189,Apartment
C424,Lori Boykin,Coimbatore,5939244,7513658,Apartment
C425,Jorge Williams,Kochi,4864308,8380220,Apartment
C426,Wanda Tang,Hosur,4627752,6979543,Apartment
C427,Robert Cannon,Trichy,5582516,8845919,Apartment
C428,Matthew Kramer,Chennai,5491805,8673450,Apartment
C429,Cynthia Heimsness,Perambalur,4775390,7577987,Apartment
C430,Lynette Vollmar,Bangalore,5073479,7534765,Apartment
C431,Ivan Ewings,Coimbatore,4710795,7193488,Apartment
C432,Melvin Denton,Kochi,4887712,7903511,Apartment
C433,James York,Hosur,5693433,9389263,Apartment
C434,Jesse Ballard,Trichy,5616704,7035889,Apartment
C435,Bruce Bowen,Chennai,4830291,9411664,Apartment
C436,Robbie Morello,Perambalur,5088344,9470014,Apartment
C437,Kathleen Kinnard,Bangalore,5467887,7057208,Apartment
C438,James Tilotta,Coimbatore,5161348,8116183,Apartment
C439,Betty Jones,Kochi,5932213,8492948,Apartment
C440,Hilda Franco,Hosur,5921846,8079425,Apartment
C441,Mary Schneider,Trichy,5635185,8186168,Apartment
C442,Santiago Payne,Chennai,5439995,9482000,Apartment
C443,Jean Wooley,Perambalur,4688969,8537219,Apartment
C444,Patrina Williams,Bangalore,5444604,8175236,Apartment
C445,Jamie Webb,Coimbatore,4534623,6925618,Apartment
C446,Samuel Wager,Kochi,4756959,7973703,Apartment
C447,Terry Savage,Hosur,5187038,6424963,Apartment
C448,Deborah Smith,Trichy,5437959,6948274,Apartment
C449,Tara Bolton,Chennai,5900988,8355018,Apartment
C450,Troy Jones,Perambalur,5599795,7581850,Apartment
C451,Barbara Helbling,Bangalore,5122809,6840165,Apartment
C452,Kevin Searcy,Coimbatore,5005250,7102022,Apartment
C453,Scott Gipson,Kochi,5593469,8952045,Apartment
C454,Dorothy Holmes,Hosur,5790379,9270012,Apartment
C455,John Swain,Trichy,4772481,6533827,Apartment
C456,Margaret Greene,Chennai,5442606,7390099,Apartment
C457,Ann Mitchell,Perambalur,4944166,6465029,Apartment
C458,Louise Stelle,Bangalore,5111238,7523620,Apartment
C459,Brandon Woodhouse,Coimbatore,5990819,9006320,Apartment
C460,Albert Mcintosh,Kochi,4521503,9126229,Apartment
C461,Zachary Mcbride,Hosur,5826097,6642451,Apartment
C462,George Reese,Trichy,4792256,9124969,Apartment
C463,Javier Surratt,Chennai,5991984,8314037,Apartment
C464,Darlene Adams,Perambalur,5104756,8317200,Apartment
C465,Carolyn Black,Bangalore,4702543,8759231,Apartment
C466,Chester Cox,Coimbatore,5131583,8400965,Apartment
C467,Barbara Catton,Kochi,5819187,8023668,Apartment
C468,Rhett Gillispie,Hosur,5277267,8404921,Apartment
C469,Joshua Briggs,Trichy,4542075,6771998,Apartment
C470,Neil Knight,Chennai,5466385,7314796,Apartment
C471,Scarlet Laporte,Perambalur,4648610,8063584,Apartment
C472,Jason Hudson,Bangalore,4555197,9490997,Apartment
C473,Marilyn Calhoun,Coimbatore,4674658,6849186,Apartment
C474,John Cannone,Kochi,5960277,9259905,Apartment
C475,Cynthia Sneed,Hosur,5594690,6497294,Apartment
C476,Carolyn Welsh,Trichy,5699217,8675964,Apartment
C477,Ellen Jay,Chennai,4719029,7136422,Apartment
C478,Margaret Lewis,Perambalur,5075612,6250787,Apartment
C479,Anna Rex,Bangalore,5976962,7129447,Apartment
C480,Victor Robinson,Coimbatore,5354432,7309627,Apartment
C481,Joseph Oliver,Kochi,5311146,9489576,Apartment
C482,Fred Murray,Hosur,4563090,6914931,Apartment
C483,Pamela Wolf,Trichy,5157080,7276901,Apartment
C484,Jimmy Baklund,Chennai,5557524,6217189,Apartment
C485,Edward Alpert,Perambalur,5136254,6608677,Apartment
C486,Jacqueline Schmidt,Bangalore,4714694,9087466,Apartment
C487,Oscar Mendez,Coimbatore,4851110,9050979,Apartment
C488,Esther Manalili,Kochi,5799575,8216668,Apartment
C489,Ronald Stokes,Hosur,5412883,7711429,Apartment
C490,Kasey Marx,Trichy,5256281,7245947,Apartment
C491,Sha Gray,Chennai,4558590,9459083,Apartment
C492,Nancy Gonzalez,Perambalur,5473346,8690608,Apartment
C493,Clyde Obleton,Bangalore,5525882,8147517,Apartment
C494,Doris Tran,Coimbatore,5822565,6616495,Apartment
C495,Janice Pemberton,Kochi,4597321,7621888,Apartment
C496,Eugene Stpierre,Hosur,5553758,6735038,Apartment
C497,Rudolf Heras,Trichy,5207681,7185368,Apartment
C498,Philip Crume,Chennai,4838014,9121602,Apartment
C499,Barbara Pierre,Perambalur,5672249,7543187,Apartment
C500,Lakeshia Jones,Bangalore,5523622,6252879,Apartment
C501,Denise Mitchell,Coimbatore,5621689,8601127,Apartment
C502,John Reed,Kochi,5469232,7084503,Apartment
C503,Tammy Flatter,Hosur,4848195,7531353,Apartment
C504,James Hamlin,Trichy,5385983,8480049,Apartment
C505,Ashley Chard,Chennai,5864708,6881057,Apartment
C506,Hazel Forest,Perambalur,5219267,7351256,Apartment
C507,Lila Dikes,Bangalore,4935882,6835222,Apartment
C508,Melynda Williamson,Coimbatore,4583972,7674272,Apartment
C509,Heather Creasey,Kochi,5413753,7710654,Apartment
C510,Earnestine Cole,Hosur,4954635,9310036,Apartment
C511,Patrick Bunch,Trichy,4593684,6366347,Apartment
C512,Tracie Cary,Chennai,5605129,6904376,Apartment
C513,Jeff Gonzales,Perambalur,5582877,6504606,Apartment
C514,Russell Wilson,Bangalore,5240975,8057318,Apartment
C515,William Contreras,Coimbatore,4765444,7826854,Apartment
C516,Harold Murelli,Kochi,5157058,6304786,Apartment
C517,Linda Quattlebaum,Hosur,5288227,8977683,Apartment
C518,William Armstrong,Trichy,5503741,8916661,Apartment
C519,Diane Green,Chennai,5772730,7677939,Apartment
C520,Kenneth Thomas,Perambalur,5610711,7133555,Apartment
C521,Joe Womack,Bangalore,4669498,7386730,Apartment
C522,Kevin Freeman,Coimbatore,5340391,7102084,Apartment
C523,Kassie Vizarro,Kochi,5401187,7395252,Apartment
C524,David Larry,Hosur,4906028,6810571,Apartment
C525,Cecily Cayer,Trichy,5534696,9035325,Apartment
C526,Jack Hicks,Chennai,5004133,7325490,Apartment
C527,Luz Gascho,Perambalur,5504452,8793950,Apartment
C528,Luis Curry,Bangalore,5627048,7108892,Apartment
C529,Louise Hefner,Coimbatore,4501748,8568358,Apartment
C530,Mary Nolette,Kochi,4623175,8940215,Apartment
C531,Hattie Cosby,Hosur,4501898,7487743,Villa
C532,Morris Hardy,Trichy,5759066,6339803,Plot
C533,Cornelius Hamblen,Chennai,5261885,8871392,Farmhouse
C534,Shannon Prater,Perambalur,5100421,7765967,Villa
C535,Nicole Roger,Bangalore,5456942,8890002,Plot
C536,Bonnie Swank,Coimbatore,4642598,7115441,Farmhouse
C537,Kenneth Nelson,Kochi,5133695,9033478,Villa
C538,Mary Nevin,Hosur,5017235,7992175,Plot
C539,Leon Arnold,Trichy,5570663,8744351,Farmhouse
C540,John Wade,Chennai,5388487,6521785,Villa
C541,Edwin Bolenbaugh,Perambalur,4544755,9255942,Plot
C542,Edward Graham,Bangalore,4711621,8311809,Farmhouse
C543,Lucille Stock,Coimbatore,5183189,6819088,Farmhouse
C544,Brandon Martinez,Kochi,5660207,7426192,Farmhouse
C545,Carolyn Buffington,Hosur,4825461,6200493,Farmhouse
C546,Matthew Davison,Trichy,5402292,8089784,Farmhouse
C547,Oscar Meyer,Chennai,4895091,7058944,Farmhouse
C548,Ranee Bunch,Perambalur,5367247,8733409,Farmhouse
C549,Wanda Turner,Bangalore,5166561,7564162,Farmhouse
C550,Dominic Rios,Coimbatore,4606836,6231984,Farmhouse
C551,Fred Williams,Kochi,5201348,8376168,Farmhouse
C552,Deborah Talaga,Hosur,5079573,6242935,Farmhouse
C553,Jennifer Meeks,Trichy,5679387,9390459,Farmhouse
C554,Mary Coronado,Chennai,4845798,7504666,Farmhouse
C555,John Harris,Perambalur,5259185,8233291,Farmhouse
C556,Andrew Anderson,Bangalore,4995509,9045617,Farmhouse
C557,Dorthy Chavira,Coimbatore,5880639,6216072,Farmhouse
C558,Melissa Baron,Kochi,4959339,9419093,Farmhouse
C559,Evelyn Narine,Hosur,4779684,7327628,Farmhouse
C560,Ernest Miller,Trichy,5232501,9003517,Farmhouse
C561,Josephine Howell,Chennai,4685229,8365215,Farmhouse
C562,Ronald Bryant,Perambalur,4917596,7471903,Farmhouse
C563,David Chaisson,Bangalore,4677443,8865023,Farmhouse
C564,Juan Lopez,Coimbatore,5673671,7895428,Farmhouse
C565,Kim Lee,Kochi,5501317,8726330,Farmhouse
C566,Kyla Taylor,Hosur,5123343,7032651,Farmhouse
C567,Lorita Rivera,Trichy,4795544,6985751,Farmhouse
C568,Franklin Davis,Chennai,4541138,9366995,Farmhouse
C569,Virginia Dew,Perambalur,4501346,6388343,Farmhouse
C570,Dolores Beach,Bangalore,5281951,9003926,Farmhouse
C571,Cheryl Cervantes,Coimbatore,5307465,9000654,Farmhouse
C572,Jim Hays,Kochi,5066465,7510893,Farmhouse
C573,Valerie Estes,Hosur,5924649,6456579,Farmhouse
C574,Teresita Rodriguez,Trichy,5331062,7734392,Farmhouse
C575,Linda Mcguire,Chennai,4550582,8301800,Farmhouse
C576,Muriel Buffey,Perambalur,5268313,7516466,Farmhouse
C577,Harold Jones,Bangalore,5256485,8267918,Farmhouse
C578,Nina Fagan,Coimbatore,5417338,6438243,Farmhouse
C579,Virginia Mcdermond,Kochi,4756766,8370573,Farmhouse
C580,Meredith Haugh,Hosur,4801473,7766372,Farmhouse
C581,Virginia Edgeworth,Trichy,4926186,8351938,Farmhouse
C582,Paul Yancey,Chennai,4820801,8673715,Farmhouse
C583,Marcella Wagner,Perambalur,5719399,8137188,Farmhouse
C584,Josefina Harvey,Bangalore,4556289,8743645,Farmhouse
C585,Kelly Tatum,Coimbatore,5869592,8542818,Farmhouse
C586,Robbie Hutter,Kochi,5982788,9002904,Farmhouse
C587,Laverna Tarnoff,Hosur,5796986,9441623,Farmhouse
C588,Rosemary Kupper,Trichy,4893142,9363151,Farmhouse
C589,Joshua Jordan,Chennai,5556432,9201485,Farmhouse
C590,Christine Longino,Perambalur,5981426,8155446,Farmhouse
C591,Liz Dean,Bangalore,5360164,6682675,Farmhouse
C592,Jessica Bemrose,Coimbatore,4595970,9220128,Farmhouse
C593,Kevin Miller,Kochi,5624473,7916576,Farmhouse
C594,Eric Lopez,Hosur,4672714,8272802,Farmhouse
C595,Cody Maresca,Trichy,5089363,9257198,Farmhouse
C596,Tricia Washington,Chennai,5825893,7152896,Farmhouse
C597,Darlene Payne,Perambalur,5527554,7927779,Farmhouse
C598,Luis Ramsey,Bangalore,4660337,8121208,Farmhouse
C599,Patrick Sipriano,Coimbatore,4771749,8990183,Farmhouse
C600,Mark Ling,Kochi,5901585,8875277,Farmhouse
C601,Spencer Hunter,Hosur,5820660,8860930,Farmhouse
C602,Kimberly Palley,Trichy,5160440,8776140,Farmhouse
C603,Andrea Spencer,Chennai,5982833,6380782,Farmhouse
C604,Jane Verrelli,Perambalur,5239921,6595372,Farmhouse
C605,Nancy Cross,Bangalore,5223788,7541407,Farmhouse
C606,Jose Kilgore,Coimbatore,5729018,8109928,Farmhouse
C607,Julian Redmon,Kochi,4748617,8819051,Farmhouse
C608,Cindy Hill,Hosur,5859589,6950250,Farmhouse
C609,Janet Hodson,Trichy,4833314,6299588,Farmhouse
C610,Ivan Walker,Chennai,5311948,8606835,Farmhouse
C611,Douglas Hawkin,Perambalur,5537905,6483070,Farmhouse
C612,Theresa Moffit,Bangalore,5523326,9338150,Farmhouse
C613,Roy Simmons,Coimbatore,5208467,8572870,Farmhouse
C614,Marcella Fanno,Kochi,5007517,8730300,Farmhouse
C615,Troy Montoya,Hosur,5824198,9167350,Farmhouse
C616,Erik Dawson,Trichy,4775400,8918107,Farmhouse
C617,Joseph James,Chennai,5054327,6326148,Farmhouse
C618,Elia Morgan,Perambalur,5694903,8736067,Farmhouse
C619,Sara Meeks,Bangalore,4978825,9153778,Farmhouse
C620,Delia Oden,Coimbatore,5842677,6498720,Farmhouse
C621,Laurie Wright,Kochi,5914797,9394753,Farmhouse
C622,Garnet Eaves,Hosur,5456815,8209673,Farmhouse
C623,Andrew Hawk,Trichy,4641809,7367896,Farmhouse
C624,Kenneth Blair,Chennai,4596709,8726853,Farmhouse
C625,Robert Highland,Perambalur,4838443,7560752,Farmhouse
C626,Gilbert Huskey,Bangalore,4910454,6615906,Farmhouse
C627,Shirley Campbell,Coimbatore,5148718,9132257,Farmhouse
C628,Nancy Liu,Kochi,4978617,6866476,Farmhouse
C629,Tara Vogler,Hosur,5622352,8414291,Farmhouse
C630,Sue Frisch,Trichy,4737258,9092333,Farmhouse
C631,Reina Lenz,Chennai,5637688,6502196,Farmhouse
C632,Nathan Humphries,Perambalur,5582213,6719289,Farmhouse
C633,Judith Jolly,Bangalore,4586338,8318054,Farmhouse
C634,John Rudy,Coimbatore,5636973,9350632,Farmhouse
C635,Scott Will,Kochi,5445005,9212217,Farmhouse
C636,Arthur Nelson,Hosur,5182020,7716029,Farmhouse
C637,Katherine Durham,Trichy,5805565,6698201,Farmhouse
C638,Marie Bristol,Chennai,4892795,6912327,Farmhouse
C639,Juanita Harris,Perambalur,5499896,7437242,Farmhouse
C640,Thomas Anderson,Bangalore,5483735,8969448,Farmhouse
C641,Jeremy Cote,Coimbatore,4570783,7519110,Farmhouse
C642,Sarah Mendoza,Kochi,5715381,7259658,Farmhouse
C643,Matthew Romeo,Hosur,5518584,6976810,Farmhouse
C644,Mike Smith,Trichy,5438928,7226024,Farmhouse
C645,Susan Brown,Chennai,4898192,7206735,Farmhouse
C646,Lorraine Burnett,Perambalur,5699512,8869645,Farmhouse
C647,Jayson Zordan,Bangalore,5634914,6810803,Farmhouse
C648,Kristen Spellacy,Coimbatore,5651747,9211714,Farmhouse
C649,Benjamin Farrell,Kochi,4898094,9181620,Farmhouse
C650,James Hahn,Hosur,5930790,6700108,Farmhouse
C651,Mary Nieves,Trichy,5297420,6228867,Farmhouse
C652,Evelyn Galante,Chennai,4890745,7626515,Farmhouse
C653,Scott Agustin,Perambalur,5760777,7165731,Farmhouse
C654,Adela Neal,Bangalore,4871934,9313193,Farmhouse
C655,James Perez,Coimbatore,5215348,8324346,Farmhouse
C656,Ella North,Kochi,5852743,9246326,Farmhouse
C657,Anna Vassel,Hosur,4798433,7551660,Farmhouse
C658,Ryan Bullock,Trichy,5324915,9335575,Farmhouse
C659,Tammy Boaz,Chennai,4932850,9394459,Farmhouse
C660,Susan Davis,Perambalur,4818285,8428649,Farmhouse
C661,John Finnegan,Bangalore,5885611,9304518,Farmhouse
C662,Richard Rodrigue,Coimbatore,5666149,7106277,Farmhouse
C663,Laurie Greenstreet,Kochi,4578027,9104202,Farmhouse
C664,Hanna Hernandez,Hosur,5401803,6885758,Farmhouse
C665,Tammie Efird,Trichy,5080387,7696943,Farmhouse
C666,Anna Day,Chennai,4776518,9085826,Farmhouse
C667,Stephen Quintero,Perambalur,5603465,6464449,Farmhouse
C668,Viola Thomas,Bangalore,5741136,9344559,Farmhouse
C669,Ivan Pangelinan,Coimbatore,4847562,6670477,Farmhouse
C670,Gary Travers,Kochi,5264986,7747666,Farmhouse
C671,James Holzinger,Hosur,5948464,8841589,Farmhouse
C672,Shannon Stancil,Trichy,4650518,9449775,Farmhouse
C673,Fletcher Brown,Chennai,5535245,6306872,Farmhouse
C674,Cynthia Pacheco,Perambalur,4668937,6589149,Farmhouse
C675,Harris Cohen,Bangalore,5419948,8941419,Farmhouse
C676,Sara Hauman,Coimbatore,5293290,8196687,Farmhouse
C677,Shu Stephenson,Kochi,5913944,7403184,Farmhouse
C678,Denise Leonard,Hosur,5267601,6648382,Farmhouse
C679,Maria Thomas,Trichy,5721341,8955250,Farmhouse
C680,Larry Dicus,Chennai,5198692,8940492,Farmhouse
C681,Lucinda Kremer,Perambalur,5180402,6958570,Farmhouse
C682,Robert Truelove,Bangalore,5325218,9031776,Farmhouse
C683,John Young,Coimbatore,5781528,7215836,Farmhouse
C684,Lillian Duckett,Kochi,5258959,8444007,Farmhouse
C685,Geraldine Ogden,Hosur,4968587,8036255,Farmhouse
C686,Rebecca Hall,Trichy,5176515,9358854,Farmhouse
C687,Roy Nelson,Chennai,5918436,9333354,Farmhouse
C688,Kristi Leonard,Perambalur,5150882,7609251,Farmhouse
C689,William Mcgraw,Bangalore,5603143,9450218,Farmhouse
C690,Kristy Mulroy,Coimbatore,5384572,8599210,Farmhouse
C691,Marianne Saxon,Kochi,4937630,6977067,Plot
C692,Richard Hughes,Hosur,5861483,7589157,Plot
C693,Dianne Killough,Trichy,4747129,7579450,Plot
C694,Alma Peraza,Chennai,5644534,8888311,Plot
C695,Tisha Polite,Perambalur,5820096,7800144,Plot
C696,Lester Perez,Bangalore,4687319,9463582,Plot
C697,Jody Higdon,Coimbatore,5874519,7456607,Plot
C698,James Myles,Kochi,5792937,8265352,Plot
C699,Millie Fraga,Hosur,5534839,6431837,Plot
C700,Charles Oakes,Trichy,5794992,8935157,Plot
C701,Franklin Scott,Chennai,4992498,9273447,Plot
C702,Margaret Torres,Perambalur,5576237,9425258,Plot
C703,Mary Calkins,Bangalore,5674736,9004854,Plot
C704,Earnest Lamoine,Coimbatore,5798724,9200434,Plot
C705,Jason Cunningham,Kochi,5708872,8230067,Plot
C706,William Grover,Hosur,5696367,9012248,Plot
C707,Jerome Eichhorn,Trichy,5439933,8052782,Plot
C708,Ada Gaona,Chennai,5051038,7320995,Plot
C709,Pamela Cowell,Perambalur,4660569,8854956,Plot
C710,Richard Bridgewater,Bangalore,5256202,6533475,Plot
C711,Joy Beek,Coimbatore,5967924,7290880,Plot
C712,Jeffery Hobbs,Kochi,5071823,8964608,Plot
C713,Daniel Hilt,Hosur,5020577,8105290,Plot
C714,Thelma Battle,Trichy,5776821,6972861,Plot
C715,Grace Michell,Chennai,5147037,8150374,Plot
C716,Isabell Mcmurray,Perambalur,5928267,7293475,Plot
C717,George Claudio,Bangalore,4644288,7284924,Plot
C718,Dale Orr,Coimbatore,5666096,7797546,Plot
C719,Peggy Dimick,Kochi,4681229,8352308,Plot
C720,Bennie Sangster,Hosur,4758105,6817037,Plot
C721,Kenneth Cordero,Trichy,4664453,6763696,Plot
C722,Ryan Huey,Chennai,5812814,8992884,Plot
C723,Marcus Dillard,Perambalur,4952617,6335443,Plot
C724,Donald Nicholson,Bangalore,4515403,8043261,Plot
C725,Rodney Stotts,Coimbatore,4728366,7634970,Plot
C726,Kristie Blackburn,Kochi,4958879,6722000,Plot
C727,Joyce Phelan,Hosur,4733676,7949296,Plot
C728,Elizabeth Cranmer,Trichy,5157559,7446177,Plot
C729,Richard Shivers,Chennai,5547686,8986658,Plot
C730,Thomas Michaels,Perambalur,5881704,8209101,Plot
C731,Germaine Head,Bangalore,4993737,8173425,Plot
C732,Linda Orozco,Coimbatore,5870143,7790869,Plot
C733,Michael Love,Kochi,5941695,8892989,Plot
C734,Rachel Starr,Hosur,5755450,6244019,Plot
C735,Gerald Hunt,Trichy,5416696,7308241,Plot
C736,Andrew Goulet,Chennai,4580276,6342434,Plot
C737,Mark Jack,Perambalur,5068940,8216934,Plot
C738,Carissa Hochstetler,Bangalore,5540001,8116140,Plot
C739,Louise Mcinturff,Coimbatore,4921119,8870576,Plot
C740,Connie Morissette,Kochi,5918417,6705328,Plot
C741,Mary Burkley,Hosur,4848274,6400257,Plot
C742,Bob Lampe,Trichy,5270858,7503894,Plot
C743,Velma Wise,Chennai,4525343,6232425,Plot
C744,David Hodge,Perambalur,5324972,8187999,Plot
C745,Gwendolyn Jones,Bangalore,5099431,7865441,Plot
C746,Carolyn Lundy,Coimbatore,5037170,7326246,Plot
C747,Amy Fisher,Kochi,5771054,6852560,Plot
C748,Gerald Clancy,Hosur,5078421,9423275,Plot
C749,Marie Cornely,Trichy,5606890,8375356,Plot
C750,Donald Cox,Chennai,5768676,6842769,Plot
C751,Pete Sellers,Perambalur,5172772,6550222,Plot
C752,Patrick Tsuda,Bangalore,5973331,8355913,Plot
C753,Donna Klarich,Coimbatore,5388705,7138475,Plot
C754,Lona Hendryx,Kochi,5294843,9140669,Plot
C755,Timothy Robinson,Hosur,4980647,6583230,Plot
C756,Ruth Taylor,Trichy,5234660,8069631,Plot
C757,Harry Cole,Chennai,5508998,7073983,Plot
C758,Breanna Moore,Perambalur,5538916,9156896,Plot
C759,Marjorie Tilley,Bangalore,5682009,8798163,Plot
C760,Ray Parkin,Coimbatore,5075464,6409889,Plot
C761,John Roberson,Kochi,5958672,6770324,Plot
C762,James Pompey,Hosur,4997602,7643549,Plot
C763,Amy Mangano,Trichy,4890800,9174367,Plot
C764,Betty Pulley,Chennai,5410208,8959654,Plot
C765,Anna Chavez,Perambalur,4985320,8801530,Plot
C766,Alvin Veach,Bangalore,5865708,7170781,Plot
C767,Douglas Mayfield,Coimbatore,4700441,8656075,Plot
C768,Gerald Kitchen,Kochi,5413880,7430853,Plot
C769,Stephen Forney,Hosur,5907272,7510681,Plot
C770,Miguel Mccollough,Trichy,5392965,9246012,Plot
C771,David Doran,Chennai,5177845,8296216,Plot
C772,James Vetter,Perambalur,4685124,8245186,Plot
C773,Whitney Phillips,Bangalore,4782923,8338805,Plot
C774,Wendy Luciano,Coimbatore,5877492,9485650,Plot
C775,Christopher Wheeler,Kochi,5304721,7311762,Plot
C776,Michelle Hite,Hosur,5230472,7012856,Plot
C777,Bobby James,Trichy,5276574,7491216,Plot
C778,Ilona Lawrence,Chennai,5170346,6605009,Plot
C779,Ted Hill,Perambalur,5124584,7778735,Plot
C780,Bradley Fryberger,Bangalore,4518869,8006216,Plot
C781,Misty Gelston,Coimbatore,5333113,7821835,Plot
C782,James Ortiz,Kochi,5606806,6373236,Plot
C783,Fran Wright,Hosur,5769292,7033129,Plot
C784,Keith Hudson,Trichy,5221172,8880428,Plot
C785,Benjamin Snow,Chennai,5978497,9130932,Plot
C786,Susan Powe,Perambalur,5334560,7410564,Plot
C787,Mark White,Bangalore,5902172,9374522,Plot
C788,Alex Zackery,Coimbatore,5196741,7206634,Plot
C789,Cheryl Brookins,Kochi,4738431,8318746,Plot
C790,Homer Painter,Hosur,5782589,8487141,Plot
C791,Laverne Potts,Trichy,5028593,9322991,Plot
C792,Tony Kennison,Chennai,5609609,8873749,Plot
C793,Nancy Taylor,Perambalur,5107242,7533983,Plot
C794,Stephen Sandoval,Bangalore,5746006,7478475,Plot
C795,Karon Provino,Coimbatore,4854860,7888445,Plot
C796,Megan Bell,Kochi,4728468,8703328,Plot
C797,Kelley Warnock,Hosur,5750720,6212368,Plot
C798,Sheri Dawson,Trichy,5565835,8270182,Plot
C799,Sarah Kauffman,Chennai,4860134,6831120,Plot
C800,Lauren Robley,Perambalur,5647077,8080278,Plot
C801,Kimberly Jordan,Bangalore,5508444,8781189,Plot
C802,George Byrd,Coimbatore,5975692,9327320,Plot
C803,Ronald Pinkert,Kochi,5307652,7774100,Plot
C804,John Edwards,Hosur,5730736,7518009,Plot
C805,Carmen Peter,Trichy,5529402,8602678,Plot
C806,Pamela Powell,Chennai,5020666,8668685,Plot
C807,Carolyn Crawford,Perambalur,5595591,9071171,Plot
C808,William Simpson,Bangalore,5857701,6332211,Plot
C809,Florence Russell,Coimbatore,5853939,7811419,Plot
C810,Jess Kelly,Kochi,5847845,7310447,Plot
C811,Rachelle Parnell,Hosur,5261340,8635857,Plot
C812,Brenda Lawson,Trichy,5725894,7737745,Plot
C813,Joseph Williamson,Chennai,5796100,9355738,Plot
C814,Donald Goucher,Perambalur,5022017,7285427,Plot
C815,Michael Thomas,Bangalore,5691433,9199672,Plot
C816,Paul Dammann,Coimbatore,4515828,8253567,Plot
C817,Alfredo Kinnard,Kochi,5837950,6720119,Plot
C818,Shannon Lyman,Hosur,5714654,7117260,Plot
C819,Jasper Gifford,Trichy,4806006,8546030,Plot
C820,John Phillips,Chennai,4704430,7355291,Plot
C821,Anna Stapleton,Perambalur,5161361,7421960,Plot
C822,Kevin Testerman,Bangalore,4978605,8062563,Plot
C823,Justin Humphries,Coimbatore,4989265,6209566,Plot
C824,Dora Dawson,Kochi,5831491,7532860,Plot
C825,Suzanne Hernandez,Hosur,5615338,8232961,Plot
C826,Misty Ortega,Trichy,5013914,7723975,Plot
C827,Michael Mcphail,Chennai,5674146,8756321,Plot
C828,Vincent Ellis,Perambalur,4528830,6513349,Plot
C829,Charlotte Hinger,Bangalore,5418164,7178152,Plot
C830,Irene Treider,Coimbatore,5208346,7649445,Plot
C831,Patricia Williams,Kochi,4622114,6288062,Plot
C832,Jackie Galindez,Hosur,4662075,9317539,Plot
C833,Jessie Pine,Trichy,5183878,6874908,Plot
C834,Rosemarie Ocegueda,Chennai,4739371,6211875,Plot
C835,Eric Harris,Perambalur,5624210,8431656,Plot
C836,Kenneth Casparian,Bangalore,5475130,7987273,Plot
C837,Jessica Caldwell,Coimbatore,5491862,7701760,Plot
C838,Edward Mckeehan,Kochi,4587658,6721812,Plot
C839,Alfred Cantrel,Hosur,4535241,7959294,Plot
C840,Diane Ortiz,Trichy,4886783,8120754,Plot
C841,Heriberto Nicewander,Chennai,4959876,6497661,Plot
C842,Robert Halsey,Perambalur,4685717,6586632,Plot
C843,Dolores Ecton,Bangalore,5531290,8921435,Plot
C844,James Matthews,Coimbatore,5475050,8677015,Plot
C845,Robert Hahn,Kochi,5643334,7756930,Plot
C846,Jessica Balzer,Hosur,5193841,6793170,Plot
C847,Janis Sullivan,Trichy,5123852,8820014,Plot
C848,Akiko Combs,Chennai,5198162,9174458,Plot
C849,Eddie Hill,Perambalur,5511802,7353577,Plot
C850,Carolyn Cotton,Bangalore,5483355,8242501,Plot
C851,Andre Kindt,Coimbatore,5549739,6590111,Plot
C852,Wilma Butler,Kochi,4797597,8657754,Plot
C853,Monica Nix,Hosur,4649366,8154915,Plot
C854,Brian Younger,Trichy,5115178,7553565,Plot
C855,John Howard,Chennai,5940008,6268442,Plot
C856,Frank Valentine,Perambalur,5988091,6360778,Plot
C857,Robin Snider,Bangalore,5527438,8484107,Plot
C858,Laverna Taylor,Coimbatore,5715592,8281891,Plot
C859,Amelia Outwater,Kochi,5008149,8317174,Plot
C860,Leonard Bell,Hosur,5830612,6859737,Plot
C861,Jody Hall,Trichy,5594006,6832544,Plot
C862,Norma Paterniti,Chennai,4716589,7260422,Plot
C863,Kenneth Wood,Perambalur,4615964,8082622,Plot
C864,Wendy Arias,Bangalore,4714248,6964316,Plot
C865,Jonathan Starkey,Coimbatore,4549565,7958174,Plot
C866,Paul Hammers,Kochi,5440657,6964707,Plot
C867,Eric Scott,Hosur,5333857,6735969,Plot
C868,Mayra Murelli,Trichy,5999342,8542778,Plot
C869,Roy Zurasky,Chennai,4524232,7821016,Plot
C870,Shawn Miller,Perambalur,5488225,6639532,Plot
C871,Wayne Manning,Bangalore,4587055,9455307,Plot
C872,Steven Tolbert,Coimbatore,5551099,8597182,Plot
C873,Elijah Anderson,Kochi,4814429,9161182,Plot
C874,Mabel Mizrahi,Hosur,4640553,7594709,Plot
C875,Ila Horne,Trichy,4523509,7873018,Plot
C876,Dean Hairston,Chennai,5892099,8700814,Plot
C877,Scott Sims,Perambalur,5096183,8984241,Plot
C878,Steve Bouton,Bangalore,5030583,6547759,Plot
C879,Theodora Bibee,Coimbatore,4921577,8696513,Plot
C880,Charles Moore,Kochi,5461759,8674017,Plot
C881,Marilyn Bradshaw,Hosur,5281389,8241106,Plot
C882,Essie Hernandez,Trichy,5296322,7757420,Plot
C883,Eleanor Lewandowski,Chennai,4925447,6266307,Plot
C884,Ben Popovich,Perambalur,4827403,8332757,Plot
C885,Ermelinda Hayes,Bangalore,5331515,8869958,Plot
C886,Myron Trevino,Coimbatore,5859820,7036378,Plot
C887,Valeri Marshall,Kochi,4729652,8005774,Plot
C888,Marisa Mcintyre,Hosur,5610227,8743106,Plot
C889,Jerry Miller,Trichy,5189978,6967323,Plot
C890,Robert Escobar,Chennai,5155073,9445961,Plot
C891,Sherry Santiago,Perambalur,4736881,8794310,Plot
C892,Ramon Wright,Bangalore,5803346,6616297,Plot
C893,William Evangelista,Coimbatore,4647341,6259903,Plot
C894,Caroline Brown,Kochi,4990402,6884433,Plot
C895,Terrence Walsh,Hosur,5865878,7483820,Plot
C896,Phyllis Doxey,Trichy,5857395,6950127,Plot
C897,Lisa Buskirk,Chennai,5248834,8451738,Plot
C898,Rachel Dixon,Perambalur,4664336,8775030,Plot
C899,Dolores Diamond,Bangalore,5756944,7907496,Plot
C900,Willie Williams,Coimbatore,5599746,9440169,Plot
C901,Sylvia Butler,Kochi,5015700,6311437,Plot
C902,David Klingensmith,Hosur,5013659,7706689,Plot
C903,Roy Fernandez,Trichy,5576888,7272684,Plot
C904,Anthony Ligon,Chennai,5758812,6939785,Plot
C905,Adam Villa,Perambalur,5069231,7565723,Plot
C906,Cynthia Dean,Bangalore,5835537,6805929,Plot
C907,Anthony Carter,Coimbatore,5127677,8748645,Plot
C908,Lucille Palma,Kochi,5957483,9411720,Plot
C909,Elizabeth Dean,Hosur,5611367,8222696,Plot
C910,Brant Henry,Trichy,4763063,7384066,Plot
C911,Joy Alonso,Chennai,5404683,6574539,Plot
C912,Janie Vetter,Perambalur,5210706,7938481,Plot
C913,Suzanne Alter,Bangalore,4851102,7803959,Plot
C914,Amada Washington,Coimbatore,5880755,6872783,Plot
C915,James Swain,Kochi,4634318,8007987,Plot
C916,Mary Smith,Hosur,4715754,8211566,Plot
C917,Ernest Porter,Trichy,5077561,6819101,Plot
C918,Richard Parker,Chennai,5840177,8868071,Plot
C919,Franklin Guajardo,Perambalur,5473144,6400399,Plot
C920,David Bacon,Bangalore,5732235,7781270,Plot
C921,Billy Cain,Coimbatore,5739363,7313392,Plot
C922,Jane Alo,Kochi,4748953,6536510,Plot
C923,Cheryl Cordova,Hosur,4683195,7518878,Plot
C924,Thomas Knight,Trichy,4734636,6553036,Plot
C925,Sara Bagwell,Chennai,5195706,9081827,Plot
C926,Arthur Grant,Perambalur,4855721,7992486,Plot
C927,Oscar Pugh,Bangalore,4730667,8026398,Plot
C928,Eduardo Martin,Coimbatore,5169086,7455665,Plot
C929,Larry Jones,Kochi,5171906,6383808,Plot
C930,Elsie Campbell,Hosur,4861949,7675390,Plot
C931,Jeffrey Hamilton,Trichy,5466702,6295353,Plot
C932,Betsy Bass,Chennai,5906325,8314208,Plot
C933,Edward Smith,Perambalur,5539663,8026361,Plot
C934,Tiffany Cormier,Bangalore,5750450,8695924,Plot
C935,Mildred Basha,Coimbatore,5692496,9171553,Plot
C936,Janie Snyder,Kochi,5262273,7803483,Plot
C937,Nelson Goya,Hosur,5831650,8945435,Plot
C938,Lester Cline,Trichy,5183806,8568274,Plot
C939,Douglas Wells,Chennai,5187579,7004359,Plot
C940,Trisha Wall,Perambalur,4970285,8020383,Plot
C941,John Yeldell,Bangalore,5216665,8474423,Plot
C942,Helen Dominguez,Coimbatore,4582405,7078376,Plot
C943,Tommy Edell,Kochi,4912189,8318948,Plot
C944,Laura Kessler,Hosur,5607235,6402121,Plot
C945,Edward Dohse,Trichy,5907208,6903818,Plot
C946,Tracy Lewis,Chennai,4511242,6780921,Plot
C947,Richard Pfost,Perambalur,5925403,6345569,Plot
C948,Jacqueline Washington,Bangalore,4920172,9134963,Plot
C949,Amber Mccaffrey,Coimbatore,5568311,9178000,Plot
C950,Willis Holmes,Kochi,4536108,9013016,Plot
C951,George Williams,Hosur,5354079,6834360,Plot
C952,Shirley Carver,Trichy,4502318,7847647,Plot
C953,Matthew Smith,Chennai,5641517,7678139,Plot
C954,Ivan Dunson,Perambalur,5393469,6857258,Plot
C955,Vicki Smudrick,Bangalore,4637940,6341825,Plot
C956,Javier Winograd,Coimbatore,5848612,8116509,Plot
C957,Edgar Scott,Kochi,4567506,8009188,Plot
C958,Michael Cruz,Hosur,5727698,6294157,Plot
C959,Jay Sanchez,Trichy,4859319,9335745,Plot
C960,Virginia Mankin,Chennai,5348390,7024886,Plot
C961,Julia West,Perambalur,5227521,8950009,Plot
C962,Mary Rigatti,Bangalore,5989713,9239238,Plot
C963,Shirley Evans,Coimbatore,4575893,9473040,Plot
C964,Lindsey Tran,Kochi,4996967,8940896,Plot
C965,Jim Nardini,Hosur,5524008,6356751,Plot
C966,Ernestine Lewis,Trichy,4953304,6908341,Plot
C967,Alice Pan,Chennai,5511771,7592830,Plot
C968,Alice Bridges,Perambalur,4574659,7293840,Plot
C969,Tina Rhee,Bangalore,5329898,8367068,Plot
C970,Patrick Noel,Coimbatore,4726772,6457846,Plot
C971,Latasha Horton,Kochi,5050440,6572728,Plot
C972,Angela Davis,Hosur,5885061,8077397,Plot
C973,Alexander Eckhard,Trichy,5809420,8323351,Plot
C974,Gregory Aguilar,Chennai,5713317,7900145,Plot
C975,James Simeon,Perambalur,5083204,8796231,Plot
C976,Daniel Black,Bangalore,5418722,7259643,Plot
C977,Edward Urbancic,Coimbatore,5775157,9213139,Plot
C978,Jason Arnold,Kochi,4542994,9403341,Plot
C979,Gary Jamison,Hosur,5067451,9246740,Plot
C980,Sandra Martin,Trichy,4941098,8342098,Plot
C981,Fred Tran,Chennai,5525743,8922833,Plot
C982,Kelvin Chavez,Perambalur,5102983,6426842,Plot
C983,Michelle Libby,Bangalore,5826350,8714991,Plot
C984,Betty Gibson,Coimbatore,5378399,8345573,Plot
C985,Denise Smith,Kochi,5570555,7061019,Plot
C986,Jodie Morales,Hosur,5948110,6326664,Plot
C987,Willard Wiggins,Trichy,4726263,8991095,Plot
C988,David Plummer,Chennai,5412349,7189753,Plot
C989,Lee Fegueroa,Perambalur,5665335,7110632,Plot
C990,Jason Flowers,Bangalore,5607493,8196789,Plot
C991,Trinidad Steele,Coimbatore,5726738,8038370,Plot
C992,Lissa Vega,Kochi,4657857,7362931,Plot
C993,Sharon Davis,Hosur,4808811,7708634,Plot
C994,Brian Diaz,Trichy,5143131,8103904,Plot
C995,Stephen Kinney,Chennai,5902303,7478219,Plot
C996,Korey Lander,Perambalur,4776357,7855338,Plot
C997,Dennis Hicks,Bangalore,5081094,9327564,Plot
C998,David Wells,Coimbatore,5626619,7335450,Plot
C999,Brian Turner,Kochi,5171560,7464445,Plot
C1000,Sandee Dotson,Hosur,5348114,7278091,Plot
C1001,Clarence Snyder,Trichy,4758647,9494370,Plot
C1002,Michael Lofton,Chennai,5965867,7392119,Plot
C1003,Regina Cowie,Perambalur,5740064,8442888,Plot
C1004,Michael Partida,Bangalore,5402258,8870849,Plot
C1005,Marcos Theall,Coimbatore,5625978,7564579,Plot
C1006,Mack Weber,Kochi,4551060,7960925,Plot
C1007,Robert Krum,Hosur,5967837,8956544,Plot
C1008,Frances Johansen,Trichy,5258421,6425365,Plot
C1009,Gertrude Hagler,Chennai,5728280,7247806,Plot
C1010,Patricia Peterson,Perambalur,5919807,6290346,Plot
C1011,Shana Forman,Bangalore,5638564,8530792,Plot
C1012,Clara Champion,Coimbatore,4723647,7855569,Plot
C1013,Scott Talbert,Kochi,5016096,7250351,Plot
C1014,William Nye,Hosur,5588383,7095293,Plot
C1015,Roland Jimenez,Trichy,4799227,7978826,Plot
C1016,Andre Jenks,Chennai,4976670,6886631,Plot
C1017,Phyliss Rancourt,Perambalur,5796436,7322916,Plot
C1018,Ricky Pearson,Bangalore,4620821,6742150,Plot
C1019,John Dedic,Coimbatore,5315089,6652886,Plot
C1020,Katherine Nichols,Kochi,4771188,8816704,Plot
C1021,Frances Boykin,Hosur,4575545,7139323,Plot
C1022,Pauline Pena,Trichy,5689521,7125647,Plot
C1023,Constance Lybbert,Chennai,4630998,8671136,Plot
C1024,Caryl Eagleton,Perambalur,4800369,7108405,Plot
C1025,Lori Sykes,Bangalore,5465097,6923686,Plot
C1026,Carson Sosa,Coimbatore,5350697,8145533,Plot
C1027,James Wilhite,Kochi,5282765,8565726,Plot
C1028,Hannah Chaisson,Hosur,5960801,8311638,Plot
C1029,Lloyd Luongo,Trichy,5101748,8669100,Plot
C1030,Alice Johnson,Chennai,5523925,8291335,Plot
C1031,Edward Brown,Perambalur,5413425,6336368,Plot
C1032,Lisa Houston,Bangalore,4527798,8508394,Plot
C1033,Wayne Lombard,Coimbatore,5291222,6783791,Plot
C1034,Dorothy Morgan,Kochi,5328501,7615923,Plot
C1035,Glenda Roberson,Hosur,5093861,8217103,Plot
C1036,Kay Tyler,Trichy,5155940,6547605,Plot
C1037,Daniel Lambert,Chennai,5478840,7726890,Plot
C1038,Dorothy Huff,Perambalur,5794873,7503764,Plot
C1039,Lupe Graham,Bangalore,5728838,7977830,Plot
C1040,Clifford Principe,Coimbatore,4942046,7994302,Plot
C1041,Berniece Loper,Kochi,5159695,6272571,Plot
C1042,Charlotte Sousa,Hosur,4864725,8707799,Plot
C1043,Max Naron,Trichy,4552094,8354759,Plot
C1044,Mariana Wilson,Chennai,4657887,8711065,Plot
C1045,Sharon Wright,Perambalur,5271269,7510335,Plot
C1046,Michael Cottle,Bangalore,5033655,7834864,Plot
C1047,Julia Richmond,Coimbatore,5253370,7243288,Plot
C1048,Adele Warren,Kochi,5316030,6724492,Plot
C1049,Richard Houis,Hosur,5510540,7616210,Plot
C1050,Michael Nickell,Trichy,5508099,6748866,Plot
C1051,Betty Coulston,Chennai,4560128,6632092,Plot
C1052,Gail Lembke,Perambalur,5917558,6800490,Plot
C1053,Leon Delapaz,Bangalore,4600758,7913240,Plot
C1054,Todd Pangelinan,Coimbatore,5888955,9037570,Plot
C1055,Michael Squires,Kochi,5064643,8459992,Plot
C1056,Michelle Turner,Hosur,5777893,6253522,Plot
C1057,Peter Blaise,Trichy,4773016,8507952,Plot
C1058,Henry Yates,Chennai,5777490,7876564,Plot
C1059,James Lalley,Perambalur,5684958,9229698,Plot
C1060,John Foote,Bangalore,5099542,6636158,Plot
C1061,Janella Felton,Coimbatore,5894339,7654628,Villa
C1062,Patrick Davis,Kochi,5420999,6362625,Villa
C1063,Arnold Moore,Hosur,5071471,7193315,Villa
C1064,Dennis Halcomb,Trichy,5015475,8965586,Villa
C1065,Maxine Banks,Chennai,5518137,9179936,Villa
C1066,Kevin Ward,Perambalur,5539994,7541011,Villa
C1067,Eric Rodriguez,Bangalore,4951647,8419590,Villa
C1068,Shirley Mcvicker,Coimbatore,5654067,9015200,Villa
C1069,Richard Pella,Kochi,5109374,9037980,Villa
C1070,Charles Armstrong,Hosur,5814599,6753408,Villa
C1071,Jonathan Carrousal,Kochi,5762276,6826618,Villa
C1072,Susie Muncy,Kochi,5204353,7009110,Villa
C1073,Leonard Mcclelland,Kochi,5901265,6517190,Villa
C1074,Mitchell Tucholski,Kochi,5800251,6866877,Villa
C1075,Jim Pearl,Kochi,5182913,9079129,Villa
C1076,Joseph Grandberry,Kochi,4577937,7447545,Villa
C1077,Alice Osborne,Kochi,4514299,7360028,Villa
C1078,Morgan Knox,Kochi,5296481,7580299,Villa
C1079,Marcia Maicus,Kochi,5076768,6525409,Villa
C1080,Maurice Laxson,Kochi,5840731,8912665,Villa
C1081,Donna Summers,Kochi,4857888,6462782,Villa
C1082,Eugene Chatman,Kochi,4761242,6600861,Villa
C1083,Orlando Smith,Kochi,5634393,8366012,Villa
C1084,Pamela Ruiz,Kochi,5710391,6819582,Villa
C1085,Claire Barnett,Kochi,4899384,8681513,Villa
C1086,Pattie Harden,Kochi,5767249,7174812,Villa
C1087,Joseph Roberson,Kochi,5360539,9399136,Villa
C1088,Kathy Jones,Kochi,4656758,6225807,Villa
C1089,Victor Zimmermann,Kochi,5964060,6219856,Villa
C1090,Earl Rolfe,Kochi,5947992,7353438,Villa
C1091,Helen Boone,Kochi,5276995,8440024,Villa
C1092,William King,Kochi,4608828,7881897,Villa
C1093,Eli Pires,Kochi,4941219,7421335,Villa
C1094,David Guerra,Kochi,5635400,7392854,Villa
C1095,Grace Gennaro,Kochi,5411376,8940333,Villa
C1096,John Larue,Kochi,4548662,6920465,Villa
C1097,Suzanne Cates,Kochi,5293997,8119696,Villa
C1098,Felipe Krueger,Kochi,5087127,9204600,Villa
C1099,George Green,Kochi,5682145,7446534,Villa
C1100,Donald Smith,Kochi,4722001,8759392,Villa
C1101,Nicholas Leyva,Kochi,4713325,8702929,Villa
C1102,Kristin Smith,Kochi,5065726,6349843,Villa
C1103,Terry Ollig,Kochi,5237678,6234057,Villa
C1104,Gary Hennon,Kochi,4747820,9232131,Villa
C1105,Larry Collins,Kochi,4846471,7549580,Villa
C1106,Diane Farrell,Kochi,5168512,7559401,Villa
C1107,Sandra Washburn,Kochi,4954722,6270012,Villa
C1108,Michael Demateo,Kochi,5357537,8188046,Villa
C1109,Jamie Saxbury,Kochi,5956551,9457713,Villa
C1110,Kevin Hilton,Kochi,5120722,6507369,Villa
C1111,Angelia Schafer,Kochi,4915295,6614802,Villa
C1112,Andra Hauck,Kochi,4660979,9009891,Villa
C1113,Heather Roberts,Kochi,4842915,9139620,Villa
C1114,Antonio Barth,Kochi,4575527,7731960,Villa
C1115,Adrienne Ross,Kochi,4724577,6358105,Villa
C1116,Dorothy Doyle,Kochi,5913222,7635983,Villa
C1117,Judith Dikes,Kochi,4662761,6986283,Villa
C1118,Terica Harbert,Kochi,5221604,6265750,Villa
C1119,Kenneth Gaughan,Kochi,5153254,6452442,Villa
C1120,Racheal Ribble,Kochi,4899971,6232723,Villa
C1121,Kristine Heckman,Kochi,5335612,8777743,Villa
C1122,Sheila Tate,Kochi,5857123,8119144,Villa
C1123,Michelle Lim,Kochi,4825925,9167594,Villa
C1124,Myrtle Montgomery,Kochi,4824189,8932068,Villa
C1125,Lenora Holthaus,Kochi,5136884,7093157,Villa
C1126,Gabriela Ellefson,Kochi,5775804,8958693,Villa
C1127,Michael Duran,Kochi,5494418,8279752,Villa
C1128,Estelle Salamanca,Kochi,4641495,7164837,Villa
C1129,Linda Hawkinson,Kochi,5961301,8422094,Villa
C1130,Jose Culver,Kochi,4630691,8229908,Villa
C1131,Scott Foxworth,Kochi,5973626,7110725,Villa
C1132,Kaci Slaubaugh,Kochi,5193279,8388540,Villa
C1133,Nickolas Cummings,Kochi,5173423,6392179,Villa
C1134,Rita Averette,Kochi,5850637,9239406,Villa
C1135,Jeffery Taylor,Kochi,4624128,8600457,Villa
C1136,Roy Hunt,Kochi,5132411,8455530,Villa
C1137,Thomas Rodriguez,Kochi,4678583,7157119,Villa
C1138,Jeff Helsel,Kochi,5022138,7988646,Villa
C1139,James Weaver,Kochi,5839501,7830543,Villa
C1140,Kevin Durbin,Kochi,5425718,8483128,Villa
C1141,Virginia Childers,Kochi,5713345,8776680,Villa
C1142,Jose Wang,Kochi,5716870,9134202,Villa
C1143,Patrick Christian,Kochi,4762253,8746223,Villa
C1144,Michael Stewart,Kochi,4809301,6421079,Villa
C1145,Ernest Phanco,Kochi,5285862,8749839,Villa
C1146,William Aguilar,Kochi,5198395,6238443,Villa
C1147,Martha Bridges,Kochi,4793866,6813901,Villa
C1148,Ricky Beale,Kochi,5949060,6283859,Villa
C1149,Vincent Concepcion,Kochi,5844462,7000620,Villa
C1150,Victor Klein,Kochi,5642222,7207894,Villa
C1151,Karla Weber,Kochi,5710753,6677563,Villa
C1152,Aracelis Williams,Kochi,4654345,8472802,Villa
C1153,Alice Peterson,Kochi,5725211,8338459,Villa
C1154,Valene Flint,Kochi,4719046,6948624,Villa
C1155,Rita Lujan,Kochi,5612470,9136990,Villa
C1156,Rudy Pasillas,Kochi,5674585,6223440,Villa
C1157,Kimberly Cumiskey,Kochi,5847515,9079598,Villa
C1158,Joshua Dossett,Kochi,4536257,7919209,Villa
C1159,Donna Powers,Kochi,5828075,6748559,Villa
C1160,Mildred Laundree,Kochi,5559036,8408556,Villa
C1161,Christian Fecteau,Kochi,5882612,7384151,Villa
C1162,Valerie Isaman,Kochi,5301203,7289155,Villa
C1163,Jonathan Macaluso,Kochi,4514871,6250690,Villa
C1164,Grace Welch,Kochi,5436960,6977185,Villa
C1165,Harold Perry,Kochi,5421962,8233972,Villa
C1166,William Tennison,Kochi,5641052,7714888,Villa
C1167,Edwin Gonzalez,Kochi,5789764,7993269,Villa
C1168,Bradley Thompson,Kochi,5121934,7238400,Villa
C1169,Timothy Majors,Kochi,4899584,8231329,Villa
C1170,Julia Williams,Kochi,5536099,7473367,Villa
C1171,Kenneth Walker,Kochi,5838574,6870400,Villa
C1172,Dorothy Guerra,Kochi,4530435,6738979,Villa
C1173,Tom Wun,Kochi,5493556,6725016,Villa
C1174,Mary Gentry,Kochi,4688857,7836485,Villa
C1175,Diane Canada,Kochi,5420873,6723272,Villa
C1176,Francis Silvey,Kochi,5641031,6471035,Villa
C1177,Rose Stamps,Kochi,4779304,7574037,Villa
C1178,Kerry Bullock,Kochi,5503554,9328683,Villa
C1179,Mark Freetage,Kochi,5528554,6981139,Villa
C1180,Kyle Lange,Kochi,4719880,6278020,Villa
C1181,Paul Hawkins,Kochi,4565697,7070321,Villa
C1182,Fay Hall,Kochi,5967603,6346819,Villa
C1183,Theresa Barnett,Kochi,5150144,8947510,Villa
C1184,William Sluder,Kochi,4957659,7385002,Villa
C1185,Mary Regis,Kochi,4649828,7739349,Villa
C1186,Christopher Wrisley,Kochi,4630605,8540840,Villa
C1187,George Adams,Kochi,5996215,9451655,Villa
C1188,Terry Horwath,Kochi,5936263,8379320,Villa
C1189,Jack Bartz,Kochi,5707614,8969386,Villa
C1190,Janie Chase,Kochi,5891587,7851497,Villa
C1191,Georgina Swearengin,Kochi,5799924,7837426,Villa
C1192,Ingrid Collini,Kochi,5912499,9143925,Villa
C1193,Eileen Grier,Kochi,5075195,8916226,Villa
C1194,Norma Skillern,Kochi,5458606,8293376,Villa
C1195,Robert White,Kochi,5684996,7388020,Villa
C1196,Chris Baxter,Kochi,5566864,8788378,Villa
C1197,Lindsey Gaitan,Kochi,4738946,8796140,Villa
C1198,Librada Giles,Kochi,5417217,7966478,Villa
C1199,Barbara Kim,Kochi,4771661,8259140,Villa
C1200,Irma Lewis,Kochi,4513259,8395745,Villa
C1201,Brent Mooney,Kochi,5174686,6523108,Villa
C1202,Svetlana Justus,Kochi,4798742,7675406,Villa
C1203,James Jones,Kochi,4754798,7237286,Villa
C1204,Crystal Foster,Kochi,5121336,6396900,Villa
C1205,Robert Anderson,Kochi,4690288,7787341,Villa
C1206,Jesus Gordon,Kochi,4733832,8923183,Villa
C1207,Edward Pirtle,Kochi,4731269,8136745,Villa
C1208,Daniel Arenas,Kochi,5473405,8892811,Villa
C1209,Phillip Child,Kochi,5380641,6332639,Villa
C1210,Daniel Irving,Kochi,5920186,9269353,Villa
C1211,Marcia Lee,Kochi,5858125,8077923,Villa
C1212,Kelly Pruett,Kochi,5408401,7120912,Villa
C1213,James Varner,Kochi,4776246,6482079,Villa
C1214,Jimmy Vanderkam,Kochi,5955480,6660320,Villa
C1215,Judson Hedrick,Kochi,4864011,6776563,Villa
C1216,Leslie Sasahara,Kochi,5989890,7441100,Villa
C1217,Johnnie Greenberg,Kochi,5496110,8704099,Villa
C1218,Joseph Hucks,Kochi,5554683,8052832,Villa
C1219,Christopher Morton,Kochi,5140598,7227875,Villa
C1220,Leslie Savage,Kochi,5224566,8950536,Villa
C1221,Mary Roque,Kochi,5427662,7666829,Villa
C1222,Lori Smith,Kochi,5201155,7911616,Villa
C1223,Joanne Green,Kochi,5731223,7259441,Villa
C1224,Maybelle Kline,Kochi,4625871,9021965,Villa
C1225,Christopher Mathews,Kochi,5537782,6298131,Villa
C1226,Edward Deleon,Kochi,5151913,9434432,Villa
C1227,Gregory Tisdale,Kochi,5018932,6466100,Villa
C1228,Eda Baldwin,Kochi,5268967,7619375,Villa
C1229,Joseph Simonson,Kochi,5086768,8608803,Villa
C1230,Lori Smith,Kochi,5572035,6263115,Villa
C1231,Lee Obrien,Kochi,5302650,8539565,Villa
C1232,Amanda Friedman,Kochi,5100920,7710010,Villa
C1233,Debra Parker,Kochi,5110321,9450260,Villa
C1234,Rudy Bollig,Kochi,5352540,7945359,Villa
C1235,Wallace Jackson,Kochi,5381332,6617847,Villa
C1236,Rosalie Tejeiro,Kochi,5328309,7114318,Villa
C1237,Victoria Chambers,Kochi,5492726,8427994,Villa
C1238,Joyce Lincoln,Kochi,5351529,9088700,Villa
C1239,Latricia Jones,Kochi,4762776,9137403,Villa
C1240,Doris Heine,Kochi,5798831,9101239,Villa
C1241,Roderick Hatch,Kochi,4893841,6838457,Villa
C1242,Justin Kemp,Kochi,4718001,6891371,Villa
C1243,Joyce Mercado,Kochi,4796446,7036008,Villa
C1244,Gina Stout,Kochi,5057417,8183977,Villa
C1245,Rose Wilson,Kochi,5176944,6692296,Villa
C1246,Brenda Clontz,Kochi,5592245,7251251,Villa
C1247,Daniel Littlejohn,Kochi,5076503,8167090,Villa
C1248,Henry Dubois,Kochi,4885357,8646705,Villa
C1249,David Malone,Kochi,4579692,6693108,Villa
C1250,Marilyn Freeman,Kochi,5393605,7998629,Villa
C1251,Jonathan Pennington,Kochi,4815354,8062878,Villa
C1252,Elsie Paige,Kochi,4762537,7205102,Villa
C1253,Carmen Williams,Kochi,4991415,8056399,Villa
C1254,Kathryn Huston,Kochi,5696332,8095043,Villa
C1255,Glenn Smith,Kochi,5142665,6474609,Villa
C1256,Theodore Edmonds,Kochi,5798853,7321693,Villa
C1257,Erica Seal,Kochi,5785737,7400113,Villa
C1258,Kathryn Toki,Kochi,5070526,8282537,Villa
C1259,Katrina Haddock,Kochi,5838393,6473571,Villa
C1260,Mike Dempsey,Kochi,4863769,6363120,Villa
C1261,Anthony Rosales,Kochi,5811787,8237670,Villa
C1262,James Ramsey,Kochi,4716816,6318385,Villa
C1263,Susan Moyer,Kochi,5959837,6604447,Villa
C1264,Christopher Bennett,Kochi,5042071,7079018,Villa
C1265,Austin Aiken,Kochi,5934575,8943076,Villa
C1266,Robert May,Kochi,4835974,7537119,Villa
C1267,Ashley Devine,Kochi,5459807,7159427,Villa
C1268,Gregory Brackett,Kochi,4505430,7648819,Villa
C1269,Jim Terry,Kochi,5231166,6816748,Villa
C1270,Shawn Gaunt,Kochi,5379463,7241125,Villa
C1271,Jane Rideau,Kochi,4767055,6554748,Villa
C1272,Janice Peery,Kochi,5554124,7263043,Villa
C1273,Brad Woodcock,Kochi,4786226,7657244,Villa
C1274,Michael Ruppe,Kochi,5976805,6384506,Villa
C1275,James Mcbride,Kochi,4695973,7761267,Villa
C1276,Rosetta Everett,Kochi,4925042,7053924,Villa
C1277,Shawn Phillips,Kochi,5300432,7344057,Villa
C1278,Shawn Lewicki,Kochi,5169643,9244358,Villa
C1279,Kendra Madden,Kochi,5312663,7680451,Villa
C1280,Melissa Huddleston,Kochi,5120085,7649162,Villa
C1281,Mark Denton,Kochi,5085090,6454670,Villa
C1282,Everett Jamieson,Kochi,4813541,6585211,Villa
C1283,Marc Potter,Kochi,5000401,6765308,Villa
C1284,John Erickson,Kochi,5546244,8958036,Villa
C1285,Matthew Gill,Kochi,5611207,8188833,Villa
C1286,Irene Hawkins,Kochi,5572953,9315638,Villa
C1287,Charlotte Norris,Kochi,4614583,9234662,Villa
C1288,Anthony Cypert,Kochi,4733950,6692736,Villa
C1289,Steve Morrow,Kochi,5253347,9436327,Villa
C1290,Valerie Solis,Kochi,5111110,8535358,Villa
C1291,Tabitha Grant,Kochi,5036152,8976105,Villa
C1292,Thelma Akins,Kochi,5920244,7675108,Villa
C1293,Jerry Reichert,Kochi,4643940,6749729,Villa
C1294,Robert Sears,Kochi,5696775,8003353,Villa
C1295,Mary Field,Kochi,4891476,8457252,Villa
C1296,Andrea Keys,Kochi,4799827,8966514,Villa
C1297,James Benavides,Kochi,4641188,7621563,Villa
C1298,Linda Dickinson,Kochi,4781888,9402431,Villa
C1299,Diana Roberson,Kochi,5474468,6427698,Villa
C1300,Vicki Holgerson,Kochi,5801731,7055700,Villa
C1301,Cassie Browne,Kochi,5474324,8197610,Villa
C1302,Booker Brown,Kochi,4963109,6613204,Villa
C1303,Adrienne Barfield,Kochi,5248697,9121702,Villa
C1304,Stephanie Hoskins,Kochi,4704792,8086693,Villa
C1305,Joyce Ross,Kochi,5955892,7030568,Villa
C1306,Dorothy Provino,Kochi,5963971,9156354,Villa
C1307,George Traylor,Kochi,5401461,7203767,Villa
C1308,Pat Mauldin,Kochi,4898558,6916362,Villa
C1309,Anthony Wagner,Kochi,4584798,9301053,Villa
C1310,Elizabeth Donnelly,Kochi,5660061,7404686,Villa
C1311,Sandra Rankin,Kochi,4796679,7913899,Villa
C1312,Kristen Anthony,Kochi,5784151,7903060,Villa
C1313,Bertha Wood,Kochi,5641041,7870372,Villa
C1314,Kevin Freas,Kochi,5293489,7835216,Villa
C1315,James Smith,Kochi,5209218,8313787,Villa
C1316,James Cheng,Kochi,4915768,8896223,Villa
C1317,Dianna Yager,Kochi,5245569,9359765,Villa
C1318,Danita Gray,Kochi,4880515,7247886,Villa
C1319,Louis Jamili,Kochi,5509593,8779111,Villa
C1320,Angie Wilson,Kochi,5884178,8505795,Villa
C1321,Mildred Hamblen,Kochi,5440183,6587490,Villa
C1322,Gregory Heideman,Kochi,5606395,7770634,Villa
C1323,Ian Parker,Kochi,4921364,6796475,Villa
C1324,Allison Rook,Kochi,5289077,9329608,Villa
C1325,Mary Crowley,Kochi,4584686,7371088,Villa
C1326,James Hill,Kochi,5921265,8795510,Villa
C1327,Christine Wemmer,Kochi,4798439,7165914,Villa
C1328,Jose Schmitt,Kochi,5225824,7496186,Villa
C1329,Derek Rittenhouse,Kochi,5590269,8198725,Villa
C1330,Chong Haffner,Kochi,4983080,7857632,Villa
C1331,Inez Brenton,Kochi,4863395,9366915,Villa
C1332,David Magee,Kochi,5198868,9052991,Villa
C1333,Tonya Dixon,Kochi,5838378,7552392,Villa
C1334,Misty Brant,Kochi,5035737,8132194,Villa
C1335,Robert Powell,Kochi,5604679,7218368,Villa
C1336,Alyson Dockery,Kochi,4939173,6465415,Villa
C1337,Renee Green,Kochi,5868297,9499154,Villa
C1338,Richard Bergman,Kochi,4843630,9456761,Villa
C1339,Michelle Eastman,Kochi,5335448,7315557,Villa
C1340,Amy Gutierrez,Kochi,4686607,8123841,Villa
C1341,Rose Sims,Kochi,4740366,6325643,Villa
C1342,Elsie Crockett,Kochi,4891652,8132483,Villa
C1343,Andrew Morrow,Kochi,4806215,7799016,Villa
C1344,Roseanne Sterling,Kochi,5285685,8360968,Villa
C1345,John Olson,Kochi,5788924,7022653,Villa
C1346,Ann Tartaglione,Kochi,4686137,9025752,Villa
C1347,Bertie Waters,Kochi,5932358,6791779,Villa
C1348,Calvin Rochat,Kochi,5898859,8521226,Villa
C1349,Gerald Rodriguez,Kochi,5942685,8455740,Villa
C1350,Herman Mccafferty,Kochi,5231025,7683820,Villa
C1351,Gary Sanford,Bangalore,5960831,6566045,Villa
C1352,James Benton,Chennai,5685961,8575163,Villa
C1353,Daniel Mclean,Chennai,5213429,8722385,Villa
C1354,Randy Jacobson,Chennai,5572119,6655320,Villa
C1355,Henry Charlesworth,Chennai,5813938,7827582,Villa
C1356,Mark Roberts,Chennai,5402201,9119212,Villa
C1357,Lee Byrd,Chennai,5737923,6529302,Villa
C1358,Russell Gloden,Chennai,4605026,7884383,Villa
C1359,Barbara Buffum,Chennai,5682195,6379183,Villa
C1360,Michael Harmon,Chennai,4968183,8291208,Villa
C1361,Kenneth Delacruz,Chennai,5962870,6449653,Villa
C1362,Maritza Charles,Chennai,4950216,8020006,Villa
C1363,Sherri Holden,Chennai,5398811,8787676,Villa
C1364,Mildred Brei,Chennai,5194602,9084919,Villa
C1365,Florine Teasley,Chennai,4546479,7321757,Villa
C1366,Herbert Jordan,Chennai,4621699,7628685,Villa
C1367,Wallace Wright,Chennai,5627031,7360409,Villa
C1368,Gordon Little,Chennai,5206740,7379351,Villa
C1369,Juan Valenzuela,Chennai,5460767,8374208,Villa
C1370,Regina Clifton,Chennai,5165332,9442750,Villa
C1371,Anthony Brown,Chennai,4826647,8458832,Villa
C1372,Christopher Nelson,Chennai,5539743,9363023,Villa
C1373,Debra Gray,Chennai,5480853,9258300,Villa
C1374,Laurie Prewitt,Chennai,4944038,9394365,Villa
C1375,Betty Hudgins,Chennai,5105884,6748973,Villa
C1376,Ophelia Finkle,Chennai,4509394,9230754,Villa
C1377,Mike Braithwaite,Chennai,4544229,8322374,Villa
C1378,Kimberly Mabon,Chennai,5311278,9304753,Villa
C1379,Anthony Davis,Chennai,4524051,6450238,Villa
C1380,Tamar Kaplan,Chennai,5762449,8928806,Villa
C1381,Jack Braddy,Chennai,5644735,7701655,Plot
C1382,Christine Lee,Chennai,5428042,6764625,Plot
C1383,Jane Barr,Chennai,4801479,8519301,Plot
C1384,Donna Oakes,Chennai,4571818,8647778,Plot
C1385,Walter Hornsby,Chennai,5976671,7353641,Plot
C1386,Misty Caudill,Chennai,5636047,9175052,Plot
C1387,Sylvia Cox,Chennai,5033924,6532394,Plot
C1388,Laurinda Lucas,Chennai,5257910,7862323,Plot
C1389,Allen Marty,Chennai,5233751,7047201,Plot
C1390,Anna Gonzalez,Chennai,5602049,6356464,Plot
C1391,Charles Walls,Chennai,5935316,6426877,Plot
C1392,James Meyer,Chennai,5225899,7456201,Plot
C1393,Cameron Kern,Chennai,5562403,7322379,Plot
C1394,Phillip Rehfield,Chennai,4850070,7201436,Plot
C1395,Richard Leone,Chennai,4912746,6494959,Plot
C1396,Ashley White,Chennai,4929066,9082550,Plot
C1397,Michael Woody,Chennai,5935588,8755625,Plot
C1398,James Cyrus,Chennai,4912830,7134949,Plot
C1399,Carol Rodriguez,Chennai,4774585,7673676,Plot
C1400,Kathleen Roberson,Chennai,5196985,8617140,Plot
C1401,Jewell Tinsley,Chennai,4863439,7015798,Plot
C1402,Timothy Dandy,Chennai,4764435,7090450,Plot
C1403,Karen Miller,Chennai,5190861,8382306,Plot
C1404,Joanne White,Chennai,5855829,7935399,Plot
C1405,Adah Cambell,Chennai,4946967,7579140,Plot
C1406,Lori Brown,Chennai,5201666,6995329,Plot
C1407,Walter Ingram,Chennai,5767982,8460449,Plot
C1408,Anna Miller,Chennai,5387975,9490115,Plot
C1409,Thomas Miller,Chennai,5791832,6757559,Plot
C1410,Warner Ingham,Chennai,5760582,8631223,Plot
C1411,Pamela Sacarello,Chennai,5295656,7122180,Plot
C1412,Alan Arnold,Chennai,5760410,9215082,Plot
C1413,Joyce Brangers,Chennai,5175656,7222557,Plot
C1414,Joe Swiger,Chennai,4541990,6959226,Plot
C1415,Mary Sanmartin,Chennai,5589627,8359842,Plot
C1416,Willie Lindblad,Chennai,5230343,9067980,Plot
C1417,Aaron Davis,Chennai,4876229,8314783,Plot
C1418,John Snow,Chennai,5572378,7459185,Plot
C1419,Ruth Pelc,Chennai,4587726,7996117,Plot
C1420,Lowell Garwood,Chennai,5085017,8885649,Plot
C1421,April Smith,Chennai,5110980,9466252,Plot
C1422,Paul Santiago,Chennai,5042131,9056884,Plot
C1423,James Pribble,Chennai,4863247,8175806,Plot
C1424,Jennifer Stone,Chennai,5858233,8502518,Plot
C1425,Maria Contreras,Chennai,5553531,8542773,Plot
C1426,David Brown,Chennai,5484818,7639787,Plot
C1427,Natalie Hastings,Chennai,5539717,7887988,Plot
C1428,Brenda Young,Chennai,5447645,7413429,Plot
C1429,Thomas Weber,Chennai,5743162,7638145,Plot
C1430,Gregory Smith,Chennai,4942367,6981970,Plot
C1431,Melissa Bourgeois,Chennai,4674630,9307959,Plot
C1432,Jeffrey Rivers,Chennai,5086735,8761500,Plot
C1433,Ralph Cox,Chennai,4818048,7400937,Plot
C1434,Jon Small,Chennai,5869148,8010429,Plot
C1435,Eddie Connolly,Chennai,4806517,7157330,Plot
C1436,Tisha Allard,Chennai,5970341,6426936,Plot
C1437,Robert Ramirez,Chennai,4710846,7333167,Plot
C1438,Jon Levy,Chennai,5772130,8282836,Plot
C1439,Maria Englehardt,Chennai,5007308,7131736,Plot
C1440,George House,Chennai,4849758,6970248,Plot
C1441,Tracey Rivera,Chennai,5649419,8949133,Plot
C1442,Richard Mitchell,Chennai,4889227,7537068,Plot
C1443,Dustin Hodgson,Chennai,5838802,9052859,Plot
C1444,Terry Jennette,Chennai,4860172,9045310,Plot
C1445,Kimberly Robinson,Chennai,4520788,8854312,Plot
C1446,Abby Turner,Chennai,4776928,9499334,Plot
C1447,Jennifer Santistevan,Chennai,5151548,6268034,Plot
C1448,Edith Calderon,Chennai,4634418,8964800,Plot
C1449,Donna Davis,Chennai,5963636,6924351,Plot
C1450,Dayna Menendez,Chennai,5105471,9193818,Plot
C1451,Thomas Blanding,Chennai,5154733,8573896,Plot
C1452,Anna Irving,Chennai,4918243,8135905,Plot
C1453,Timothy Snelgrove,Chennai,4590665,8481656,Plot
C1454,Debra Rinkel,Chennai,5599012,9179942,Plot
C1455,Edna Mack,Chennai,4620294,9293336,Plot
C1456,Jackie Lant,Chennai,5100686,7196711,Plot
C1457,Anita Murphy,Chennai,4544361,8408401,Plot
C1458,Phillip Nowakowski,Chennai,4554151,8503501,Plot
C1459,Kristel Spalding,Chennai,4631781,8922206,Plot
C1460,Tara Cameron,Chennai,5120123,9180036,Plot
C1461,Jesse Reyes,Chennai,5979160,7213259,Plot
C1462,Sean Guerra,Chennai,4715831,7718793,Plot
C1463,Brittany Trent,Chennai,5838684,7334295,Plot
C1464,Jose Mixer,Chennai,4615341,8472675,Plot
C1465,Wilbur Altizer,Chennai,4626331,6915645,Plot
C1466,Joshua Valerio,Chennai,5684145,8519166,Plot
C1467,Chloe Diaz,Chennai,4574262,8230452,Plot
C1468,Ronald Hall,Chennai,4917224,6672751,Plot
C1469,Robert Kelly,Chennai,5537498,7206336,Plot
C1470,Elaine Corcoran,Chennai,5110129,6468795,Plot
C1471,Jeannette Ferdig,Chennai,4562845,7953476,Plot
C1472,Jose Boyd,Chennai,5327641,9254477,Plot
C1473,Martha Forrest,Chennai,5447490,6819933,Plot
C1474,Richard Filkins,Chennai,5173055,7072644,Plot
C1475,Rufus Guizar,Chennai,5614054,8528853,Plot
C1476,Debra Edmonds,Chennai,4844600,8780340,Plot
C1477,Richard Reyes,Chennai,5550316,6411336,Plot
C1478,Don Stuble,Chennai,5672997,8210932,Plot
C1479,Dawn Callahan,Chennai,5684247,8903315,Plot
C1480,Joseph Hernandez,Chennai,4757651,7151288,Plot
C1481,Regina Harris,Chennai,4656949,8970805,Plot
C1482,Lisa Franz,Chennai,4889474,9072209,Plot
C1483,Susan Mitchell,Chennai,5229868,6200589,Plot
C1484,Robert Howell,Chennai,5513453,8991681,Plot
C1485,Katie Smith,Chennai,4517431,6828615,Plot
C1486,Sherry Swan,Chennai,5920449,8352818,Plot
C1487,Michael Rosian,Chennai,5530561,7475997,Plot
C1488,Irving Miller,Chennai,5047079,9031501,Plot
C1489,Marvin Lock,Chennai,5353100,8098711,Plot
C1490,Laurie Auzenne,Chennai,5572170,7660728,Plot
C1491,Martha Heggie,Chennai,4523124,7701713,Plot
C1492,Ann Jones,Chennai,5595291,7843998,Plot
C1493,Dorene Tarter,Chennai,4636237,7169260,Plot
C1494,Virginia Weber,Chennai,4871536,7636551,Plot
C1495,Ryan Schatzman,Chennai,4588006,7699565,Plot
C1496,Kathleen Rodriguez,Chennai,5568362,6492649,Plot
C1497,Betty Tamez,Chennai,5155664,6209470,Plot
C1498,Derek Dillard,Chennai,4815061,9025656,Plot
C1499,Gregory Galligan,Chennai,5796542,8067363,Plot
C1500,Elsa Shaw,Chennai,5832982,9078950,Plot
C1501,James Roberts,Chennai,5144141,8291883,Plot
C1502,James Slater,Chennai,4850891,7390642,Plot
C1503,Roseanne Kershner,Chennai,4795204,9034790,Plot
C1504,Salvatore Morrow,Chennai,5698661,9071264,Plot
C1505,Arthur Giard,Chennai,4895304,8180028,Plot
C1506,Cynthia Sandow,Chennai,4697225,6446341,Plot
C1507,Donald Price,Chennai,5191109,7854133,Plot
C1508,Myrtle Harris,Chennai,5586221,6750789,Plot
C1509,Alexis Stahlman,Chennai,4976334,6885511,Plot
C1510,Michael Obrien,Chennai,5580001,8406263,Plot
C1511,James Martin,Chennai,5364353,6204084,Plot
C1512,James Fischer,Chennai,4613079,8292987,Plot
C1513,Nellie Martinez,Chennai,4783298,8907676,Plot
C1514,Michael Nelson,Chennai,4982756,7954713,Plot
C1515,Alfred Stanwick,Chennai,5448997,8196062,Plot
C1516,Robert Gibbs,Chennai,5712179,6594964,Plot
C1517,Mary Mosby,Chennai,5086758,9268574,Plot
C1518,William Parker,Chennai,4520974,8364316,Plot
C1519,Jessica Dominguez,Chennai,4627779,7082301,Plot
C1520,Christina Therrien,Chennai,5613750,8318523,Plot
C1521,Amelia Plaisted,Chennai,5228491,7768007,Plot
C1522,Donald Crawford,Chennai,4600165,7536965,Plot
C1523,Carla Brant,Chennai,5127108,8572989,Plot
C1524,Gene Herzog,Chennai,4568049,7763092,Plot
C1525,Susan Gonzalez,Chennai,4767208,6914584,Plot
C1526,Craig Stephens,Chennai,4812072,7474547,Plot
C1527,Angela Crespo,Chennai,5262420,8929450,Plot
C1528,Courtney Wong,Chennai,5738108,8390559,Plot
C1529,Carol Stein,Chennai,5436581,8936170,Plot
C1530,Milton Davis,Chennai,4635067,6357429,Plot
C1531,Keith Leonelli,Chennai,4948083,6823317,Plot
C1532,Doug Sapp,Chennai,5589048,7211198,Plot
C1533,Joel Harvey,Chennai,5727998,6719854,Plot
C1534,Randy Ballou,Chennai,5369303,7142804,Plot
C1535,Larry Hutchison,Chennai,5869994,8714725,Plot
C1536,Carlos Simonton,Chennai,5264989,6428307,Plot
C1537,Marc Lowe,Chennai,5727365,7448269,Plot
C1538,Dena White,Chennai,5879030,6501740,Plot
C1539,Carol Lavin,Chennai,5975331,8354393,Plot
C1540,Jenifer Vannorman,Chennai,4505727,8091925,Plot
C1541,Amy Fox,Chennai,5709072,7823976,Plot
C1542,Francis Gerard,Chennai,5904788,8371518,Plot
C1543,Paul Howard,Chennai,5893292,9006965,Plot
C1544,Marjorie Jones,Chennai,5133994,7955630,Plot
C1545,Carolyn Knight,Chennai,5214638,8756344,Plot
C1546,Jimmy Westphalen,Chennai,4983320,7341669,Plot
C1547,Timothy Satterlee,Chennai,5719587,8866961,Plot
C1548,Joshua Mayers,Chennai,5009865,7504624,Plot
C1549,Darrell Wilcox,Chennai,4782766,6266780,Plot
C1550,Jill Curnutte,Chennai,5453706,8658110,Plot
C1551,John Carrillo,Chennai,4542338,6669097,Plot
C1552,Shane Rutter,Chennai,4512750,8113479,Plot
C1553,Terry Travis,Chennai,5360203,8211038,Plot
C1554,Robert White,Chennai,5884189,6728983,Plot
C1555,Joan Wells,Chennai,5504087,8197688,Plot
C1556,Hershel Tell,Chennai,5062041,7559549,Plot
C1557,Curtis Durden,Chennai,5042343,7034518,Plot
C1558,Vivian Stroud,Chennai,5489985,7504502,Plot
C1559,Meagan Hawkins,Chennai,5939685,8383362,Plot
C1560,Johnna Smoke,Chennai,5038351,8675241,Plot
C1561,Natalie Crowder,Chennai,5873375,6951297,Plot
C1562,Sarah Peterson,Chennai,5773719,7012088,Plot
C1563,Trevor Benton,Chennai,5152430,8436323,Plot
C1564,Matthew Metzger,Chennai,5542557,8438050,Plot
C1565,Elsa Lien,Chennai,5083690,8468589,Plot
C1566,Jesse Keeling,Chennai,5229452,8844817,Plot
C1567,Lance Hughes,Chennai,5793244,8877410,Plot
C1568,Ellen Oden,Chennai,5739998,6758906,Plot
C1569,Debbie Cahall,Chennai,4629932,8774171,Plot
C1570,Evie Cottone,Chennai,5882226,6612547,Plot
C1571,Robyn Shields,Chennai,5742368,8594700,Plot
C1572,Nancy Dorsey,Chennai,4726698,7321471,Plot
C1573,Ligia Weiss,Chennai,5997646,9084354,Plot
C1574,Barbara Anderson,Chennai,5572470,8370685,Plot
C1575,Shirley Wong,Chennai,5655265,7600840,Plot
C1576,Quinn Simmons,Chennai,4549385,7224246,Plot
C1577,Minnie Irizarry,Chennai,5374179,7766536,Plot
C1578,Laurie Hensley,Chennai,5682443,6861793,Plot
C1579,Jason Morales,Chennai,4636447,7513554,Plot
C1580,Janie Heck,Chennai,5258053,8191010,Plot
C1581,Randy Austin,Chennai,5891999,6434754,Plot
C1582,Tara Aveado,Chennai,5682729,8813503,Plot
C1583,Walter Olson,Chennai,5431363,8483660,Plot
C1584,Robert Scianna,Chennai,4824166,8733949,Plot
C1585,John Cavazos,Chennai,5631686,8049000,Plot
C1586,Linda Biser,Chennai,5242366,6755128,Plot
C1587,Michael Ross,Chennai,5741478,9255308,Plot
C1588,John Benson,Chennai,5004289,6540512,Plot
C1589,Christopher Massa,Chennai,4844117,8384415,Plot
C1590,Sharon Royce,Chennai,5540134,9152030,Plot
C1591,Amanda Driscoll,Chennai,4556514,8275314,Plot
C1592,Elizabeth Perez,Chennai,5155003,8062287,Plot
C1593,Dale Kost,Chennai,5868480,8554047,Plot
C1594,Leonard Scott,Chennai,5709965,7781482,Plot
C1595,Charles Foy,Chennai,5461066,7661572,Plot
C1596,Chelsea Morasca,Chennai,4551928,8542332,Plot
C1597,Julius Bishop,Chennai,5597003,8141205,Plot
C1598,Tyler Schaeffer,Chennai,4522370,8193762,Plot
C1599,Omar Sargent,Chennai,5203333,6761253,Plot
C1600,Sharon Smith,Chennai,5749329,8428611,Plot
C1601,Steven Huang,Chennai,5001225,9182437,Plot
C1602,Marie Foley,Chennai,4883152,8821866,Plot
C1603,Rebecca Parker,Chennai,5865184,7918234,Plot
C1604,Susan Davis,Chennai,4629646,7303381,Plot
C1605,Rosie Christinsen,Chennai,5551286,6927186,Plot
C1606,Roderick Kuhn,Chennai,4726261,8979583,Plot
C1607,Clarence Marks,Chennai,5141781,9363578,Plot
C1608,Ngoc Ellis,Chennai,5316306,9385310,Plot
C1609,Leslie Seymour,Chennai,5418349,6500459,Plot
C1610,Jeri Reed,Chennai,5260281,7335406,Plot
C1611,Denise Jack,Chennai,4953580,9297779,Plot
C1612,Joel Ramirez,Chennai,5963972,7433817,Plot
C1613,Londa Belz,Chennai,5301286,9182555,Plot
C1614,Manuel Carmona,Chennai,4565276,8582377,Plot
C1615,Andrew Frye,Chennai,5159652,9025653,Plot
C1616,Paul Matson,Chennai,5650771,9265158,Plot
C1617,Debbie Hullihen,Chennai,4771206,7141711,Plot
C1618,Roy Ross,Chennai,5626197,8058955,Plot
C1619,Sandra Ford,Chennai,4584700,8076232,Plot
C1620,Kyle Ferullo,Chennai,5740951,8453171,Plot
C1621,Sun Kelley,Chennai,5862901,8793187,Plot
C1622,Amber Gamble,Chennai,5046280,6385581,Plot
C1623,Gary Lawson,Chennai,4610830,7446217,Plot
C1624,Scott Hinkle,Chennai,4883602,9404241,Plot
C1625,Ruby Jordan,Chennai,4630060,6768652,Plot
C1626,Erlinda Haskell,Chennai,5739509,6293809,Plot
C1627,Mark Gonzalez,Chennai,4937298,7671791,Plot
C1628,Phyllis Grayson,Chennai,5272186,7297688,Plot
C1629,Janet Canchola,Chennai,5169843,8900411,Plot
C1630,Johnie Mcnelis,Chennai,5649096,8841145,Plot
C1631,Jason Liu,Chennai,5547998,8481824,Plot
C1632,Retha Bruce,Chennai,5921466,9406903,Plot
C1633,Crystal Woods,Chennai,5198716,7995560,Plot
C1634,Patsy Smith,Chennai,5377520,7373988,Plot
C1635,Connie Wray,Chennai,5326010,9486266,Plot
C1636,Donnell Hartwell,Chennai,4966925,9364391,Plot
C1637,Jason Rosen,Chennai,5712732,9119230,Plot
C1638,Sue Newton,Chennai,4647544,7527464,Plot
C1639,Esther Perritt,Chennai,5912238,8417323,Plot
C1640,Jacqueline Reynolds,Chennai,5379847,7146803,Plot
C1641,Frankie Winkler,Chennai,5601103,8244611,Plot
C1642,Eustolia Sanchez,Chennai,5180174,7694663,Plot
C1643,Ivonne Dixon,Chennai,4543644,9213938,Plot
C1644,Dorothy Carrozza,Chennai,4972431,7491980,Plot
C1645,Kristen Huson,Chennai,5932938,7434252,Plot
C1646,Terri Magee,Chennai,5090689,6779786,Plot
C1647,Peter Stephenson,Chennai,5671190,6496331,Plot
C1648,Tony Ephriam,Chennai,5383176,6325300,Plot
C1649,Joel Fine,Chennai,4516303,6207501,Plot
C1650,Joseph Berney,Chennai,5581506,9277834,Plot
C1651,Rudolph Levine,Chennai,5255715,9009988,Plot
C1652,Thomas Bishop,Chennai,4819625,7102577,Plot
C1653,Wendy Gomez,Chennai,5948907,8657324,Plot
C1654,Carmen Schafer,Chennai,5954511,7258223,Plot
C1655,Maria Small,Chennai,4523241,7144510,Plot
C1656,Brandon Rutherford,Chennai,5605419,7160810,Plot
C1657,Donald Wilson,Chennai,5252273,7205067,Plot
C1658,David Runge,Chennai,5188712,8984986,Plot
C1659,Florence Smith,Chennai,4987624,7948653,Plot
C1660,Alex Robinson,Chennai,4572796,9133909,Plot
C1661,Robert Turner,Chennai,4826242,8022807,Plot
C1662,Pete Samuels,Chennai,4728017,8971336,Plot
C1663,Jason Delafuente,Chennai,5408176,8695119,Plot
C1664,Beth Glover,Chennai,5249609,8407204,Plot
C1665,George Isaac,Chennai,5148793,6954642,Plot
C1666,Melody Berry,Chennai,5933511,6858305,Plot
C1667,Dennis Douglas,Chennai,4557017,7233406,Plot
C1668,Eric Molina,Chennai,5367435,8257419,Plot
C1669,Charlotte Barcellos,Chennai,4613104,8046605,Plot
C1670,Kathleen Gibson,Chennai,4551766,6481917,Plot
C1671,Tommy Beasley,Chennai,5211991,7471446,Plot
C1672,Shandi Rodiguez,Chennai,4911138,9001353,Plot
C1673,Zachary Reese,Chennai,4603883,8334949,Plot
C1674,John Kaschak,Chennai,4785198,8467283,Plot
C1675,Patricia Decker,Chennai,4787009,6558584,Plot
C1676,Marjorie York,Chennai,5692105,8942750,Plot
C1677,Richard Roher,Chennai,5846440,9148895,Plot
C1678,Ruth Riedel,Chennai,5514597,9169314,Plot
C1679,Christina Gaiser,Chennai,5376092,8485671,Plot
C1680,Harold Addy,Chennai,5445384,7352362,Plot
C1681,Marjorie Dangelo,Chennai,4504185,6970668,Plot
C1682,Jennifer Heer,Chennai,5863958,9160979,Plot
C1683,Monica Moore,Chennai,4671950,7286080,Plot
C1684,Grace Wright,Chennai,5256339,8380590,Plot
C1685,Mary Hodges,Chennai,5745237,6494539,Plot
C1686,John Huffman,Chennai,5764209,6913417,Plot
C1687,Ronald Flores,Chennai,4835979,7204956,Plot
C1688,Melody Liu,Chennai,5216960,8090308,Plot
C1689,Mary Brown,Chennai,5429082,9180737,Plot
C1690,David Freudenburg,Chennai,5241392,6698815,Plot
C1691,William Mayhew,Chennai,5027666,8761554,Plot
C1692,Lenora Jones,Chennai,4888099,6352748,Plot
C1693,Joe Landry,Chennai,5665105,7527726,Plot
C1694,James Holliday,Chennai,5894691,7352189,Plot
C1695,David Guy,Chennai,5717160,8803331,Plot
C1696,Kenneth Salberg,Chennai,5336009,6467184,Plot
C1697,Claude Emery,Chennai,5559889,7533915,Plot
C1698,Diane Flanagan,Chennai,4614336,9356653,Plot
C1699,Elisha Qualls,Chennai,4838967,6493555,Plot
C1700,Rickie Simonis,Chennai,5216738,8959851,Plot
C1701,Carmen Martinez,Chennai,5450551,8682066,Plot
C1702,Gabriel Komp,Chennai,5859419,7197682,Plot
C1703,Bennie Losh,Chennai,5362091,9091963,Plot
C1704,John Cross,Chennai,5302799,7265427,Plot
C1705,Stephanie Alvarado,Chennai,4766782,7216717,Plot
C1706,Josephine Bartell,Chennai,5329245,7383180,Plot
C1707,Paul Kane,Chennai,4811998,7116182,Plot
C1708,David Hughes,Chennai,5756798,9141554,Plot
C1709,Thomas Frazier,Chennai,5378507,8730152,Plot
C1710,Tracy Franklin,Chennai,5292140,9299642,Plot
C1711,Maria Holly,Chennai,5386378,8936300,Plot
C1712,Norma Nunes,Chennai,5782357,8178275,Plot
C1713,Latisha Abbott,Chennai,5030181,6883397,Plot
C1714,Charles Muhr,Chennai,5130149,9041060,Plot
C1715,John Lerma,Chennai,5144207,6826070,Plot
C1716,Shannon Mercedes,Chennai,4819141,8289037,Plot
C1717,Margareta Burt,Chennai,5008754,7923488,Plot
C1718,Wilton Giusti,Chennai,4592149,7297650,Plot
C1719,Jody Faiella,Chennai,5767771,6238498,Plot
C1720,Mary Moore,Chennai,5603214,7327912,Plot
C1721,Katherine Buman,Chennai,5929467,7299312,Plot
C1722,Mary Roeger,Chennai,5214044,7214335,Plot
C1723,Grace Baucom,Chennai,5111218,7435461,Plot
C1724,Anita Lochen,Chennai,4776953,9132765,Plot
C1725,Teresa Petzold,Chennai,4994456,6856464,Plot
C1726,Dennis Stutts,Chennai,5637228,9179814,Plot
C1727,Earl Sherburne,Chennai,5073803,7060849,Plot
C1728,Aaron Kirch,Chennai,5775011,8911374,Plot
C1729,Luis Coleman,Chennai,5632758,6492618,Plot
C1730,Joseph Purdy,Chennai,4890586,8126992,Plot
C1731,Drew Turner,Chennai,4981859,7583582,Plot
C1732,Shane Goddard,Chennai,5421472,6848976,Plot
C1733,Nancy Ronca,Chennai,4775666,9340929,Plot
C1734,Brian Bauer,Chennai,5544341,6972168,Plot
C1735,Tabatha Anderson,Chennai,5552464,7110201,Plot
C1736,Evelyn Jacoby,Chennai,5303307,7740174,Plot
C1737,Nathaniel Williams,Chennai,5210669,8458825,Plot
C1738,Jean Hernandez,Chennai,4979678,7767815,Plot
C1739,Cole Hill,Chennai,5734365,7944624,Plot
C1740,Daniel Margolis,Chennai,5515777,7210415,Plot
C1741,Willie Brown,Chennai,5863335,6864041,Plot
C1742,Brian Castro,Chennai,5242290,8896745,Plot
C1743,James Wilson,Chennai,5265417,7716455,Plot
C1744,Javier Weathers,Chennai,4749236,7574336,Plot
C1745,Marie Jackson,Chennai,5305327,7704076,Plot
C1746,Douglas Brown,Chennai,4693110,7188878,Plot
C1747,Georgia Valentino,Chennai,4957832,7755376,Plot
C1748,Harold Pettit,Chennai,4739493,7260078,Plot
C1749,Martha Smudrick,Chennai,4909838,8666663,Plot
C1750,Eli Sword,Chennai,5225000,8914052,Plot
C1751,Roy Edelman,Chennai,5066000,7927669,Plot
C1752,Jeff Brown,Chennai,5336929,9177846,Plot
C1753,Thomas Wanzer,Chennai,4671496,6697967,Plot
C1754,Roberto Michel,Chennai,4657658,8154928,Plot
C1755,Julissa Page,Chennai,5698790,7802892,Plot
C1756,Daryl Stuemke,Chennai,4636626,9078045,Plot
C1757,James Brehaut,Chennai,5745717,7047148,Plot
C1758,Alice Johnson,Chennai,5130360,8267010,Plot
C1759,Barbara Chambers,Chennai,4508845,8064936,Plot
C1760,Joseph Cassel,Coimbatore,4860723,7272841,Plot
C1761,Woodrow Smith,Coimbatore,5089850,6860967,Plot
C1762,Marie Newlin,Coimbatore,4916558,8643572,Plot
C1763,Ann Feldman,Coimbatore,5576758,9485404,Plot
C1764,Amy Rison,Coimbatore,5393597,7386733,Plot
C1765,Norman Winger,Coimbatore,5616496,7889547,Plot
C1766,Sandra Brown,Coimbatore,4518135,8982892,Plot
C1767,Walter Kelly,Coimbatore,5033803,7117815,Plot
C1768,James Red,Coimbatore,5384000,8281462,Plot
C1769,Avis Green,Coimbatore,5112256,8170758,Plot
C1770,Georgia Mendoza,Coimbatore,5089029,8802178,Plot
C1771,Joan Rowton,Coimbatore,5911599,8682492,Plot
C1772,Cynthia Bowman,Coimbatore,4769396,8821337,Plot
C1773,Ilene Haertel,Coimbatore,5795300,8049783,Plot
C1774,Thomas Castleman,Coimbatore,5044865,8127987,Plot
C1775,Nicole Bailey,Coimbatore,5607516,6659302,Plot
C1776,Jason Deblois,Coimbatore,5527362,9227489,Plot
C1777,Shaniqua Lawson,Coimbatore,4854824,9367762,Plot
C1778,Frank Shulte,Coimbatore,5614858,9464106,Plot
C1779,Nellie Fish,Coimbatore,5346557,7457243,Plot
C1780,Richard Williams,Coimbatore,5995259,6816250,Plot
C1781,Andre Murray,Coimbatore,4999022,6445919,Plot
C1782,David Wardinsky,Coimbatore,5092602,8445891,Plot
C1783,Clara Bobo,Coimbatore,5308664,7075314,Plot
C1784,Margaret Hill,Coimbatore,4920579,8186514,Plot
C1785,Bobby Miller,Coimbatore,4744803,8076470,Plot
C1786,Ronald Lawson,Coimbatore,5394142,9399502,Plot
C1787,Lori Seals,Coimbatore,5607925,8614158,Plot
C1788,Thomas Newsome,Coimbatore,5546625,8286895,Plot
C1789,Philip Minton,Coimbatore,4536872,7972110,Plot
C1790,Mary Richards,Coimbatore,5241173,8904397,Plot
C1791,Edith Wood,Coimbatore,5467870,6890184,Plot
C1792,Judy Gjelaj,Coimbatore,4672380,6656609,Plot
C1793,Anthony Roberts,Coimbatore,5330740,9200338,Plot
C1794,Deborah Gomer,Coimbatore,5832152,7710601,Plot
C1795,Russell Blanco,Coimbatore,5707364,8832757,Plot
C1796,Robert Petty,Coimbatore,5798662,6221284,Plot
C1797,Linda Harris,Coimbatore,5140286,7806081,Plot
C1798,Louise Cornell,Coimbatore,5140628,6240178,Plot
C1799,Bruce Edwards,Coimbatore,5275023,6324925,Plot
C1800,Irene Echavarria,Coimbatore,5211197,7716590,Plot
C1801,Christa Scheidecker,Coimbatore,5885563,8942430,Plot
C1802,Ricky Harding,Coimbatore,4955753,6985930,Plot
C1803,Edna Eldridge,Coimbatore,5495798,6953641,Plot
C1804,James King,Coimbatore,4757030,6436314,Plot
C1805,Nicholas Stoney,Coimbatore,5299863,7182690,Plot
C1806,Reginald Maland,Coimbatore,4525279,7165846,Plot
C1807,Glenda Richart,Coimbatore,4841864,7239436,Plot
C1808,Charles Waller,Coimbatore,5187381,9015399,Plot
C1809,Norma Stoneburner,Coimbatore,4730048,9077738,Plot
C1810,Jill Channell,Coimbatore,5914195,8059679,Plot
C1811,Jackie Johnson,Coimbatore,4935882,7617975,Plot
C1812,James Gregory,Coimbatore,5234593,8745745,Plot
C1813,Renae Swan,Coimbatore,4943170,7568183,Plot
C1814,Paul Tafoya,Coimbatore,4553743,7912846,Plot
C1815,Rick Kilgore,Coimbatore,5360940,6915371,Plot
C1816,Daniel Murray,Coimbatore,5099503,7008544,Plot
C1817,Dortha Boyd,Coimbatore,5800838,9446796,Plot
C1818,David Parnell,Coimbatore,4747466,8154556,Plot
C1819,Mellisa Mcqueen,Coimbatore,5956010,7747984,Plot
C1820,Kenneth Harris,Coimbatore,4766389,7239091,Plot
C1821,James Delossantos,Coimbatore,5907884,8537228,Plot
C1822,Melody Thomas,Coimbatore,5145072,7577126,Plot
C1823,Adrienne Miller,Coimbatore,5199611,7553992,Plot
C1824,Willie Ralph,Coimbatore,5585396,8760057,Plot
C1825,Leslie Krueger,Coimbatore,4513933,9044963,Plot
C1826,Debra Pickett,Coimbatore,5522293,9063936,Plot
C1827,Larry Palka,Coimbatore,4685885,6498975,Plot
C1828,Julia Robinson,Coimbatore,5991242,8901499,Plot
C1829,Karen Rodriquez,Coimbatore,5260393,8926032,Plot
C1830,Elmo Giffin,Coimbatore,5432601,8890570,Plot
C1831,Patrick Munger,Coimbatore,5563461,8166068,Plot
C1832,Jerry Barnes,Coimbatore,5206335,7073284,Plot
C1833,Gary Leon,Coimbatore,5716967,7311128,Plot
C1834,Tawana Hernandez,Coimbatore,5710679,8957734,Plot
C1835,Josephine Vang,Coimbatore,5998788,9000156,Plot
C1836,Barbara Wilson,Coimbatore,4986228,6380641,Plot
C1837,David Baur,Coimbatore,5801833,6732920,Plot
C1838,Patrick Orton,Coimbatore,4856099,8178188,Plot
C1839,Andrew Gregory,Coimbatore,5529649,6738526,Plot
C1840,Marsha Matson,Coimbatore,5102781,7779979,Plot
C1841,Anna Rousselle,Coimbatore,4934905,6566837,Plot
C1842,Gretchen Asquith,Coimbatore,5869220,9131822,Plot
C1843,Pamela Carpenter,Coimbatore,5960300,8834588,Plot
C1844,Matthew Aaron,Coimbatore,4797058,6841230,Plot
C1845,Suzanne Crouch,Coimbatore,5838766,7621874,Plot
C1846,Mary Hess,Coimbatore,5268283,6200082,Plot
C1847,David Smith,Coimbatore,5796074,7066439,Plot
C1848,Lavern Sterling,Coimbatore,5971057,7800111,Plot
C1849,Sheri Johnston,Coimbatore,4818012,6775525,Plot
C1850,Margaret Olson,Coimbatore,5817367,7393403,Plot
C1851,Willie Glowacky,Coimbatore,5396548,7060182,Plot
C1852,Charla Silva,Coimbatore,5969803,6395893,Plot
C1853,Ann Trapani,Coimbatore,5407258,7413575,Plot
C1854,Ruth Westbrook,Coimbatore,4769416,9198458,Plot
C1855,Jane Robertson,Coimbatore,5327538,7759027,Plot
C1856,Arthur Erickson,Coimbatore,5236328,9100053,Plot
C1857,Alice Perez,Coimbatore,4705889,8327874,Plot
C1858,William Jones,Coimbatore,5458105,9340586,Plot
C1859,Adrienne Sanchez,Coimbatore,5810835,8816847,Plot
C1860,Leonard Delmoro,Coimbatore,5919170,8742769,Plot
C1861,George Begley,Coimbatore,4601775,6364901,Plot
C1862,Anne Anders,Coimbatore,5709785,7926555,Plot
C1863,Margo Hunter,Coimbatore,5047182,9308671,Plot
C1864,William Newsome,Coimbatore,4634832,8225626,Plot
C1865,Katherine Hardy,Coimbatore,4548093,7477435,Plot
C1866,Irene Swain,Coimbatore,5486766,9399731,Plot
C1867,Jeremy Trout,Coimbatore,5926919,6620116,Plot
C1868,David Ferrell,Coimbatore,4518044,8983493,Plot
C1869,Lee Williams,Coimbatore,4516301,8602463,Plot
C1870,Donald Viruet,Coimbatore,5869592,6595768,Plot
C1871,Thomas Weber,Coimbatore,5814840,8215054,Plot
C1872,Dawn Horton,Coimbatore,4743927,9324362,Plot
C1873,Heather Kieff,Coimbatore,4651105,8661781,Plot
C1874,Anthony Inks,Coimbatore,4850092,9279261,Plot
C1875,Donald Rosiles,Coimbatore,5252068,7929425,Plot
C1876,Candi Rivas,Coimbatore,5215347,8976191,Plot
C1877,Essie Powell,Coimbatore,4925872,8955838,Plot
C1878,Melissa Mash,Coimbatore,4893911,8144615,Plot
C1879,Betty Freeman,Coimbatore,4696012,8376033,Plot
C1880,Roderick Clark,Coimbatore,5505111,6929367,Plot
C1881,Gail Hall,Coimbatore,4842244,7329560,Plot
C1882,Alex Wall,Coimbatore,4946618,7786893,Plot
C1883,Dorothy Gifford,Coimbatore,4876704,8181109,Plot
C1884,Alma Anson,Coimbatore,5895105,9111124,Plot
C1885,Barbara Collins,Coimbatore,4528267,8278278,Plot
C1886,Joseph Quintanar,Coimbatore,5569008,6931311,Plot
C1887,Carolyn Larzazs,Coimbatore,5353209,7018300,Plot
C1888,Anthony Sylvester,Coimbatore,5522656,9435988,Plot
C1889,Elizabeth Dean,Coimbatore,4532957,8770640,Plot
C1890,Bernard Baugh,Coimbatore,4985419,6770933,Plot
C1891,David Burkle,Coimbatore,5972769,8133495,Plot
C1892,Jose Hewitt,Coimbatore,5560602,8397482,Plot
C1893,Maurice Parr,Coimbatore,5258901,6266702,Plot
C1894,Manuel Macchia,Coimbatore,5470963,8939642,Plot
C1895,Thomas Jones,Coimbatore,5228647,8578978,Plot
C1896,William Campbell,Coimbatore,4900211,7146649,Plot
C1897,Cora Mahler,Coimbatore,5386540,8542132,Plot
C1898,Julie Metzner,Coimbatore,5209144,8202022,Plot
C1899,Claudia Sanchez,Coimbatore,5936553,6997301,Plot
C1900,Amy Newton,Coimbatore,5412401,8197069,Plot
C1901,Jessie Sondrini,Coimbatore,4688278,7986430,Plot
C1902,Stacy Noto,Coimbatore,5884387,6200217,Plot
C1903,Emilia Roberson,Coimbatore,4524632,6487943,Plot
C1904,Samantha Bronson,Coimbatore,5811416,7373765,Plot
C1905,Dorothy Hinds,Coimbatore,5050936,7544485,Plot
C1906,Bobby Hobson,Coimbatore,5994383,8880555,Plot
C1907,Stephanie Parnell,Coimbatore,5987323,7220276,Plot
C1908,Cindy Ventura,Coimbatore,5498490,6656700,Plot
C1909,Brian Bruce,Coimbatore,4788754,7774999,Plot
C1910,Michael Abreu,Coimbatore,5088285,7687397,Plot
C1911,Bruce Jimenez,Coimbatore,4688181,7737600,Plot
C1912,Mary Adkins,Coimbatore,5700125,9207692,Plot
C1913,Gina Applebee,Coimbatore,5523407,6535720,Plot
C1914,Benjamin Knox,Coimbatore,5874535,6821415,Plot
C1915,Carmen Elmore,Coimbatore,5403253,8747199,Plot
C1916,Darlene Reimold,Coimbatore,4726616,6473533,Plot
C1917,George Rogers,Coimbatore,5207085,8625214,Plot
C1918,Christian Cash,Coimbatore,4562563,7959441,Plot
C1919,Christopher Ford,Coimbatore,4683273,6351481,Plot
C1920,Mark Taylor,Coimbatore,5791784,9367906,Plot
C1921,Rebecca Overturf,Coimbatore,4982166,8053586,Plot
C1922,Judy Mcclurkin,Coimbatore,5106850,7199874,Plot
C1923,Richard Miller,Coimbatore,5790828,6935572,Plot
C1924,Jason Borchardt,Coimbatore,4873182,6566397,Plot
C1925,Cathy Hoffman,Coimbatore,4555650,6237133,Plot
C1926,Henry Gallegos,Coimbatore,4914578,8353133,Plot
C1927,Kathryn Watson,Coimbatore,4555152,6476930,Plot
C1928,Alfred Schmidt,Coimbatore,4953677,8063743,Plot
C1929,Kris Kennedy,Coimbatore,5651284,8471621,Plot
C1930,Jane Anschutz,Coimbatore,5618923,8552326,Plot
C1931,John Garcia,Coimbatore,4629716,6681793,Apartment
C1932,Anne Sweeney,Coimbatore,4500460,7032439,Apartment
C1933,Tom Fields,Coimbatore,5190050,6640000,Apartment
C1934,Bobby Niles,Coimbatore,5937470,6453204,Apartment
C1935,Timothy Howard,Coimbatore,5763382,7135740,Apartment
C1936,Tracy Moyes,Coimbatore,4510200,8608623,Apartment
C1937,Erika Lembke,Coimbatore,5254596,7062839,Apartment
C1938,Abel Tucker,Coimbatore,5518269,7921104,Apartment
C1939,Albert Bundy,Coimbatore,5227556,6853135,Apartment
C1940,Jose Spears,Coimbatore,5033452,8230886,Apartment
C1941,Barbara Sheehan,Coimbatore,5106978,9050762,Apartment
C1942,Tiffany Swain,Coimbatore,4842941,6413657,Apartment
C1943,Adam Cheney,Coimbatore,5419628,8012669,Apartment
C1944,Sara Simson,Coimbatore,5340794,6896406,Apartment
C1945,Amy Smith,Coimbatore,4766708,6332758,Apartment
C1946,Cliff Elliott,Coimbatore,4686077,6669199,Apartment
C1947,Chris Parsons,Coimbatore,5146645,9182569,Apartment
C1948,Jaime Wright,Coimbatore,5715369,7529192,Apartment
C1949,Melissa Jones,Coimbatore,5783207,6420589,Apartment
C1950,William Bickerstaff,Coimbatore,5067234,8437621,Apartment
C1951,James Hawkins,Coimbatore,4626396,8254525,Apartment
C1952,Janice Cade,Coimbatore,5915191,8003680,Apartment
C1953,Kent Samaroo,Coimbatore,5113990,7252304,Apartment
C1954,James Williams,Coimbatore,4717520,7255734,Apartment
C1955,Ruth Mcmorris,Coimbatore,4635872,7557477,Apartment
C1956,Cecilia Moeller,Coimbatore,5413899,7488719,Apartment
C1957,Keith Ford,Coimbatore,5695497,7858531,Apartment
C1958,Meredith Zarek,Coimbatore,5404227,9321096,Apartment
C1959,Micheal Tookes,Coimbatore,5563889,6403219,Apartment
C1960,Bernetta Holloway,Coimbatore,4706122,8260504,Apartment
C1961,Vickie Jackson,Coimbatore,5773920,7710204,Apartment
C1962,Charles Soule,Coimbatore,4661821,7420947,Apartment
C1963,Eugene Torrey,Coimbatore,5849793,7011571,Apartment
C1964,Scott Smolik,Coimbatore,5653172,6610491,Apartment
C1965,Martin Castro,Coimbatore,5374590,8393288,Apartment
C1966,Lori Brown,Coimbatore,5921787,8951303,Apartment
C1967,Jose Hart,Coimbatore,5416482,7768259,Apartment
C1968,Fritz Wall,Coimbatore,4900971,6997374,Apartment
C1969,Gustavo Whyte,Coimbatore,4758957,6639926,Apartment
C1970,Patricia Heffner,Coimbatore,5070985,8324243,Apartment
C1971,Mary Flores,Coimbatore,5560434,8523868,Apartment
C1972,Jane Salas,Coimbatore,5045240,7601954,Apartment
C1973,Judy Cruz,Coimbatore,5808931,6985788,Apartment
C1974,Antonio Hillman,Coimbatore,4928391,6944481,Apartment
C1975,Sandra Shimer,Coimbatore,5144840,7061418,Apartment
C1976,Katheryn Jones,Coimbatore,5747543,9310662,Apartment
C1977,Dean Mclean,Coimbatore,5634310,8415779,Apartment
C1978,Allison Gardner,Coimbatore,5860671,6778189,Apartment
C1979,Judith Mcdaniel,Coimbatore,5878779,8511494,Apartment
C1980,Patrice Whitfill,Coimbatore,5998374,7452067,Apartment
C1981,Kassie Hood,Coimbatore,5756771,6545356,Apartment
C1982,Kevin Torelli,Coimbatore,4932584,8268421,Apartment
C1983,Elizabeth Burdette,Coimbatore,5254146,6613271,Apartment
C1984,Jose Carter,Coimbatore,5506778,8540081,Apartment
C1985,Aaron Chaney,Coimbatore,5587864,9152124,Apartment
C1986,Francine Watson,Coimbatore,5500238,9252770,Apartment
C1987,James Kiani,Coimbatore,5566005,6846552,Apartment
C1988,Sharon Johannes,Coimbatore,5141137,6793951,Apartment
C1989,Stanley Carlucci,Coimbatore,4802384,8740479,Apartment
C1990,Arthur Goard,Coimbatore,4509038,7405448,Apartment
C1991,Antwan Sisk,Coimbatore,5059917,7248084,Apartment
C1992,Ruby White,Coimbatore,4953515,6345704,Apartment
C1993,Geneva Banks,Coimbatore,5514202,9462532,Apartment
C1994,Else Douglas,Coimbatore,5805970,6449115,Apartment
C1995,Richard Gilchrest,Coimbatore,4846415,7705114,Apartment
C1996,Lori Lackey,Coimbatore,5465894,6925913,Apartment
C1997,Eva Calvillo,Coimbatore,4937387,8051144,Apartment
C1998,Darryl Langley,Coimbatore,5164330,8744639,Apartment
C1999,Heriberto Rodriguez,Coimbatore,5931712,7687702,Apartment
C2000,Shalanda Mashaw,Coimbatore,5577395,6561408,Apartment
C2001,Dorothy Pohl,Coimbatore,5073259,6606979,Apartment
C2002,Amber Burns,Coimbatore,4722072,6821378,Apartment
C2003,Candace Griffith,Coimbatore,5321524,7544004,Apartment
C2004,Dennis Maynard,Coimbatore,5810619,8247925,Apartment
C2005,Anthony Piazza,Coimbatore,5621074,8011778,Apartment
C2006,Antonio Vaughn,Coimbatore,4507541,9027833,Apartment
C2007,Thomas Baron,Coimbatore,5408076,8325263,Apartment
C2008,Arthur Presley,Coimbatore,5659666,6858798,Apartment
C2009,Charles Tavares,Coimbatore,4901597,6838427,Apartment
C2010,Fred Matney,Coimbatore,4937666,7288832,Apartment
C2011,Julie Pulliam,Coimbatore,5603319,9320098,Apartment
C2012,Margaret Antonio,Coimbatore,5787902,8580295,Apartment
C2013,Jose Scarborough,Coimbatore,5006313,6949817,Apartment
C2014,Caroline Patterson,Coimbatore,5512529,8480659,Apartment
C2015,Diane Bender,Coimbatore,5144622,7327792,Apartment
C2016,Vivian Boulanger,Coimbatore,4886185,8888171,Apartment
C2017,Alfred Brooks,Coimbatore,5978917,8867695,Apartment
C2018,Colleen Stringfellow,Coimbatore,5869841,7245906,Apartment
C2019,Jean Kendall,Coimbatore,5335119,8284946,Apartment
C2020,Karen Harmon,Coimbatore,5488801,7371387,Apartment
C2021,Constance Martin,Coimbatore,4692583,6626375,Apartment
C2022,April Mccurren,Coimbatore,4603847,8212077,Apartment
C2023,Richard Kennedy,Coimbatore,5239775,6370302,Apartment
C2024,Christy Chadwell,Coimbatore,5871682,7328807,Apartment
C2025,Eva Bonelli,Coimbatore,5595070,6647718,Apartment
C2026,Brian Whitaker,Coimbatore,5962482,9449671,Apartment
C2027,Gerald Boe,Coimbatore,5594005,8419057,Apartment
C2028,Trish Duncan,Coimbatore,4505456,8708234,Apartment
C2029,Sara Martinez,Coimbatore,5191325,7179490,Apartment
C2030,Fletcher Yerkey,Coimbatore,4882926,6532370,Apartment
C2031,James Hayward,Coimbatore,5812110,8880763,Apartment
C2032,Rick Lomboy,Coimbatore,4593629,6622359,Apartment
C2033,Angela Rife,Coimbatore,4898138,8043422,Apartment
C2034,Louise Gonzales,Coimbatore,5972048,7488763,Apartment
C2035,William Monroe,Coimbatore,5114617,8267928,Apartment
C2036,Alice Nelson,Coimbatore,5844421,6771116,Apartment
C2037,Arlena Acosta,Coimbatore,5362533,8767021,Apartment
C2038,James Sullens,Coimbatore,4697072,8573511,Apartment
C2039,Richard Buck,Coimbatore,4584739,6494958,Apartment
C2040,Michael Cookerly,Coimbatore,5988704,8862315,Apartment
C2041,Anthony Rohr,Coimbatore,5271795,8490839,Apartment
C2042,Jose Mach,Coimbatore,4780879,8721574,Apartment
C2043,Royce Bachelor,Coimbatore,5387933,8971526,Apartment
C2044,Margaret Hanson,Coimbatore,5830922,8565267,Apartment
C2045,Lyda Menchaca,Coimbatore,4611801,6898229,Apartment
C2046,Beulah James,Coimbatore,4813650,7407601,Apartment
C2047,Leanna Waller,Coimbatore,5431372,7381510,Apartment
C2048,Joseph Mcguire,Coimbatore,4554388,7708212,Apartment
C2049,Oralia Monton,Coimbatore,5826209,7209043,Apartment
C2050,Edna Cagle,Coimbatore,5918380,6371703,Apartment
C2051,Stephanie Thacher,Trichy,5952584,7126803,Apartment
C2052,Ernest Holland,Trichy,4837440,7502599,Apartment
C2053,Michael Chavez,Trichy,5777555,8670972,Apartment
C2054,Kasey Isom,Trichy,4685547,7982724,Apartment
C2055,Margaret Patel,Trichy,5316510,7387499,Apartment
C2056,Jason Allen,Trichy,4505487,8653774,Apartment
C2057,Jose Henry,Trichy,5898356,7475590,Apartment
C2058,Jimmy Brown,Trichy,5190813,7111248,Apartment
C2059,Lena Weber,Trichy,5664061,9220919,Apartment
C2060,Everett Lemus,Trichy,5424302,6875441,Apartment
C2061,Michael Barnes,Trichy,5028245,7280324,Apartment
C2062,Manuel Coleman,Trichy,5725030,6817099,Apartment
C2063,Jacqueline Pacheco,Trichy,5018151,8150225,Apartment
C2064,Guillermina Faison,Trichy,5369811,8108876,Apartment
C2065,Bobbi Wilkins,Trichy,5431516,6248846,Apartment
C2066,Lawrence Campbell,Trichy,5731191,7669218,Apartment
C2067,Rose Reed,Trichy,5061063,9127537,Apartment
C2068,Norma Snipes,Trichy,5599946,7296965,Apartment
C2069,James Chambley,Trichy,5816831,6366701,Apartment
C2070,Georgia Stoops,Trichy,5301730,7535663,Apartment
C2071,Nikki Randall,Trichy,5085398,6653910,Apartment
C2072,James Gibson,Trichy,4938328,7924256,Apartment
C2073,Evelyn Williamson,Trichy,4953977,8549681,Apartment
C2074,Leslie Fortin,Trichy,5404093,6903275,Apartment
C2075,Amanda Bingler,Trichy,5667996,7986453,Apartment
C2076,Jimmy Rosales,Trichy,5160035,8447733,Apartment
C2077,William Hubbard,Trichy,4900769,9358323,Apartment
C2078,Luise Cook,Trichy,5811413,8312513,Apartment
C2079,John Heath,Trichy,4513170,6807018,Apartment
C2080,Joshua Westbrook,Trichy,4653869,6963214,Apartment
C2081,Raymond Potter,Trichy,5113339,7627708,Apartment
C2082,Donald Phillips,Trichy,5283218,6882493,Apartment
C2083,John Powers,Trichy,4981210,9291814,Apartment
C2084,Donald Horn,Trichy,5927049,8750626,Apartment
C2085,Mary Lynch,Trichy,4827017,7142757,Apartment
C2086,Steven Gilman,Trichy,4779316,8008997,Apartment
C2087,Edward Luciano,Trichy,4828333,7063189,Apartment
C2088,Amanda Molina,Trichy,4550524,7943674,Apartment
C2089,William Jensen,Trichy,5766275,7830773,Apartment
C2090,Albert Barefield,Trichy,5758193,7206168,Apartment
C2091,Nancy Tieng,Trichy,5267723,9391483,Apartment
C2092,John Ansel,Trichy,5285774,9391335,Apartment
C2093,Curtis Summerville,Trichy,5163495,8227324,Apartment
C2094,Letha Davidson,Trichy,5645494,6564366,Apartment
C2095,Michael Case,Trichy,5031368,6748827,Apartment
C2096,Marion Long,Trichy,5914231,7812649,Apartment
C2097,Laura Armstrong,Trichy,4570294,7393836,Apartment
C2098,Emily Osborn,Trichy,5531772,9117188,Apartment
C2099,Norman Gertz,Trichy,5699006,6299692,Apartment
C2100,Ada Hoisington,Trichy,5282088,6544789,Apartment
C2101,Patsy Benton,Trichy,4515721,9402855,Apartment
C2102,Peggy Timmons,Trichy,4689981,9034049,Apartment
C2103,Paula Neal,Trichy,4955940,7934294,Apartment
C2104,John Loveless,Trichy,5873793,9325409,Apartment
C2105,Leslie Vincent,Trichy,5029850,7934350,Apartment
C2106,Werner Youngs,Trichy,5766823,7904901,Apartment
C2107,Rebecca Richards,Trichy,5131980,6217587,Apartment
C2108,Melody Bapties,Trichy,5874100,7173302,Apartment
C2109,James Jarrett,Trichy,5136773,8946047,Apartment
C2110,Charles Neihart,Trichy,5811561,8476306,Apartment
C2111,Nancy Caldwell,Trichy,5187860,8929201,Apartment
C2112,Robert Hicks,Trichy,5595144,8643625,Apartment
C2113,Jennifer Larkin,Trichy,5168037,8168340,Apartment
C2114,Florence Pierce,Trichy,5676681,7321666,Apartment
C2115,Mary Wold,Trichy,5798832,7910533,Apartment
C2116,Ira Borges,Trichy,5799523,9233427,Apartment
C2117,Sandra Lee,Trichy,4560378,7334067,Apartment
C2118,Dan Vaughn,Trichy,5676900,7923436,Apartment
C2119,Howard Baker,Trichy,5688965,8167710,Apartment
C2120,Roy Moore,Trichy,4898664,7361838,Apartment
C2121,Agnes Gilmore,Trichy,5146914,9299869,Villa
C2122,Rodney Finney,Trichy,5133762,6784774,Villa
C2123,Kevin Jackson,Trichy,4998506,8883702,Villa
C2124,Keith Williams,Trichy,5669674,7324448,Villa
C2125,Linda Marrow,Trichy,5181788,7408994,Villa
C2126,Shaun Crow,Trichy,5218045,9491202,Villa
C2127,Faye Lanier,Trichy,4509752,8074373,Villa
C2128,James Cower,Trichy,5816687,6861951,Villa
C2129,Jose Desorcy,Trichy,5457612,8123227,Villa
C2130,Gordon Freer,Trichy,4766426,8191506,Villa
C2131,Peggy Miller,Trichy,5216440,8673190,Villa
C2132,Joseph Wiley,Trichy,4986379,6813403,Villa
C2133,Craig Booth,Trichy,5783077,8106698,Villa
C2134,Connie Kennedy,Trichy,4950456,8905817,Villa
C2135,George Wyant,Trichy,5443426,7123898,Villa
C2136,Gloria Foreman,Trichy,5722444,8513163,Villa
C2137,Angela Spiess,Trichy,5582346,6544935,Villa
C2138,Calvin Oconnell,Trichy,5698454,8021208,Villa
C2139,Albert Hill,Trichy,4864115,8512108,Villa
C2140,Reginald Johnson,Trichy,5853016,8815179,Villa
C2141,Sonya Buckman,Trichy,5098227,9405975,Villa
C2142,Karen Lee,Trichy,4973011,6929263,Villa
C2143,Ana Guzman,Trichy,5448579,8669858,Villa
C2144,Arthur Bird,Trichy,5460071,7445261,Villa
C2145,Lowell Willis,Trichy,5680529,7970061,Villa
C2146,Christopher Harris,Trichy,5507711,8257068,Villa
C2147,Vanessa Orielly,Trichy,5919342,7647602,Villa
C2148,Nicole Peterson,Trichy,5273277,8845893,Villa
C2149,Denise Ohara,Trichy,5583414,8714100,Villa
C2150,Benito Bingham,Trichy,5863335,7109413,Villa
C2151,Lillie Balasco,Trichy,5159815,6665499,Villa
C2152,Jonas Short,Trichy,5920378,8617984,Villa
C2153,Thomas Wight,Trichy,4951646,7875036,Villa
C2154,Doris Moore,Trichy,4517058,6833562,Villa
C2155,Sarita Blount,Trichy,4946835,8449267,Villa
C2156,Bernice Faulkner,Trichy,5983004,7912537,Villa
C2157,Willard Shell,Trichy,5574342,8052871,Villa
C2158,Judith Harris,Trichy,5184655,8249964,Villa
C2159,Greta Ritter,Trichy,5414062,9382373,Villa
C2160,Joseph Phaneuf,Trichy,4979099,8358443,Villa
C2161,Josephine Palm,Trichy,4661027,7701765,Villa
C2162,Pamela Hawes,Trichy,5517937,9377028,Villa
C2163,Robert Bullock,Trichy,5309463,7846220,Villa
C2164,Keri Kral,Trichy,5634610,7722846,Villa
C2165,John Silva,Trichy,5226337,8222767,Villa
C2166,Herman Pardo,Trichy,5354577,9354390,Villa
C2167,Calvin Duncan,Trichy,5509514,6531695,Villa
C2168,Shirley Balch,Trichy,5720547,6465777,Villa
C2169,Robert Tardiff,Trichy,5627654,8996318,Villa
C2170,Salvador Williams,Trichy,5779562,7023715,Villa
C2171,David Allen,Trichy,4969146,8058776,Villa
C2172,Anne Wilson,Trichy,4694707,6950451,Villa
C2173,Kristen Aaron,Trichy,5293493,8317717,Villa
C2174,Karen Lones,Trichy,5695179,6566079,Villa
C2175,Edward Donnelly,Trichy,5212928,7297106,Villa
C2176,Lucy Campion,Trichy,4543265,6593619,Villa
C2177,Ronald Hutchinson,Trichy,4915683,6859405,Villa
C2178,Michael Legrand,Trichy,5416641,8342905,Villa
C2179,Wayne Rock,Trichy,5516761,7266329,Commercial
C2180,Joseph Mayes,Trichy,5704261,8980989,Commercial
C2181,Sylvia Steichen,Trichy,5112125,6722080,Commercial
C2182,Daniel Holzman,Trichy,5757450,8616863,Commercial
C2183,Betty Howard,Trichy,5621415,8734617,Commercial
C2184,Katherine Lutz,Trichy,4922432,8142393,Commercial
C2185,Eric Barrick,Trichy,5043989,7275266,Commercial
C2186,Marcia Russell,Trichy,5622812,6611939,Commercial
C2187,Winnie Hoyman,Trichy,5144480,6589272,Commercial
C2188,Joan Hinojosa,Trichy,4711036,8113653,Commercial
C2189,Kendall Pennington,Trichy,5561434,8557379,Commercial
C2190,Joseph Christopher,Trichy,4837447,8307422,Commercial
C2191,Thomas Freeman,Trichy,4677351,8259915,Commercial
C2192,Jana Clark,Trichy,5263089,7346805,Commercial
C2193,Gerald Daniels,Trichy,5599769,6830957,Commercial
C2194,Dorothy Crawford,Trichy,4632522,6676645,Commercial
C2195,Eric Waite,Trichy,5459333,6611566,Commercial
C2196,Daniel Evans,Trichy,5818522,8359279,Commercial
C2197,Magdalena Mills,Trichy,5706582,9261904,Commercial
C2198,James Mihaly,Trichy,5249909,8995516,Commercial
C2199,Eufemia Plante,Trichy,5651443,7442757,Commercial
C2200,Fermin Larue,Trichy,4731823,6983253,Commercial
C2201,Kerri Rodriguez,Trichy,4696975,6898483,Commercial
C2202,Richard Bassi,Trichy,5613312,8924282,Commercial
C2203,Richard Donnelly,Trichy,4551370,8844057,Commercial
C2204,Martin Johnson,Trichy,5754679,8811395,Commercial
C2205,Paula Maclean,Trichy,5167012,8811565,Commercial
C2206,Maryellen Thompson,Trichy,5350846,7207942,Commercial
C2207,Florence Hunter,Trichy,5293356,8687279,Commercial
C2208,Stephen Cabrera,Trichy,4843059,6435060,Commercial
C2209,Lura Oshea,Trichy,4520181,8066145,Commercial
C2210,Patricia Johnson,Trichy,5278900,7485601,Commercial
C2211,Tracy Edwards,Trichy,5987751,6241737,Commercial
C2212,Michelle Hudson,Trichy,5559326,6208178,Commercial
C2213,Jeffrey Holden,Trichy,5432640,9108830,Commercial
C2214,Michael Parker,Trichy,4837292,6341174,Commercial
C2215,Robert Woodlin,Trichy,4979994,8946017,Commercial
C2216,William Johnson,Trichy,5045541,9020682,Commercial
C2217,Andre Thomas,Trichy,4929441,6758219,Commercial
C2218,Mary Forcier,Trichy,5041621,8067583,Commercial
C2219,Julianne Rosenberg,Trichy,4599827,6911709,Commercial
C2220,Stephen Bernice,Trichy,4579310,6724101,Commercial
C2221,Annie Green,Trichy,5030141,9100779,Commercial
C2222,John Liddy,Trichy,4820362,6604172,Commercial
C2223,Frank Baker,Trichy,5456375,7652088,Commercial
C2224,Alex Thomas,Trichy,5509231,8748981,Commercial
C2225,Carrie George,Trichy,5113390,9275523,Commercial
C2226,Joshua Murdock,Trichy,5270234,7371415,Commercial
C2227,Diane Ricard,Trichy,5836925,7788974,Commercial
C2228,Christopher Janski,Trichy,5022658,6656029,Commercial
C2229,Nicole Davis,Trichy,5659481,7709369,Commercial
C2230,John Hernandez,Trichy,5179170,7787568,Commercial
C2231,Ashley Lara,Trichy,5596648,6624312,Commercial
C2232,Cheryl Norris,Trichy,5931482,7164167,Commercial
C2233,Victor Colflesh,Trichy,5815226,6579433,Commercial
C2234,Sandra Tierney,Trichy,4574165,8727667,Commercial
C2235,Elizabeth Ballance,Trichy,4948927,8181146,Commercial
C2236,Lyle Stricklin,Trichy,5172714,7576317,Commercial
C2237,Robert Plunkett,Trichy,5469570,8854387,Commercial
C2238,Bettina Ross,Trichy,4532408,8701831,Commercial
C2239,Henry Layland,Trichy,5290746,7670427,Commercial
C2240,Mary Jacquez,Trichy,5439180,8341820,Commercial
C2241,Michael Benson,Trichy,5358323,6372264,Commercial
C2242,Michael Sevilla,Trichy,4538196,8312600,Commercial
C2243,Donna Hoskins,Trichy,4680715,7945696,Commercial
C2244,Lillian Windmeyer,Trichy,5217672,6846923,Commercial
C2245,Phillip Scott,Trichy,5675860,7154209,Commercial
C2246,Delores Hale,Trichy,5964025,7449062,Commercial
C2247,Julie Hickman,Trichy,4832381,7355625,Commercial
C2248,Bryce Brown,Trichy,5002401,7120606,Commercial
C2249,Mary Seidell,Trichy,5307774,7154354,Commercial
C2250,Patricia Williams,Trichy,5335702,8393191,Commercial
C2251,Tami Burr,Trichy,4760396,7325966,Commercial
C2252,Rita Eckerson,Trichy,5227585,7214755,Commercial
C2253,John King,Trichy,5157587,9057185,Commercial
C2254,Joan Brown,Trichy,5031713,6869728,Commercial
C2255,Selene Bueche,Trichy,5901039,6780208,Commercial
C2256,Mark Campos,Trichy,4911310,7934665,Commercial
C2257,Yolanda Gonzalez,Trichy,5752648,8567978,Commercial
C2258,Robert Gold,Trichy,4655205,8009787,Commercial
C2259,Lewis Zapata,Trichy,5885302,6860676,Commercial
C2260,Tiffany Mccune,Trichy,5580327,8294445,Commercial
C2261,Kevin Harriott,Trichy,5170339,8045791,Commercial
C2262,Jessica Pomerleau,Trichy,5313668,8873370,Commercial
C2263,Sylvia Reynolds,Trichy,5117801,6271491,Commercial
C2264,Alexandra Rosado,Trichy,4502411,9220811,Commercial
C2265,Chris Zimmer,Trichy,5427530,7176990,Commercial
C2266,Mariam Metz,Trichy,4829957,8228577,Commercial
C2267,Peter Cuthbert,Trichy,5320189,7109564,Commercial
C2268,Mark Solomon,Trichy,5004539,7157523,Commercial
C2269,Ruby Placide,Trichy,5123164,6580103,Commercial
C2270,Richard Soriano,Trichy,4678541,8218741,Commercial
C2271,Robert Rodriguez,Trichy,4818750,7361661,Commercial
C2272,Thomas Daddario,Trichy,5532378,8702655,Commercial
C2273,Gary Smith,Trichy,5853644,9137452,Commercial
C2274,Edith Ferrell,Trichy,5371452,8961014,Commercial
C2275,Jennifer Stassinos,Trichy,5874797,9353528,Commercial
C2276,Ralph Forbes,Trichy,5078404,7505115,Commercial
C2277,William Wade,Trichy,5700448,6442797,Commercial
C2278,Alfreda Cordero,Trichy,4973884,7700715,Commercial
C2279,Edward Lillpop,Trichy,4617398,8591760,Commercial
C2280,Susan Martinez,Trichy,4503814,6215290,Commercial
C2281,Florence Platt,Trichy,5376487,8606414,Commercial
C2282,Loretta Fey,Trichy,4783579,9171552,Commercial
C2283,Ryan Wright,Trichy,4752391,7746925,Commercial
C2284,Carol Lytle,Trichy,4940880,7986041,Commercial
C2285,Gloria Noack,Trichy,5673075,6591568,Commercial
C2286,Ruth Newkirk,Trichy,4783874,9052075,Commercial
C2287,Olivia Burns,Trichy,5644172,8218960,Commercial
C2288,Michael Bisson,Trichy,5896667,9289159,Commercial
C2289,David Smartt,Trichy,5013640,6525535,Commercial
C2290,Maria Duncan,Trichy,4568007,8560896,Commercial
C2291,Anne Guerra,Trichy,5843862,6303614,Commercial
C2292,Kym Vines,Trichy,4992478,9020488,Commercial
C2293,Abel Thompson,Trichy,4727543,7164249,Commercial
C2294,Cheryl Stevens,Trichy,4816566,6819411,Commercial
C2295,Brian Cross,Trichy,4650540,7049271,Commercial
C2296,Jane Winburn,Trichy,5644605,9364869,Commercial
C2297,Sandra Finklea,Trichy,4756898,9015251,Commercial
C2298,Francis Zadow,Trichy,4613891,7445430,Commercial
C2299,Kasey Stark,Trichy,5222179,7469899,Commercial
C2300,Bernadette Peebles,Trichy,4631555,7269171,Commercial
C2301,Rena Perez,Trichy,4922984,7437783,Commercial
C2302,Albert Butcher,Trichy,4968024,7521502,Commercial
C2303,James Crowe,Trichy,5274950,8447765,Commercial
C2304,Marcus Sims,Trichy,5961404,7169860,Commercial
C2305,Homer Walls,Trichy,5358594,6291608,Commercial
C2306,Alfredo Hopkins,Trichy,5200259,7985929,Commercial
C2307,Amber Fouche,Trichy,5894519,7140746,Commercial
C2308,Aaron Hicks,Trichy,4964166,6691311,Commercial
C2309,Eugenia Lewis,Trichy,4856309,7071400,Commercial
C2310,Christopher Jones,Trichy,5375388,6831999,Commercial
C2311,Ashley Armstrong,Trichy,5699482,8691992,Commercial
C2312,Diego Chandler,Trichy,5149521,9025292,Commercial
C2313,James Hansen,Trichy,4938616,7524590,Commercial
C2314,Louise Grice,Trichy,5392087,7503440,Commercial
C2315,Andrea Washington,Trichy,4888137,7931569,Commercial
C2316,Kathleen Reeves,Trichy,5053986,7463314,Commercial
C2317,Terry Daugherty,Trichy,4895744,7986532,Commercial
C2318,Justin Golojuch,Trichy,4763330,8883797,Commercial
C2319,Larry Martin,Trichy,5711633,6930008,Commercial
C2320,Harry Grappe,Trichy,5133908,7302771,Commercial
C2321,Melvin Davis,Trichy,4995930,8860499,Commercial
C2322,Nathan Bruce,Trichy,5539190,7489076,Commercial
C2323,Janet Suarez,Trichy,5527869,6600911,Commercial
C2324,Catherine Voorhis,Trichy,4658587,7007760,Commercial
C2325,Anna Posadas,Trichy,5720294,7013839,Commercial
C2326,Michelle Brown,Trichy,5003080,8123932,Commercial
C2327,Michael Webb,Trichy,4536168,7022892,Commercial
C2328,Bryan Elliott,Trichy,5799267,6235023,Commercial
C2329,Lorraine Worthen,Trichy,4566384,9437455,Commercial
C2330,Linda Infantino,Trichy,5161594,7530261,Commercial
C2331,Nicholas Locklear,Trichy,5996241,7596420,Commercial
C2332,Jeffrey Gallegos,Trichy,5160884,9468249,Commercial
C2333,Frederick Romero,Trichy,5883993,8351953,Commercial
C2334,Danielle Barnett,Trichy,5467446,8081584,Commercial
C2335,Jonathon Combs,Trichy,5641987,7100315,Commercial
C2336,Greg Klatt,Trichy,5083224,8042891,Commercial
C2337,Edward Keck,Trichy,5842215,6962709,Commercial
C2338,Barry Clement,Trichy,5314210,8694497,Commercial
C2339,James Schwalbe,Trichy,5617208,8849191,Commercial
C2340,Megan Hickman,Trichy,4842003,7094016,Commercial
C2341,Elizabeth Forrester,Trichy,5744252,7911620,Commercial
C2342,Darlene Johnson,Trichy,4926739,9248245,Commercial
C2343,Rodney Dick,Trichy,5581349,9081933,Commercial
C2344,Doris George,Trichy,5033759,6468502,Commercial
C2345,Evelyn Shirah,Trichy,4586799,7810360,Commercial
C2346,Dorothy Yazzie,Trichy,4848531,7655366,Commercial
C2347,Linda Vanhoose,Trichy,5637659,7938981,Commercial
C2348,Edward Haddix,Trichy,4708204,7137128,Commercial
C2349,Eugenia Hernandez,Trichy,4797471,8898282,Commercial
C2350,Louise Vinson,Trichy,5408122,8131301,Commercial
C2351,Greg Piazza,Trichy,5014830,9255708,Farmhouse
C2352,Harold Coulter,Trichy,5109434,7790483,Plot
C2353,Wade Amann,Trichy,4583150,7084162,Villa
C2354,Michael Wright,Trichy,4562740,6337747,Apartment
C2355,Percy Beatty,Trichy,5774850,6306556,Commercial
C2356,Ricky Bruce,Trichy,5885780,6218487,Plot
C2357,Joshua Chapman,Trichy,5752427,7757028,Villa
C2358,Jim Holtzlander,Trichy,4999776,7127338,Apartment
C2359,Patsy Bradley,Trichy,5539699,7963622,Commercial
C2360,Danny Zamudio,Trichy,5662785,7605650,Plot
C2361,Helen Cissell,Trichy,5540487,7499338,Villa
C2362,Archie Wallace,Trichy,5602144,7578296,Apartment
C2363,Daniel Benedict,Trichy,4907673,6899634,Commercial
C2364,Wilbert Leer,Trichy,5589085,8280637,Plot
C2365,Gina Cole,Trichy,4724981,9272849,Villa
C2366,Marie Long,Trichy,5445115,8696936,Apartment
C2367,Robert Hunter,Trichy,5452102,8589446,Commercial
C2368,Sergio Pittsley,Trichy,5123271,8518312,Plot
C2369,Donald Graham,Trichy,4750455,6233030,Villa
C2370,Glenn Anderson,Trichy,5865402,6336776,Apartment
C2371,Frank Epperly,Trichy,5431535,8381434,Commercial
C2372,Joseph Sink,Trichy,5476581,9358068,Plot
C2373,Dolores Cummings,Trichy,5266376,7993579,Villa
C2374,Alvin Burgess,Trichy,5447941,7465476,Apartment
C2375,Brian Beveridge,Trichy,5527291,7700636,Commercial
C2376,Doris Bianchi,Trichy,5066120,6998632,Plot
C2377,Maud Winnie,Trichy,5057845,7341900,Villa
C2378,Darrell Montalto,Trichy,4671752,8662294,Apartment
C2379,Tamesha Avelar,Trichy,5290360,6445907,Commercial
C2380,Beverly Casey,Trichy,4831574,7923724,Plot
C2381,Lawrence Edwards,Trichy,5607145,8850902,Villa
C2382,Joseph Ford,Trichy,4880432,8887145,Apartment
C2383,Roberto Watson,Trichy,5617916,8156208,Commercial
C2384,George Go,Trichy,5403049,8624432,Plot
C2385,Dana Newton,Trichy,4752044,9396362,Villa
C2386,Carrie Friedlander,Trichy,5213383,7751194,Apartment
C2387,Bernadine Kinsella,Trichy,5544718,7362960,Commercial
C2388,Daniel Whisenant,Trichy,4986328,8086485,Plot
C2389,Jose Hood,Trichy,5934620,6565785,Villa
C2390,Beatrice Cogar,Trichy,5454447,9449110,Apartment
C2391,Keith Rhodes,Trichy,5604211,7481366,Commercial
C2392,Alice Nachtrieb,Trichy,5885795,7311776,Plot
C2393,Emanuel Maldonado,Trichy,5903279,8507966,Villa
C2394,James Davis,Trichy,4777910,6821932,Apartment
C2395,Patricia Pool,Trichy,5437336,8631595,Commercial
C2396,Loretta Sharp,Trichy,5453625,7535016,Plot
C2397,Frances Martins,Trichy,5465961,7578287,Villa
C2398,Grace Wolf,Trichy,5467286,7225159,Apartment
C2399,Carmen Sullivan,Trichy,4667148,6603511,Commercial
C2400,Christine Conley,Trichy,5672755,7182402,Plot
C2401,James Chapman,Trichy,5202985,7682429,Villa
C2402,Heather Franklin,Trichy,4758170,7655272,Apartment
C2403,Edward Jackson,Trichy,4855210,8597202,Commercial
C2404,Jessica Bell,Trichy,5209086,7106207,Plot
C2405,Lucius Macias,Trichy,4674412,7483293,Villa
C2406,Michael Roser,Trichy,5075621,8636649,Apartment
C2407,Harold Corbo,Trichy,5631920,8030676,Commercial
C2408,Crystal Kehres,Trichy,5118370,6653197,Plot
C2409,Clarence Guerra,Trichy,4967901,8898168,Villa
C2410,Darby Parrott,Trichy,4513825,7845117,Apartment
C2411,Keith Raines,Trichy,4739127,8303629,Commercial
C2412,Ryan Hronick,Trichy,5543417,6648821,Plot
C2413,Margaret Johnson,Trichy,5516966,8498501,Villa
C2414,Miguel Frasier,Trichy,4954372,6918785,Apartment
C2415,William Martin,Trichy,4907384,7843527,Commercial
C2416,Gary Ayala,Trichy,5700598,7084627,Plot
C2417,Linda Vigil,Trichy,4827650,7276119,Villa
C2418,Duncan Brown,Trichy,4718347,7824775,Apartment
C2419,Jeffrey Rutledge,Trichy,4553509,8203621,Commercial
C2420,Donna Beach,Trichy,5139670,7808652,Plot
C2421,Elizabeth Beckum,Trichy,5157224,6475590,Villa
C2422,Wendy Hassett,Trichy,5634643,6858005,Apartment
C2423,Lowell Begley,Trichy,4619274,9250465,Commercial
C2424,Toni Wilson,Trichy,4935116,9344762,Plot
C2425,Kyle Valdez,Trichy,5815395,8485445,Villa
C2426,Cathleen Williams,Trichy,4695519,8584044,Apartment
C2427,Bonny Harvey,Trichy,4689846,6429118,Commercial
C2428,Richard Roberts,Trichy,5951128,8325198,Plot
C2429,Juan Quintana,Trichy,5193350,8677813,Villa
C2430,Victor Buehler,Trichy,5727095,6560844,Apartment
C2431,Gaylene Stidham,Trichy,5857465,6568880,Commercial
C2432,Jeffrey Paletta,Trichy,5193403,7901638,Plot
C2433,Laura Porter,Trichy,4619698,7572569,Villa
C2434,Margot Spann,Trichy,5880855,9365033,Apartment
C2435,Keith Ash,Trichy,4512145,8841210,Commercial
C2436,Mark Dyches,Trichy,4672820,6808893,Plot
C2437,Sara Cirilo,Trichy,5111297,6449248,Villa
C2438,Kathryn Paschal,Trichy,4952384,9431667,Apartment
C2439,Kelly Nunamaker,Trichy,5874997,6828483,Commercial
C2440,Annette Robinson,Trichy,4505562,8034053,Plot
C2441,Clifford Andrade,Trichy,5242553,7247031,Villa
C2442,Bradley Walsh,Trichy,5739176,6388878,Apartment
C2443,Bryan Hawkins,Trichy,5699494,8879288,Commercial
C2444,Rick Lewis,Trichy,4893672,7036686,Plot
C2445,Holly Case,Trichy,5873163,8074324,Villa
C2446,William Mcguinness,Trichy,5569006,8867528,Apartment
C2447,Guadalupe Williams,Trichy,4557383,6827984,Commercial
C2448,Nicole Mize,Trichy,4897979,8682676,Plot
C2449,Rachel Barrett,Trichy,5106254,8530473,Villa
C2450,James Colletti,Trichy,4908206,8502712,Apartment
C2451,Brenda Pratt,Trichy,4692895,9398863,Commercial
C2452,Meredith Thomas,Trichy,5430869,6706453,Plot
C2453,Rebecca Steinharter,Trichy,4936978,7257691,Villa
C2454,Mildred Ohagan,Trichy,5368243,6661509,Apartment
C2455,James Lee,Trichy,5039351,7217471,Commercial
C2456,Betty Sanders,Trichy,4745674,8491264,Plot
C2457,George Hensley,Trichy,5048249,8542469,Villa
C2458,Ellen Hampton,Trichy,5461309,6601697,Apartment
C2459,John Montoya,Trichy,5667627,6640356,Commercial
C2460,John Hennon,Trichy,5749041,7154508,Plot
C2461,Brandon Keams,Trichy,5850004,7664639,Villa
C2462,Sharon Do,Trichy,4933411,6758090,Apartment
C2463,Louis Crossmon,Trichy,5956000,8906411,Commercial
C2464,Moshe Merrill,Trichy,5101499,8975653,Plot
C2465,James Carter,Trichy,5231259,7440346,Villa
C2466,Christina Pennington,Trichy,5388525,7665390,Apartment
C2467,Walter Fiske,Trichy,5033579,8641641,Commercial
C2468,Eric Krieg,Trichy,5992202,8690582,Plot
C2469,Robert East,Trichy,4930178,8806452,Villa
C2470,Craig Hamiel,Trichy,4844127,6358584,Apartment
C2471,Cynthia Smith,Trichy,4673985,8459935,Commercial
C2472,Veronica Freeman,Trichy,5339284,7176683,Plot
C2473,Dale Vasquez,Trichy,4852496,7064475,Villa
C2474,David Jumper,Trichy,4502950,6985412,Apartment
C2475,Carol Long,Trichy,5197992,8907790,Commercial
C2476,Anna Erickson,Trichy,5260386,9381036,Plot
C2477,Alvin Guthrie,Trichy,5096979,7727889,Villa
C2478,Angela Morgan,Trichy,4825832,7956749,Apartment
C2479,Mark Spangler,Trichy,5231227,7823761,Commercial
C2480,Bridget Suarez,Trichy,4699072,6254545,Plot
C2481,Lorraine Mckoy,Trichy,5365291,8220035,Villa
C2482,Christopher Huynh,Trichy,4750372,6927516,Apartment
C2483,John Ingram,Trichy,5838297,7689047,Commercial
C2484,Mary Lee,Trichy,4786084,7230572,Plot
C2485,Rickey Sheline,Trichy,5338669,7777357,Villa
C2486,Elizabeth Maldonado,Trichy,5691791,6345087,Apartment
C2487,Sonja Hinojosa,Trichy,4640573,7722881,Commercial
C2488,Jodi Fisher,Trichy,5499714,6594581,Plot
C2489,Justin Decker,Trichy,4725562,8979184,Villa
C2490,Jason Keil,Trichy,4668004,8776117,Apartment
C2491,Mark Henry,Trichy,4961855,6486807,Commercial
C2492,Nancy Faulk,Trichy,5013810,9102877,Plot
C2493,Ronald Weaver,Trichy,4906540,7523531,Villa
C2494,Gary Riggs,Trichy,4654403,8986664,Apartment
C2495,Paula Figueroa,Trichy,5096157,6961669,Commercial
C2496,Steven Chapman,Trichy,5083678,9098729,Plot
C2497,Raul Walker,Trichy,4920699,7656338,Villa
C2498,Stephanie Turner,Trichy,4925525,6513657,Apartment
C2499,Darren Jewett,Trichy,4704776,7993073,Commercial
C2500,Cory Taylor,Trichy,5385689,6976768,Plot
C2501,Lisa Zehner,Trichy,5326493,7547137,Villa
C2502,Debra Ray,Trichy,5506786,7654761,Apartment
C2503,Athena Davis,Trichy,5415643,8925253,Commercial
C2504,Jolene Specht,Trichy,4657751,9152936,Plot
C2505,Orville Nebergall,Trichy,4963083,8791497,Villa
C2506,Celia Johnson,Trichy,5156006,8996135,Apartment
C2507,James Houston,Trichy,5545495,8496807,Commercial
C2508,Craig Walker,Trichy,4591421,9420559,Plot
C2509,Claire Horton,Trichy,4527253,9175987,Villa
C2510,Charles Mitchell,Trichy,5329151,8183957,Apartment
C2511,Charles Hommel,Trichy,5094211,9264452,Commercial
C2512,Anthony Perez,Trichy,4697374,8135811,Plot
C2513,Monique Sartain,Trichy,4675728,7947354,Villa
C2514,Fredrick Moore,Trichy,4564420,9331884,Apartment
C2515,Salvador Williams,Trichy,5937986,9221933,Commercial
C2516,Franklyn Lahey,Trichy,5136388,7872316,Plot
C2517,Christopher Priddy,Trichy,5820898,9232987,Villa
C2518,Nicholas Morales,Trichy,4548715,7362519,Apartment
C2519,Scarlett Ives,Trichy,4656414,6230967,Commercial
C2520,Debbie Rodriguez,Trichy,4882224,8859618,Plot
C2521,April Matias,Bangalore,5601079,9490570,Villa
C2522,Donna Harvey,Bangalore,4577244,8537357,Apartment
C2523,Daniel Lowenstein,Bangalore,5966883,6613014,Commercial
C2524,David Nelson,Bangalore,5818672,7293818,Plot
C2525,Veronica Roper,Bangalore,4919913,6510308,Villa
C2526,Jonathan Hough,Bangalore,5524934,7269322,Apartment
C2527,Patrick Smith,Bangalore,5628871,6674614,Commercial
C2528,Jose Mencia,Bangalore,5853608,7940395,Plot
C2529,Eugene Barnes,Bangalore,5152044,9021932,Villa
C2530,Brian Wells,Bangalore,5799140,6255194,Apartment
C2531,Lincoln Weaver,Bangalore,4935593,8894253,Commercial
C2532,Kathy Thurber,Bangalore,4952369,8265717,Plot
C2533,Wayne Schmidt,Bangalore,5763510,7113873,Villa
C2534,John Shipman,Bangalore,4600083,8813606,Apartment
C2535,Karla Rone,Bangalore,4582380,6499586,Commercial
C2536,Ruby Alexander,Bangalore,5231633,7307129,Plot
C2537,Diane Hunter,Bangalore,5090596,8924642,Villa
C2538,Charles Franklin,Bangalore,4654885,8192930,Apartment
C2539,Isabel Hicks,Bangalore,4667802,6333895,Commercial
C2540,Sandra Arnold,Bangalore,5731069,7097841,Plot
C2541,Kate Scott,Bangalore,4564623,8745810,Villa
C2542,Charlie Singleton,Bangalore,4668355,7838036,Apartment
C2543,Brian Aponte,Bangalore,5320083,6947945,Commercial
C2544,Anne Eichenberger,Bangalore,4758288,7602622,Plot
C2545,Nadia Mclaughlin,Bangalore,5382873,7644702,Villa
C2546,Diane Guadian,Bangalore,5942950,8155296,Apartment
C2547,Gail Ho,Bangalore,4925506,7442852,Commercial
C2548,Marie Cole,Bangalore,4843757,7175747,Plot
C2549,Paul Goracke,Bangalore,5415098,8513976,Villa
C2550,Bruce Vahey,Bangalore,4818064,6750946,Apartment
C2551,Cora Cresci,Bangalore,5701634,8543728,Commercial
C2552,Charles Gray,Bangalore,5667921,9456641,Plot
C2553,Gail Lang,Bangalore,4812374,9060877,Villa
C2554,Howard Jette,Bangalore,5283114,8165315,Apartment
C2555,Michael Blake,Bangalore,4696831,8567320,Commercial
C2556,Marguerite Phillips,Bangalore,5936544,7222506,Plot
C2557,James Xaimoungkhoun,Bangalore,5099966,7493107,Villa
C2558,David Eshom,Bangalore,5542930,8850660,Apartment
C2559,Peggy Lawrence,Bangalore,4950910,8542609,Commercial
C2560,Jaime Shelton,Bangalore,4696200,9062222,Plot
C2561,Maria Sircy,Bangalore,4618603,6574744,Villa
C2562,Claudia Vanacore,Bangalore,5900293,7822119,Apartment
C2563,Dallas Norris,Bangalore,5816907,7950824,Commercial
C2564,Isaac Peccia,Bangalore,4530156,8210981,Plot
C2565,Marie Whisler,Bangalore,5586474,6922886,Villa
C2566,Rhonda Riley,Bangalore,4906861,7621423,Apartment
C2567,Carole Dauzat,Bangalore,4853038,8586051,Commercial
C2568,Alfred Mcbride,Bangalore,4754604,6623359,Plot
C2569,Susan Sousa,Bangalore,5052079,9387199,Villa
C2570,Joseph Hunter,Bangalore,5944011,8560110,Apartment
C2571,Jacalyn Geller,Bangalore,5882737,7328236,Commercial
C2572,Bob Coffee,Bangalore,5274223,8016451,Plot
C2573,Retha Chiles,Bangalore,4506024,7351594,Villa
C2574,Lance Teel,Bangalore,4599508,7768132,Apartment
C2575,Claudia Napoli,Bangalore,5095971,7078817,Commercial
C2576,Dennis Gregg,Bangalore,5413220,6911274,Plot
C2577,James Hough,Bangalore,5695573,9328425,Villa
C2578,Joseph Wall,Bangalore,4721923,8655860,Apartment
C2579,Clarence Powell,Bangalore,4815520,8197393,Commercial
C2580,Anthony Beyer,Bangalore,5237451,6896064,Plot
C2581,Ryan Miller,Bangalore,4932266,8080092,Villa
C2582,Catherine Brock,Bangalore,4899541,8261971,Apartment
C2583,Michele Perez,Bangalore,5289139,6815888,Commercial
C2584,Michael Scott,Bangalore,5724428,7210666,Plot
C2585,James Garner,Bangalore,5285148,8976849,Villa
C2586,Charlotte Gaunt,Bangalore,5284799,7736048,Apartment
C2587,Sandra Stinson,Bangalore,5789986,6963769,Commercial
C2588,Rose Orchard,Bangalore,4522989,6369938,Plot
C2589,Barbara Gonzalez,Bangalore,4589750,7351390,Villa
C2590,Richard Milligan,Bangalore,4532061,8383102,Apartment
C2591,Stephanie Clemons,Bangalore,5713692,7158954,Commercial
C2592,Dominic Button,Bangalore,5288552,6239721,Plot
C2593,Lisa Koch,Bangalore,5835775,7186115,Villa
C2594,Robert Barksdale,Bangalore,5447881,6785191,Apartment
C2595,Evelyn Jackson,Bangalore,5791570,8512346,Commercial
C2596,Annie Freiler,Bangalore,5846320,8805280,Plot
C2597,Carolyn Bates,Bangalore,5342764,7663407,Villa
C2598,Daniel Simpson,Bangalore,5988201,7422005,Apartment
C2599,Peter Ritchey,Bangalore,5989401,6854665,Commercial
C2600,Irene Leon,Bangalore,5457460,7498285,Plot
C2601,Doris West,Bangalore,5319376,8335423,Villa
C2602,Richard Weber,Bangalore,4585270,6298512,Apartment
C2603,Eileen Guedry,Bangalore,5968514,6868615,Commercial
C2604,Kathy Graves,Bangalore,5017419,8207929,Plot
C2605,Madge Chernoff,Bangalore,4580710,6917745,Villa
C2606,Brian Wood,Bangalore,5951707,8221910,Apartment
C2607,Teresa Depauw,Bangalore,5407354,8616825,Commercial
C2608,Dorothy Nightingale,Bangalore,4749504,6958551,Plot
C2609,William Lemons,Bangalore,4900854,6812723,Villa
C2610,Hugh Zinn,Bangalore,4706699,6426588,Apartment
C2611,Vickie Godfrey,Bangalore,4544098,8781294,Commercial
C2612,Elizabeth Currier,Bangalore,4812803,8646272,Plot
C2613,James Kelley,Bangalore,4850162,7023282,Villa
C2614,Ann Balson,Bangalore,5177792,8466084,Apartment
C2615,Joseph Malboeuf,Bangalore,5224950,6484595,Commercial
C2616,Donald High,Bangalore,5106115,9461373,Plot
C2617,Charles King,Bangalore,5511905,8985663,Villa
C2618,Lee Camarillo,Bangalore,5042940,7184457,Apartment
C2619,Billy Gorski,Bangalore,5615707,7135627,Commercial
C2620,Justine Loffelbein,Bangalore,5418149,9195528,Plot
C2621,Robin Tribbett,Bangalore,5403745,8897501,Villa
C2622,Stephen Sinha,Bangalore,4792664,9293842,Apartment
C2623,Linda Haworth,Bangalore,5087337,8506023,Commercial
C2624,Walter Rubin,Bangalore,5031851,8693181,Plot
C2625,Stephen Evitt,Bangalore,5767201,7882826,Villa
C2626,Penny Jeffers,Bangalore,4594134,8591182,Apartment
C2627,Ellen Manning,Bangalore,5141577,8070812,Commercial
C2628,Garrett Porter,Bangalore,4875117,8930074,Plot
C2629,Thomas Walker,Bangalore,4594138,6518109,Villa
C2630,Heather Long,Bangalore,5026233,6224739,Apartment
C2631,Lori Quinn,Bangalore,4847643,9121274,Commercial
C2632,Agnes Brown,Bangalore,4757209,9211526,Plot
C2633,Lynn Bray,Bangalore,5921068,7320468,Villa
C2634,Nancy Daniels,Bangalore,4835489,8888185,Apartment
C2635,Elva Berger,Bangalore,5440398,8651381,Commercial
C2636,Pedro Lawler,Bangalore,5549573,6602511,Plot
C2637,Evan Smith,Bangalore,4936007,8355987,Villa
C2638,Cecelia Murch,Bangalore,5500109,9485229,Apartment
C2639,Stacey Carter,Bangalore,4611192,6829579,Commercial
C2640,Adam Miller,Bangalore,5575024,8122757,Plot
C2641,Michael Joseph,Bangalore,5340530,8222584,Villa
C2642,Michael Lee,Bangalore,5279775,6534661,Apartment
C2643,Melissa Wong,Bangalore,4690491,8333324,Commercial
C2644,Mark Hahn,Bangalore,4567662,8154227,Plot
C2645,Randy Caywood,Bangalore,5592307,7069616,Villa
C2646,Patricia Gust,Bangalore,5570765,6888135,Apartment
C2647,Kathie Carroll,Bangalore,5966137,8538282,Commercial
C2648,Hector Tirado,Bangalore,5477440,6349660,Plot
C2649,Eric Brockway,Bangalore,4829434,7848250,Villa
C2650,Audrey Martin,Bangalore,5845502,8732975,Apartment
C2651,Travis Wheatley,Bangalore,4580756,7655762,Commercial
C2652,Ben Godwin,Bangalore,4679333,8585548,Plot
C2653,Steven Dewitt,Bangalore,5260907,8879669,Villa
C2654,Melvin Jones,Bangalore,5053196,6579963,Apartment
C2655,Steven Brown,Bangalore,4964547,7525018,Commercial
C2656,Delmer Rosario,Bangalore,4689850,8883298,Plot
C2657,James Murphy,Bangalore,4541818,6671522,Villa
C2658,Richard Upton,Bangalore,5808699,7177406,Apartment
C2659,Jessica Harris,Bangalore,5603968,9348322,Commercial
C2660,Martin Paul,Bangalore,4754848,6831404,Plot
C2661,Kristen Borrego,Bangalore,5350565,8424351,Villa
C2662,Mary Brown,Bangalore,4598413,9088671,Apartment
C2663,Keri Vanlandingham,Bangalore,5763293,6626576,Commercial
C2664,Don Pence,Bangalore,5781890,9292054,Plot
C2665,Roger Thompson,Bangalore,4538716,7769727,Villa
C2666,Sulema Osborn,Bangalore,4754945,8597172,Apartment
C2667,Jane Prieto,Bangalore,4966621,6318084,Commercial
C2668,Matthew Traina,Bangalore,5104999,7974703,Plot
C2669,Renee Johnson,Bangalore,4978154,6712820,Villa
C2670,Thomas Caskey,Bangalore,5671381,6831552,Apartment
C2671,Luis Trejo,Bangalore,4517344,6908247,Commercial
C2672,Justin Misfeldt,Bangalore,4631947,7557090,Plot
C2673,Jenna Lucas,Bangalore,5294725,8557617,Villa
C2674,Jennifer Moy,Bangalore,4927643,6543534,Apartment
C2675,Luella Lamey,Bangalore,4512444,8959947,Commercial
C2676,Thomas Smith,Bangalore,4628072,6378946,Plot
C2677,Gerald Winters,Bangalore,5355799,9380705,Villa
C2678,Anthony Longo,Bangalore,5933846,7822170,Apartment
C2679,Dennis Scott,Bangalore,5406035,9496083,Commercial
C2680,Phillip Scherzer,Bangalore,5596079,7667986,Plot
C2681,Michael Bean,Bangalore,4554641,7854443,Villa
C2682,Anita Santacruz,Bangalore,5282920,8079342,Apartment
C2683,Nora Griffin,Bangalore,5602913,9102598,Commercial
C2684,Joan Kase,Bangalore,5912135,7085115,Plot
C2685,Wayne Kaufman,Bangalore,5780902,7050638,Villa
C2686,Herman Handley,Bangalore,4699962,9119113,Apartment
C2687,Janice Mcbride,Bangalore,5256573,8263237,Commercial
C2688,Jennifer Decarlo,Bangalore,4759207,8954664,Plot
C2689,Bert Weller,Bangalore,5929916,7302324,Villa
C2690,Kimberly Cram,Bangalore,5260974,7733494,Apartment
C2691,Charlie Chavis,Bangalore,5276806,9446432,Commercial
C2692,Dennis Martinez,Bangalore,5175105,9315042,Plot
C2693,Molly Shaffer,Bangalore,5570243,6368555,Villa
C2694,Carman Lucas,Bangalore,5835807,8052372,Apartment
C2695,Elinor Small,Bangalore,5710229,9413679,Commercial
C2696,Benjamin Harrison,Bangalore,4633248,8288107,Plot
C2697,Janet Torres,Bangalore,5345962,8100238,Villa
C2698,Rita Ely,Bangalore,5438443,9102628,Apartment
C2699,Nancy Lang,Bangalore,4505294,7784596,Commercial
C2700,Robert Hurley,Bangalore,4651529,6783194,Plot
C2701,Steve Gregory,Bangalore,4793612,8721265,Villa
C2702,Joshua Mayes,Bangalore,5041665,7459526,Apartment
C2703,Dave Chester,Bangalore,4735289,7970055,Commercial
C2704,Gayle Roos,Bangalore,4884715,9074396,Plot
C2705,Deborah Gauthier,Bangalore,4673235,8260123,Villa
C2706,Marc Corscadden,Bangalore,4744579,7616756,Apartment
C2707,Eugene Marshall,Bangalore,5958531,6777251,Commercial
C2708,June Joe,Bangalore,5235281,9011220,Plot
C2709,Donna Hernandez,Bangalore,5627698,7313297,Villa
C2710,Edward Coates,Bangalore,4609164,8942911,Apartment
C2711,Wayne Henry,Bangalore,4537582,6442409,Commercial
C2712,Lashonda Dufour,Bangalore,5428237,8513785,Plot
C2713,Paul Gutierrez,Bangalore,4957041,8523027,Villa
C2714,Joyce Mynatt,Bangalore,4610758,7467870,Apartment
C2715,Stella Williams,Bangalore,5734092,8295315,Commercial
C2716,James Connell,Bangalore,5714184,7042181,Plot
C2717,Tracy Trippel,Bangalore,4583475,8264628,Villa
C2718,Andrew Chapin,Bangalore,5738114,7524185,Apartment
C2719,Doris Aaron,Bangalore,5084626,8196949,Commercial
C2720,Alexander Yang,Bangalore,5020759,6298995,Plot
C2721,April Perez,Bangalore,5508226,7988460,Villa
C2722,Thomas Choi,Bangalore,5507195,7667126,Apartment
C2723,Kurt Cummings,Bangalore,5069108,8676008,Commercial
C2724,Jon Graham,Bangalore,5751733,8089468,Plot
C2725,Shirley Shield,Bangalore,5877848,7072218,Villa
C2726,Francis Smith,Bangalore,5143568,8547040,Apartment
C2727,Thomas Wagner,Bangalore,5065893,7033324,Commercial
C2728,Edmond Carlson,Bangalore,5736823,9156606,Plot
C2729,Romeo Robinson,Bangalore,4560206,9413823,Villa
C2730,James Griffin,Bangalore,5719011,7943996,Apartment
C2731,Robert Sawyer,Bangalore,5752680,6953815,Commercial
C2732,Nora West,Bangalore,5262370,9287298,Plot
C2733,James Cooper,Bangalore,5475719,8104794,Villa
C2734,Cruz Hearn,Bangalore,5167528,8388005,Apartment
C2735,Travis Lumukanda,Bangalore,4911354,8778122,Commercial
C2736,John Buroker,Bangalore,5685283,7479896,Plot
C2737,Cindy Grisson,Bangalore,5648223,6377142,Villa
C2738,Charles Doe,Bangalore,5243696,9288801,Apartment
C2739,Morris Ford,Bangalore,4655131,7481584,Commercial
C2740,Mike Longo,Bangalore,5149706,6285302,Plot
C2741,Debbie Schultz,Bangalore,5841159,9433423,Villa
C2742,Ronald Martin,Bangalore,5548166,6463090,Apartment
C2743,Lisa Woodworth,Bangalore,5048699,6818104,Commercial
C2744,Damon Allen,Bangalore,5638524,8805281,Plot
C2745,Bonita Barnes,Bangalore,5666153,9337296,Villa
C2746,Chris Bergeron,Bangalore,4739531,8009114,Apartment
C2747,Dennis Stack,Bangalore,5364591,8152857,Commercial
C2748,Toby Green,Bangalore,4848876,6511807,Plot
C2749,Charles Mckissick,Bangalore,5883895,6681938,Villa
C2750,Sharon George,Bangalore,4510140,6878395,Apartment
C2751,Judith Rogers,Bangalore,4563170,6761176,Commercial
C2752,Ronald Helms,Bangalore,5470652,6683409,Plot
C2753,Rachel Kurtz,Bangalore,5059686,7675772,Villa
C2754,John Farris,Bangalore,5187212,8923366,Apartment
C2755,Jodi Taylor,Bangalore,5894642,6681517,Commercial
C2756,Derrick Beier,Bangalore,4535464,7996860,Plot
C2757,Ricardo Dellano,Bangalore,5195441,7182612,Villa
C2758,Harold Natal,Bangalore,5449130,7037845,Apartment
C2759,Larry Gunn,Bangalore,5935699,7019194,Commercial
C2760,Phillip Lesperance,Bangalore,4587568,8025713,Plot
C2761,Lucile Brown,Bangalore,5364738,6410830,Villa
C2762,Kory Deleo,Bangalore,4994236,8012967,Apartment
C2763,Jean Kelly,Bangalore,4914346,7029000,Commercial
C2764,Maurine Feliciano,Bangalore,4553198,6991837,Plot
C2765,Hugh Jackson,Bangalore,4567200,8127743,Villa
C2766,Andrea Koeppen,Bangalore,5997008,6438113,Apartment
C2767,Melody Oster,Bangalore,4890281,8736787,Commercial
C2768,Tyler Gregor,Bangalore,5759433,7012174,Plot
C2769,Josie Barr,Bangalore,5878468,6506064,Villa
C2770,Sonia Miller,Bangalore,4772290,6724689,Apartment
C2771,Agnes Hoskins,Bangalore,5455988,6271067,Commercial
C2772,Francis Woods,Bangalore,5616852,8237683,Plot
C2773,Avery Conway,Bangalore,5879150,8898122,Villa
C2774,Mariko Guevara,Bangalore,5344543,9408524,Apartment
C2775,Gary Williams,Bangalore,5592144,8185243,Commercial
C2776,Robert Leija,Bangalore,5222933,8726968,Plot
C2777,Diana Elliott,Bangalore,5881968,8331225,Villa
C2778,Ernest Farber,Bangalore,5978839,8783672,Apartment
C2779,Bernita Segura,Bangalore,5127677,9003325,Commercial
C2780,Romeo Blackshire,Bangalore,4796844,8419476,Plot
C2781,Steve Rossin,Bangalore,4648954,7389267,Villa
C2782,James Schulte,Bangalore,4912266,6823566,Apartment
C2783,Sharon Linville,Bangalore,5349547,8616415,Commercial
C2784,Kimberly Watson,Bangalore,5945533,8954229,Plot
C2785,Donald Maisano,Bangalore,4647462,7888799,Villa
C2786,Phillip Linder,Bangalore,4841830,8084708,Apartment
C2787,Hannah Moon,Bangalore,5615933,8752585,Commercial
C2788,Peggy Ashford,Bangalore,4873271,7440994,Plot
C2789,Kathleen Ozley,Bangalore,5748950,7115381,Villa
C2790,Robert Fisher,Bangalore,4722598,7402602,Apartment
C2791,Carol Sandberg,Bangalore,5808494,6479148,Commercial
C2792,Marlene Solis,Bangalore,5026997,9227754,Plot
C2793,Gregory Bobbitt,Bangalore,4549555,9291221,Villa
C2794,Chad Nance,Bangalore,5215103,8953605,Apartment
C2795,William Wilson,Bangalore,5906005,8491781,Commercial
C2796,Craig Conover,Bangalore,5600056,7548420,Plot
C2797,David Litke,Bangalore,5832135,6843505,Villa
C2798,Alline Sammartino,Bangalore,4767757,6668052,Apartment
C2799,Marlin Pagan,Bangalore,5263338,7938495,Commercial
C2800,Terrie Baron,Bangalore,4759440,9174856,Plot
C2801,Sue Perras,Bangalore,5107418,8722410,Villa
C2802,Michael Speroni,Bangalore,4966767,8827969,Apartment
C2803,Christopher Baerga,Bangalore,5255154,9240859,Commercial
C2804,Betty Nguyen,Bangalore,4689188,7099049,Plot
C2805,Charles Wilson,Bangalore,5192114,6533980,Villa
C2806,Mary Nailer,Bangalore,5655032,7769715,Apartment
C2807,Wanda Purvis,Bangalore,5202180,8675555,Commercial
C2808,Lucinda Roling,Bangalore,4526778,6761521,Plot
C2809,Walter Campbell,Bangalore,4763315,9408297,Villa
C2810,Vivian Mercer,Bangalore,4634500,6995174,Apartment
C2811,Gregory Schroeder,Bangalore,4977847,7671650,Commercial
C2812,Shanita Witham,Bangalore,4744674,8757263,Plot
C2813,Edward Witherite,Bangalore,5179064,7589191,Villa
C2814,Albertine Marks,Bangalore,4925774,8628320,Apartment
C2815,Joseph Paxson,Bangalore,5325627,8468073,Commercial
C2816,Kimberly Sherman,Bangalore,5551242,8900138,Plot
C2817,Catherine Doney,Bangalore,5282421,8339799,Villa
C2818,Sarah Earl,Bangalore,5684867,7731595,Apartment
C2819,Craig Rimmer,Bangalore,5022301,6661045,Commercial
C2820,William Smith,Bangalore,5142836,6879458,Plot
C2821,Gordon Truman,Bangalore,4737175,9299177,Villa
C2822,Ronald Schneider,Bangalore,4893641,8990274,Apartment
C2823,Blanche Williams,Bangalore,5590440,6887528,Commercial
C2824,Stacey Delaney,Bangalore,5087516,7670145,Plot
C2825,Harlan Watkins,Bangalore,5292616,7552149,Villa
C2826,Wilson Greenwood,Bangalore,4739879,6465924,Apartment
C2827,Clarinda Kimbrell,Bangalore,5440453,9167509,Commercial
C2828,Ronald Geller,Bangalore,5656468,8047813,Plot
C2829,Laura Rolle,Bangalore,5089577,6216327,Villa
C2830,Douglas Ransom,Bangalore,5751698,8223129,Apartment
C2831,David Hawkins,Bangalore,5175485,9420932,Commercial
C2832,Burt Williams,Bangalore,5699025,9042821,Plot
C2833,Cleveland Hudson,Bangalore,5165941,7330809,Villa
C2834,Brad Ovando,Bangalore,4707743,8355784,Apartment
C2835,Vicki Bushee,Bangalore,4568877,7159809,Commercial
C2836,Sue Hamilton,Bangalore,5761602,7753014,Plot
C2837,Jack Beck,Bangalore,5926420,7899592,Villa
C2838,Ronald Ellis,Bangalore,4554298,9269985,Apartment
C2839,James Kremen,Bangalore,4855399,8939226,Commercial
C2840,William Pella,Bangalore,5098918,9076096,Plot
C2841,Pedro Alderman,Bangalore,5891467,9159646,Villa
C2842,Ruth Craig,Bangalore,4571779,7247337,Apartment
C2843,Dirk White,Bangalore,4772339,7620400,Commercial
C2844,Lillian Vance,Bangalore,5262928,9249754,Plot
C2845,Sophia Williams,Bangalore,4547343,8134869,Villa
C2846,Veronica Hansen,Bangalore,5289785,8904124,Apartment
C2847,Doug Queen,Bangalore,5392569,9265394,Commercial
C2848,James Ciaburri,Bangalore,5201796,9456284,Plot
C2849,Elizabeth Pascoe,Bangalore,5992924,8210944,Villa
C2850,Kimberly Wagner,Bangalore,5237256,8040696,Apartment
C2851,Kris Brainard,Bangalore,5184417,9346293,Commercial
C2852,John Sickafoose,Bangalore,5940217,7628471,Plot
C2853,Brian Trease,Bangalore,5772745,6715801,Villa
C2854,Ramon Rogers,Bangalore,5175294,6737434,Apartment
C2855,Bertha Cardenas,Bangalore,5378076,8105555,Commercial
C2856,Diana Clark,Bangalore,5113193,7269734,Plot
C2857,Federico Mccullum,Bangalore,5441894,6562835,Villa
C2858,Amber Smith,Bangalore,5105033,6520640,Apartment
C2859,Geneva Hayes,Bangalore,5032738,7976734,Commercial
C2860,Johnnie Heath,Bangalore,4821050,8762444,Plot
C2861,Robert Pinson,Bangalore,5437204,8979888,Villa
C2862,Nicole Fuller,Bangalore,5777657,6657410,Apartment
C2863,Justin Oney,Bangalore,4610587,7347485,Commercial
C2864,Eric Hatton,Bangalore,5005071,7476806,Plot
C2865,Rhonda Ward,Bangalore,5640952,6513661,Villa
C2866,Jacqueline Hall,Bangalore,5651441,8514375,Apartment
C2867,Jacob Peek,Bangalore,5068613,7673788,Commercial
C2868,Frederick Cattaneo,Bangalore,5160268,8154639,Plot
C2869,Jeffrey Huro,Bangalore,5535159,6564323,Villa
C2870,Jose Lipphardt,Bangalore,5148478,9021475,Apartment
C2871,Howard Brooks,Bangalore,5585559,6664648,Commercial
C2872,Madge Zirin,Bangalore,4984627,9387212,Plot
C2873,Charlotte Mead,Bangalore,5147792,9002626,Villa
C2874,Martha Martinez,Bangalore,5077353,6258770,Apartment
C2875,Adrian Mccray,Bangalore,5723123,7386308,Commercial
C2876,Joyce Brown,Bangalore,4933877,6229643,Plot
C2877,Sharon Hoggins,Bangalore,5223871,8744728,Villa
C2878,Trent Byrn,Bangalore,4744568,7341314,Apartment
C2879,Jeffrey Cates,Bangalore,4637451,7468107,Commercial
C2880,Desiree Austin,Bangalore,5270749,6775395,Plot
C2881,Eric Mcguire,Bangalore,5776022,9259678,Villa
C2882,Steven Tamayo,Bangalore,4749436,6411158,Apartment
C2883,Wayne Smith,Bangalore,5683819,8272931,Commercial
C2884,Arthur Sweet,Bangalore,5811621,7473540,Plot
C2885,Christopher Hibert,Bangalore,5270607,8281925,Villa
C2886,Drew Lattimore,Bangalore,4686169,6228355,Apartment
C2887,Kevin Elder,Bangalore,5657501,7073542,Commercial
C2888,Monica Hopkins,Bangalore,5298901,8846530,Plot
C2889,Arthur Schultz,Bangalore,5283858,8863525,Villa
C2890,Steve Barajas,Bangalore,5175163,8146032,Apartment
C2891,Charles Mckay,Bangalore,5584786,8828895,Commercial
C2892,Bryan Milliken,Bangalore,4736389,6777758,Plot
C2893,Esther Allen,Bangalore,5166736,6649866,Villa
C2894,Anna Davis,Bangalore,5793712,8638366,Apartment
C2895,Leslie Parker,Bangalore,5130320,9403814,Commercial
C2896,Julian Hardin,Bangalore,5378135,6628606,Plot
C2897,Shirley Powell,Bangalore,4996080,6431499,Villa
C2898,Esther Stone,Bangalore,4517231,9166230,Apartment
C2899,Dorothy Eichhorn,Bangalore,5738946,8707415,Commercial
C2900,James Macomber,Bangalore,5866707,8866107,Plot
C2901,Megan Garton,Bangalore,5586559,7721211,Apartment
C2902,Joan Witter,Bangalore,5581994,7174093,Apartment
C2903,Candace Ott,Bangalore,4953898,8375639,Apartment
C2904,Davina Mallat,Bangalore,4845766,7961575,Apartment
C2905,Charles Franco,Bangalore,5638932,7017480,Apartment
C2906,Melisa Bowens,Bangalore,5597560,7569405,Apartment
C2907,Cindy Marsh,Bangalore,5988708,8046423,Apartment
C2908,Michelle Brown,Bangalore,4695512,7056196,Apartment
C2909,John Trevino,Bangalore,5093988,8085149,Apartment
C2910,Jamee Gray,Bangalore,5688456,6593983,Apartment
C2911,Kristin Bewley,Bangalore,5078269,9390200,Apartment
C2912,Maria Edwards,Bangalore,4591842,8835979,Apartment
C2913,Thomas Hakes,Bangalore,5077384,7015539,Apartment
C2914,Tammie Smith,Bangalore,5796973,7724111,Apartment
C2915,Denise Morse,Bangalore,5254935,6464035,Apartment
C2916,Rose Hurley,Bangalore,5269154,6919246,Apartment
C2917,Thomas Castanon,Bangalore,5610975,7318163,Apartment
C2918,Donna May,Bangalore,5329143,8245010,Apartment
C2919,Julian Austin,Bangalore,5170991,9125682,Apartment
C2920,Terri Fletcher,Bangalore,4915512,7568171,Apartment
C2921,Shane Goldstein,Bangalore,5768002,7832002,Apartment
C2922,Barbara Huff,Bangalore,4851651,8837656,Apartment
C2923,Robert Lyons,Bangalore,4713542,7544868,Apartment
C2924,Pearl Fisher,Bangalore,5196601,9479478,Apartment
C2925,David Davenport,Bangalore,5043049,9063060,Apartment
C2926,Mary Barth,Bangalore,4927792,7955496,Apartment
C2927,Johnny Mcguire,Bangalore,5698516,7753005,Apartment
C2928,Flora Hall,Bangalore,5571130,6568978,Apartment
C2929,Christopher Butts,Bangalore,5532118,6243937,Apartment
C2930,Edwin Prewitt,Bangalore,5044357,8180939,Apartment
C2931,Cindy Perry,Bangalore,5510834,6498487,Apartment
C2932,Cora Leake,Bangalore,5158077,8325157,Apartment
C2933,Melissa Boothe,Bangalore,5859760,7034358,Apartment
C2934,Lana Robinson,Bangalore,4864593,9495366,Apartment
C2935,Glenn Middendorf,Bangalore,5733847,9101071,Apartment
C2936,Virginia Reyes,Bangalore,5402960,9178425,Apartment
C2937,Denise Sollenberger,Bangalore,5664429,7846594,Apartment
C2938,Mary Lawson,Bangalore,5267447,9099628,Apartment
C2939,Mary Lee,Bangalore,5991307,7064337,Apartment
C2940,Sharon Hunt,Bangalore,5525387,8199115,Apartment
C2941,Fred Carrillo,Bangalore,4743267,8265534,Apartment
C2942,Jerry Smith,Bangalore,5996816,7441184,Apartment
C2943,Ronnie Fonner,Bangalore,5794301,7062183,Apartment
C2944,Tarsha Tucker,Bangalore,4945619,8373946,Apartment
C2945,Leanne Paul,Bangalore,5799749,9152155,Apartment
C2946,Peggy Rouse,Bangalore,4535760,7187972,Apartment
C2947,Joe Mitchell,Bangalore,5897244,9062897,Apartment
C2948,Levi Decicco,Bangalore,5707796,8961120,Apartment
C2949,Gladys Whitley,Bangalore,4824870,8273787,Apartment
C2950,Gloria Quintana,Bangalore,5376530,7827481,Apartment
C2951,Rose White,Bangalore,4955416,8157953,Apartment
C2952,Dominic Bryant,Bangalore,5462385,9357545,Apartment
C2953,Desirae Pederson,Bangalore,5063630,7335005,Apartment
C2954,Luke Garcia,Bangalore,4538823,7214030,Apartment
C2955,Doyle Dellano,Bangalore,5848736,7324408,Apartment
C2956,Edith Calfee,Bangalore,5045153,7391403,Apartment
C2957,Fernando Dillard,Bangalore,5667565,6624051,Apartment
C2958,Jesus Schwartz,Bangalore,5875063,9471430,Apartment
C2959,Sean Rodriguez,Bangalore,4597435,6358524,Apartment
C2960,Anna Conroy,Bangalore,5039524,8347732,Apartment
C2961,Donna Liberti,Bangalore,5043857,7725126,Apartment
C2962,Pamela Buckles,Bangalore,4886733,7345929,Apartment
C2963,Teressa Long,Bangalore,4590025,8589201,Apartment
C2964,Amber Bivins,Bangalore,4646268,9478459,Apartment
C2965,Maria Hodgdon,Bangalore,5976014,7289528,Apartment
C2966,Paul Pitts,Bangalore,4538108,9335697,Apartment
C2967,Louise Reker,Bangalore,5762736,6417361,Apartment
C2968,Florence Griffin,Bangalore,4720738,9053973,Apartment
C2969,David Entriken,Bangalore,5226238,7465997,Apartment
C2970,Christopher Coe,Bangalore,5641607,7758096,Apartment
C2971,Tony Almeida,Bangalore,4529299,9479390,Apartment
C2972,Merrill Schultz,Bangalore,5463050,7704781,Apartment
C2973,Judy Belcher,Bangalore,5343169,7536249,Apartment
C2974,Yolanda Mcalpine,Bangalore,5699978,8777074,Apartment
C2975,Kyong Barksdale,Bangalore,4804446,8511681,Apartment
C2976,Tom Casanova,Bangalore,4569950,6418833,Apartment
C2977,Tiffany Merry,Bangalore,4685709,9372956,Apartment
C2978,Paul Leonard,Bangalore,5105405,8684572,Apartment
C2979,Tom Brockett,Bangalore,5723197,7554066,Apartment
C2980,Henry Harris,Bangalore,5777187,8582941,Apartment
C2981,Moses Hang,Bangalore,5113641,6360861,Apartment
C2982,James Sullivan,Bangalore,5998649,7234918,Apartment
C2983,Carrie Rogers,Bangalore,4508078,7210646,Apartment
C2984,Katherine Evens,Bangalore,5845589,6705271,Apartment
C2985,Jack Ross,Bangalore,4591009,8416298,Apartment
C2986,James Gray,Bangalore,5264205,7191297,Apartment
C2987,Thelma Burton,Bangalore,5396629,8184399,Apartment
C2988,Ronald Narvaez,Bangalore,5017521,7170595,Apartment
C2989,Martha Saunder,Bangalore,5870957,7969198,Apartment
C2990,Albert Overlock,Bangalore,4682570,6993440,Apartment
C2991,David Dyer,Bangalore,5428831,9173717,Apartment
C2992,Richard Hixon,Bangalore,5937171,6753166,Apartment
C2993,Migdalia Houser,Bangalore,4534963,7687778,Apartment
C2994,Rebecca Whitely,Bangalore,4598141,6396036,Apartment
C2995,Ronald Kendall,Bangalore,5264522,6455463,Apartment
C2996,Betty Feldman,Bangalore,4731704,8478372,Apartment
C2997,Keith Jaeger,Bangalore,5774801,6459364,Apartment
C2998,Garry Devera,Bangalore,5597933,8922104,Apartment
C2999,Erin Soper,Bangalore,5800786,9061473,Apartment
C3000,Tabitha Mccrimmon,Bangalore,5029769,8267298,Apartment
