property_id,property_name,property_type,city,state,listed_date,price,area_sqft,bedrooms,bathrooms,agent_id
P101,Green Valley Villa,Villa,Chennai,TN,3/5/2019,8549300,4938,4,2,A001
P102,Skyline Residency,Apartment,Perambalur,TN,3/6/2019,6162548,1870,3,2,A002
P103,Lakeview Apartments,Apartment,Bangalore,KA,3/7/2019,4839127,2378,3,2,A003
P104,Madhan Apartments,Apartment,Coimbatore,TN,3/8/2019,8991950,2476,2,2,A004
P105,Sunrise Heights,Apartment,Kochi,KL,3/9/2019,7939013,1644,2,2,A005
P106,Urban Heights,Apartment,Hosur,TN,3/10/2019,7285436,2114,2,2,A006
P107,Elite Towers,Apartment,Trichy,TN,3/11/2019,9096026,1677,3,2,A007
P108,Silver Oak Apartments,Apartment,Chennai,TN,3/12/2019,7939915,1708,2,2,A008
P109,Royal Palm Villas,Villa,Perambalur,TN,3/13/2019,5515499,2001,4,2,A009
P110,Golden Meadows Villa,Villa,Bangalore,KA,3/14/2019,7868280,2153,3,2,A010
P111,Lakeview Villas,Villa,Coimbatore,TN,3/15/2019,5843770,2986,3,2,A011
P112,Heritage Villas,Villa,Kochi,KL,3/16/2019,6166572,2111,3,2,A012
P113,Grand Villa Estate,Villa,Hosur,TN,3/17/2019,5340241,4430,4,2,A013
P114,Emerald Villas,Villa,Trichy,TN,3/18/2019,8194303,4031,4,2,A014
P115,City Center Office,Commercial,Chennai,TN,3/19/2019,4564190,4300,4,2,A015
P116,Tech Park Towers,Commercial,Perambalur,TN,3/20/2019,5651954,3417,3,2,A016
P117,Business Hub Plaza,Commercial,Bangalore,KA,3/21/2019,5217122,2713,3,2,A017
P118,Corporate Square,Commercial,Coimbatore,TN,3/22/2019,6555551,4592,4,2,A018
P119,Prime Office Space,Commercial,Kochi,KL,3/23/2019,8308176,1100,4,2,A019
P120,Metro Business Park,Commercial,Hosur,TN,3/24/2019,9280912,4278,4,2,A020
P121,Elite Commercial Complex,Commercial,Trichy,TN,3/25/2019,4603276,2049,4,2,A021
P122,Greenfield Plot,Plot,Chennai,TN,3/26/2019,5456382,2050,3,2,A022
P123,Sunrise Layout,Plot,Perambalur,TN,3/27/2019,4662342,2684,3,2,A023
P124,Golden Acres,Plot,Bangalore,KA,3/28/2019,4597866,2725,2,2,A024
P125,Silver Land Estate,Plot,Coimbatore,TN,3/29/2019,5253711,2982,3,2,A025
P126,Prime Residential Plot,Plot,Kochi,KL,3/30/2019,7858667,2241,3,2,A026
P127,Future City Plot,Plot,Hosur,TN,3/31/2019,5355310,2754,2,2,A027
P128,Green Acres Farmhouse,Farmhouse,Trichy,TN,4/1/2019,9423023,5597,4,3,A028
P129,Sunshine Farm Estate,Farmhouse,Chennai,TN,4/2/2019,7540122,2541,4,3,A029
P130,Golden Harvest Farm,Farmhouse,Perambalur,TN,4/3/2019,5594944,3611,4,3,A030
P131,Silver Leaf Farmhouse,Farmhouse,Bangalore,KA,4/4/2019,9332550,5184,4,3,A031
P132,Nature Bliss Farmhouse,Farmhouse,Coimbatore,TN,4/5/2019,7915092,3276,3,3,A032
P133,River View Farmhouse,Farmhouse,Kochi,KL,4/6/2019,6908446,5694,4,3,A033
P134,Green Valley Farmhouse,Farmhouse,Hosur,TN,4/7/2019,4647528,4823,3,3,A034
P135,Palm Grove Farmhouse,Farmhouse,Trichy,TN,4/8/2019,4568726,5727,3,3,A035
P136,Blue Sky Farm Estate,Farmhouse,Chennai,TN,4/9/2019,7439665,2856,3,3,A036
P137,Evergreen Farmhouse,Farmhouse,Perambalur,TN,4/10/2019,4909587,5306,3,3,A037
P138,Skyline Residency,Apartment,Bangalore,KA,4/11/2019,6802688,1768,3,2,A038
P139,Royal Palm Villas,Villa,Coimbatore,TN,4/12/2019,8085039,3893,3,2,A039
P140,Corporate Square,Commercial,Kochi,KL,4/13/2019,7776233,4530,3,2,A040
P141,Sunrise Layout,Plot,Hosur,TN,4/14/2019,8227881,1727,2,2,A041
P142,Sunshine Farm Estate,Farmhouse,Trichy,TN,4/15/2019,8963283,5096,3,3,A042
P143,Skyline Residency,Apartment,Chennai,TN,4/16/2019,4501109,2254,3,2,A043
P144,Royal Palm Villas,Villa,Perambalur,TN,4/17/2019,5854627,3048,4,2,A044
P145,Corporate Square,Commercial,Bangalore,KA,4/18/2019,5615416,4279,4,2,A045
P146,Sunrise Layout,Plot,Coimbatore,TN,4/19/2019,8900694,1395,3,2,A046
P147,Sunshine Farm Estate,Farmhouse,Kochi,KL,4/20/2019,7094475,3547,3,3,A047
P148,Skyline Residency,Apartment,Hosur,TN,4/21/2019,5131115,2063,2,2,A048
P149,Royal Palm Villas,Villa,Trichy,TN,4/22/2019,7301577,2780,4,2,A049
P150,Corporate Square,Commercial,Chennai,TN,4/23/2019,8610247,4195,4,2,A050
P151,Sunrise Layout,Plot,Perambalur,TN,4/24/2019,7792972,2319,2,2,A051
P152,Sunshine Farm Estate,Farmhouse,Bangalore,KA,4/25/2019,8372621,5867,4,3,A052
P153,Skyline Residency,Apartment,Coimbatore,TN,4/26/2019,4888591,1504,2,2,A053
P154,Royal Palm Villas,Villa,Kochi,KL,4/27/2019,8076566,3511,4,2,A054
P155,Corporate Square,Commercial,Hosur,TN,4/28/2019,9166601,2862,3,2,A055
P156,Sunrise Layout,Plot,Trichy,TN,4/29/2019,8983205,2564,3,2,A056
P157,Sunshine Farm Estate,Farmhouse,Chennai,TN,4/30/2019,6062339,4791,3,3,A057
P158,Skyline Residency,Apartment,Perambalur,TN,5/1/2019,8991358,1574,3,2,A058
P159,Royal Palm Villas,Villa,Bangalore,KA,5/2/2019,4544748,4140,4,2,A059
P160,Corporate Square,Commercial,Coimbatore,TN,5/3/2019,7822370,4227,4,2,A060
P161,Sunrise Layout,Plot,Kochi,KL,5/4/2019,7775164,1975,2,2,A061
P162,Sunshine Farm Estate,Farmhouse,Hosur,TN,5/5/2019,6319601,3449,4,3,A062
P163,Skyline Residency,Apartment,Trichy,TN,5/6/2019,4870408,1778,3,2,A063
P164,Royal Palm Villas,Villa,Chennai,TN,5/7/2019,6173678,2288,4,2,A064
P165,Corporate Square,Commercial,Perambalur,TN,5/8/2019,5910483,4447,3,2,A065
P166,Sunrise Layout,Plot,Bangalore,KA,5/9/2019,9392953,2844,3,2,A066
P167,Sunshine Farm Estate,Farmhouse,Coimbatore,TN,5/10/2019,6549063,4361,4,3,A067
P168,Skyline Residency,Apartment,Kochi,KL,5/11/2019,7248276,2121,2,2,A068
P169,Royal Palm Villas,Villa,Hosur,TN,5/12/2019,7428250,4730,4,2,A069
P170,Corporate Square,Commercial,Trichy,TN,5/13/2019,7555830,1261,3,2,A070
P171,Sunrise Layout,Plot,Chennai,TN,5/14/2019,6810842,2811,2,2,A071
P172,Sunshine Farm Estate,Farmhouse,Perambalur,TN,5/15/2019,8438742,2959,4,3,A072
P173,Skyline Residency,Apartment,Bangalore,KA,5/16/2019,4526119,2293,3,2,A073
P174,Royal Palm Villas,Villa,Coimbatore,TN,5/17/2019,6962954,2402,3,2,A074
P175,Corporate Square,Commercial,Kochi,KL,5/18/2019,6729887,1331,3,2,A075
P176,Sunrise Layout,Plot,Hosur,TN,5/19/2019,7664414,1467,2,2,A076
P177,Sunshine Farm Estate,Farmhouse,Trichy,TN,5/20/2019,6255540,4716,4,3,A077
P178,Skyline Residency,Apartment,Chennai,TN,5/21/2019,5974273,1774,2,2,A078
P179,Royal Palm Villas,Villa,Perambalur,TN,5/22/2019,6928882,2452,3,2,A079
P180,Corporate Square,Commercial,Bangalore,KA,5/23/2019,5590218,3277,3,2,A080
P181,Sunrise Layout,Plot,Coimbatore,TN,5/24/2019,5708921,2789,3,2,A081
P182,Sunshine Farm Estate,Farmhouse,Kochi,KL,5/25/2019,6142706,2918,3,3,A082
P183,Skyline Residency,Apartment,Hosur,TN,5/26/2019,8162267,2272,2,2,A083
P184,Royal Palm Villas,Villa,Trichy,TN,5/27/2019,6847336,4399,4,2,A084
P185,Corporate Square,Commercial,Chennai,TN,5/28/2019,8340827,3673,4,2,A085
P186,Sunrise Layout,Plot,Perambalur,TN,5/29/2019,9017333,2843,2,2,A086
P187,Sunshine Farm Estate,Farmhouse,Bangalore,KA,5/30/2019,9136642,5275,3,3,A087
P188,Skyline Residency,Apartment,Coimbatore,TN,5/31/2019,7643897,2101,3,2,A088
P189,Royal Palm Villas,Villa,Kochi,KL,6/1/2019,8628225,4868,4,2,A089
P190,Corporate Square,Commercial,Hosur,TN,6/2/2019,8448864,2838,4,2,A090
P191,Sunrise Layout,Plot,Trichy,TN,6/3/2019,7557975,2046,2,2,A091
P192,Sunshine Farm Estate,Farmhouse,Chennai,TN,6/4/2019,8245185,4942,3,3,A092
P193,Skyline Residency,Apartment,Perambalur,TN,6/5/2019,5297980,2330,3,2,A093
P194,Royal Palm Villas,Villa,Bangalore,KA,6/6/2019,5012768,2386,4,2,A094
P195,Corporate Square,Commercial,Coimbatore,TN,6/7/2019,5803151,1981,4,2,A095
P196,Sunrise Layout,Plot,Kochi,KL,6/8/2019,4532956,1711,2,2,A096
P197,Sunshine Farm Estate,Farmhouse,Hosur,TN,6/9/2019,5822882,2563,4,3,A097
P198,Skyline Residency,Apartment,Trichy,TN,6/10/2019,8535451,2017,3,2,A098
P199,Royal Palm Villas,Villa,Chennai,TN,6/11/2019,4767964,2139,4,2,A099
P200,Corporate Square,Commercial,Perambalur,TN,6/12/2019,8528506,4996,4,2,A100
P201,Sunrise Layout,Plot,Bangalore,KA,6/13/2019,5580968,1872,3,2,A101
P202,Sunshine Farm Estate,Farmhouse,Coimbatore,TN,6/14/2019,5593036,4902,4,3,A102
P203,Skyline Residency,Apartment,Kochi,KL,6/15/2019,5071746,2275,2,2,A103
P204,Royal Palm Villas,Villa,Hosur,TN,6/16/2019,6544253,2596,4,2,A104
P205,Corporate Square,Commercial,Trichy,TN,6/17/2019,5458670,2207,4,2,A105
P206,Sunrise Layout,Plot,Chennai,TN,6/18/2019,9370932,2219,2,2,A106
P207,Sunshine Farm Estate,Farmhouse,Perambalur,TN,6/19/2019,4886471,5917,4,3,A107
P208,Skyline Residency,Apartment,Bangalore,KA,6/20/2019,8751183,2012,3,2,A108
P209,Royal Palm Villas,Villa,Coimbatore,TN,6/21/2019,8834453,4362,4,2,A109
P210,Corporate Square,Commercial,Kochi,KL,6/22/2019,8566650,3875,3,2,A110
P211,Sunrise Layout,Plot,Hosur,TN,6/23/2019,7774169,2459,3,2,A111
P212,Sunshine Farm Estate,Farmhouse,Trichy,TN,6/24/2019,7634083,4397,3,3,A112
P213,Skyline Residency,Apartment,Chennai,TN,6/25/2019,6720841,2041,2,2,A113
P214,Royal Palm Villas,Villa,Perambalur,TN,6/26/2019,4701705,3131,3,2,A114
P215,Corporate Square,Commercial,Bangalore,KA,6/27/2019,6758993,2079,3,2,A115
P216,Sunrise Layout,Plot,Coimbatore,TN,6/28/2019,5985040,2543,3,2,A116
P217,Sunshine Farm Estate,Farmhouse,Kochi,KL,6/29/2019,4547272,4497,3,3,A117
P218,Skyline Residency,Apartment,Hosur,TN,6/30/2019,6108085,1560,2,2,A118
P219,Royal Palm Villas,Villa,Trichy,TN,7/1/2019,9094648,2593,3,2,A119
P220,Corporate Square,Commercial,Chennai,TN,7/2/2019,8737674,2450,3,2,A120
P221,Sunrise Layout,Plot,Perambalur,TN,7/3/2019,8613369,1370,2,2,A121
P222,Sunshine Farm Estate,Farmhouse,Bangalore,KA,7/4/2019,6062857,4614,3,3,A122
P223,Skyline Residency,Apartment,Coimbatore,TN,7/5/2019,8224634,1699,2,2,A123
P224,Royal Palm Villas,Villa,Kochi,KL,7/6/2019,6660189,3169,4,2,A124
P225,Corporate Square,Commercial,Hosur,TN,7/7/2019,6754302,1524,4,2,A125
P226,Sunrise Layout,Plot,Trichy,TN,7/8/2019,6626219,1239,3,2,A126
P227,Sunshine Farm Estate,Farmhouse,Chennai,TN,7/9/2019,5268984,5206,3,3,A127
P228,Skyline Residency,Apartment,Perambalur,TN,7/10/2019,7257193,2476,3,2,A128
P229,Royal Palm Villas,Villa,Bangalore,KA,7/11/2019,8156815,3625,4,2,A129
P230,Corporate Square,Commercial,Coimbatore,TN,7/12/2019,8845841,4454,3,2,A130
P231,Sunrise Layout,Plot,Kochi,KL,7/13/2019,6421730,1060,3,2,A131
P232,Sunshine Farm Estate,Farmhouse,Hosur,TN,7/14/2019,6202659,3068,4,3,A132
P233,Skyline Residency,Apartment,Trichy,TN,7/15/2019,8186351,2296,3,2,A133
P234,Royal Palm Villas,Villa,Chennai,TN,7/16/2019,6774844,2282,3,2,A134
P235,Corporate Square,Commercial,Perambalur,TN,7/17/2019,7717655,2103,4,2,A135
P236,Sunrise Layout,Plot,Bangalore,KA,7/18/2019,6166702,2933,3,2,A136
P237,Sunshine Farm Estate,Farmhouse,Coimbatore,TN,7/19/2019,5723893,5796,3,3,A137
P238,Skyline Residency,Apartment,Kochi,KL,7/20/2019,9035652,2122,2,2,A138
P239,Royal Palm Villas,Villa,Hosur,TN,7/21/2019,4768188,3363,4,2,A139
P240,Corporate Square,Commercial,Trichy,TN,7/22/2019,5126684,3211,3,2,A140
P241,Sunrise Layout,Plot,Chennai,TN,7/23/2019,6420365,2809,3,2,A141
P242,Sunshine Farm Estate,Farmhouse,Perambalur,TN,7/24/2019,6282533,2787,4,3,A142
P243,Skyline Residency,Apartment,Bangalore,KA,7/25/2019,8496564,1519,2,2,A143
P244,Royal Palm Villas,Villa,Coimbatore,TN,7/26/2019,4768930,3561,3,2,A144
P245,Corporate Square,Commercial,Kochi,KL,7/27/2019,9227522,2311,3,2,A145
P246,Sunrise Layout,Plot,Hosur,TN,7/28/2019,5719966,1860,3,2,A146
P247,Sunshine Farm Estate,Farmhouse,Trichy,TN,7/29/2019,7492454,4032,3,3,A147
P248,Skyline Residency,Apartment,Chennai,TN,7/30/2019,4873311,1545,2,2,A148
P249,Royal Palm Villas,Villa,Perambalur,TN,7/31/2019,4690782,2554,3,2,A149
P250,Corporate Square,Commercial,Bangalore,KA,8/1/2019,5909052,1218,3,2,A150
P251,Sunrise Layout,Plot,Coimbatore,TN,8/2/2019,7823400,1187,2,2,A151
P252,Sunshine Farm Estate,Farmhouse,Kochi,KL,8/3/2019,5642335,4179,3,3,A152
P253,Skyline Residency,Apartment,Hosur,TN,8/4/2019,7701921,1565,3,2,A153
P254,Royal Palm Villas,Villa,Trichy,TN,8/5/2019,8735756,4480,3,2,A154
P255,Corporate Square,Commercial,Chennai,TN,8/6/2019,7686338,2918,3,2,A155
P256,Sunrise Layout,Plot,Perambalur,TN,8/7/2019,4819969,1930,2,2,A156
P257,Sunshine Farm Estate,Farmhouse,Bangalore,KA,8/8/2019,7757154,3987,4,3,A157
P258,Skyline Residency,Apartment,Coimbatore,TN,8/9/2019,8967636,2185,3,2,A158
P259,Royal Palm Villas,Villa,Kochi,KL,8/10/2019,8079240,4384,3,2,A159
P260,Corporate Square,Commercial,Hosur,TN,8/11/2019,9011670,1547,3,2,A160
P261,Sunrise Layout,Plot,Trichy,TN,8/12/2019,7750228,2761,2,2,A161
P262,Sunshine Farm Estate,Farmhouse,Chennai,TN,8/13/2019,7654909,5484,4,3,A162
P263,Skyline Residency,Apartment,Perambalur,TN,8/14/2019,7486790,2212,2,2,A163
P264,Royal Palm Villas,Villa,Bangalore,KA,8/15/2019,5009147,3074,3,2,A164
P265,Corporate Square,Commercial,Coimbatore,TN,8/16/2019,8489341,2827,4,2,A165
P266,Sunrise Layout,Plot,Kochi,KL,8/17/2019,7354970,2674,2,2,A166
P267,Sunshine Farm Estate,Farmhouse,Hosur,TN,8/18/2019,6249532,4726,4,3,A167
P268,Skyline Residency,Apartment,Trichy,TN,8/19/2019,4964029,2113,3,2,A168
P269,Royal Palm Villas,Villa,Chennai,TN,8/20/2019,8204844,3243,3,2,A169
P270,Corporate Square,Commercial,Perambalur,TN,8/21/2019,7065068,1060,4,2,A170
P271,Sunrise Layout,Plot,Bangalore,KA,8/22/2019,4619166,1039,3,2,A171
P272,Sunshine Farm Estate,Farmhouse,Coimbatore,TN,8/23/2019,6069204,2500,3,3,A172
P273,Skyline Residency,Apartment,Kochi,KL,8/24/2019,6362468,2366,2,2,A173
P274,Royal Palm Villas,Villa,Hosur,TN,8/25/2019,9249563,4037,3,2,A174
P275,Corporate Square,Commercial,Trichy,TN,8/26/2019,5914136,3212,3,2,A175
P276,Sunrise Layout,Plot,Chennai,TN,8/27/2019,4780807,1617,3,2,A176
P277,Sunshine Farm Estate,Farmhouse,Perambalur,TN,8/28/2019,6807622,5857,3,3,A177
P278,Skyline Residency,Apartment,Bangalore,KA,8/29/2019,6166438,1687,3,2,A178
P279,Royal Palm Villas,Villa,Coimbatore,TN,8/30/2019,6524151,2049,4,2,A179
P280,Corporate Square,Commercial,Kochi,KL,8/31/2019,6506681,1344,3,2,A180
P281,Sunrise Layout,Plot,Hosur,TN,9/1/2019,7777243,2274,3,2,A181
P282,Sunshine Farm Estate,Farmhouse,Trichy,TN,9/2/2019,4863442,4839,3,3,A182
P283,Skyline Residency,Apartment,Chennai,TN,9/3/2019,8399019,1530,2,2,A183
P284,Royal Palm Villas,Villa,Perambalur,TN,9/4/2019,8452662,2141,3,2,A184
P285,Corporate Square,Commercial,Bangalore,KA,9/5/2019,8888064,1785,3,2,A185
P286,Sunrise Layout,Plot,Coimbatore,TN,9/6/2019,6094320,2002,3,2,A186
P287,Sunshine Farm Estate,Farmhouse,Kochi,KL,9/7/2019,7989037,3675,4,3,A187
P288,Skyline Residency,Apartment,Hosur,TN,9/8/2019,6086177,2430,3,2,A188
P289,Royal Palm Villas,Villa,Trichy,TN,9/9/2019,7592369,2715,4,2,A189
P290,Corporate Square,Commercial,Chennai,TN,9/10/2019,6600416,3030,3,2,A190
P291,Sunrise Layout,Plot,Perambalur,TN,9/11/2019,6146702,2596,2,2,A191
P292,Sunshine Farm Estate,Farmhouse,Bangalore,KA,9/12/2019,6891398,5204,4,3,A192
P293,Skyline Residency,Apartment,Coimbatore,TN,9/13/2019,9036296,2034,2,2,A193
P294,Royal Palm Villas,Villa,Kochi,KL,9/14/2019,6717126,3790,4,2,A194
P295,Corporate Square,Commercial,Hosur,TN,9/15/2019,6985389,4218,3,2,A195
P296,Sunrise Layout,Plot,Trichy,TN,9/16/2019,6774692,2292,2,2,A196
P297,Sunshine Farm Estate,Farmhouse,Chennai,TN,9/17/2019,5630320,5887,3,3,A197
P298,Skyline Residency,Apartment,Perambalur,TN,9/18/2019,8684462,2457,3,2,A198
P299,Royal Palm Villas,Villa,Bangalore,KA,9/19/2019,6179217,3142,3,2,A199
P300,Corporate Square,Commercial,Coimbatore,TN,9/20/2019,4515215,4118,4,2,A200
P301,Sunrise Layout,Plot,Kochi,KL,9/21/2019,7165573,2412,3,2,A201
P302,Sunshine Farm Estate,Farmhouse,Hosur,TN,9/22/2019,4837902,3895,3,3,A202
P303,Skyline Residency,Apartment,Trichy,TN,9/23/2019,8070573,2173,2,2,A203
P304,Royal Palm Villas,Villa,Chennai,TN,9/24/2019,5861661,4647,3,2,A204
P305,Corporate Square,Commercial,Perambalur,TN,9/25/2019,6771902,2029,4,2,A205
P306,Sunrise Layout,Plot,Bangalore,KA,9/26/2019,6611821,1425,3,2,A206
P307,Sunshine Farm Estate,Farmhouse,Coimbatore,TN,9/27/2019,8392185,3103,3,3,A207
P308,Skyline Residency,Apartment,Kochi,KL,9/28/2019,9051671,2138,2,2,A208
P309,Royal Palm Villas,Villa,Hosur,TN,9/29/2019,6757488,4118,3,2,A209
P310,Corporate Square,Commercial,Trichy,TN,9/30/2019,7181786,3881,4,2,A210
P311,Sunrise Layout,Plot,Chennai,TN,10/1/2019,9210745,1842,2,2,A211
P312,Sunshine Farm Estate,Farmhouse,Perambalur,TN,10/2/2019,9423748,4807,3,3,A212
P313,Skyline Residency,Apartment,Bangalore,KA,10/3/2019,8944064,2227,3,2,A213
P314,Royal Palm Villas,Villa,Coimbatore,TN,10/4/2019,7039252,4058,3,2,A214
P315,Corporate Square,Commercial,Kochi,KL,10/5/2019,7789545,2128,4,2,A215
P316,Sunrise Layout,Plot,Hosur,TN,10/6/2019,5998912,2298,3,2,A216
P317,Sunshine Farm Estate,Farmhouse,Trichy,TN,10/7/2019,8267570,3181,4,3,A217
P318,Skyline Residency,Apartment,Chennai,TN,10/8/2019,5758195,2145,3,2,A218
P319,Royal Palm Villas,Villa,Perambalur,TN,10/9/2019,8378457,3509,4,2,A219
P320,Corporate Square,Commercial,Bangalore,KA,10/10/2019,8926188,2119,4,2,A220
P321,Sunrise Layout,Plot,Coimbatore,TN,10/11/2019,6022321,2983,2,2,A221
P322,Sunshine Farm Estate,Farmhouse,Kochi,KL,10/12/2019,9379862,2870,3,3,A222
P323,Skyline Residency,Apartment,Hosur,TN,10/13/2019,7455590,2028,2,2,A223
P324,Royal Palm Villas,Villa,Trichy,TN,10/14/2019,4603354,3233,3,2,A224
P325,Corporate Square,Commercial,Chennai,TN,10/15/2019,9279936,3489,3,2,A225
P326,Sunrise Layout,Plot,Perambalur,TN,10/16/2019,4875159,1854,2,2,A226
P327,Sunshine Farm Estate,Farmhouse,Bangalore,KA,10/17/2019,7239304,3809,4,3,A227
P328,Skyline Residency,Apartment,Coimbatore,TN,10/18/2019,9356882,1523,3,2,A228
P329,Royal Palm Villas,Villa,Kochi,KL,10/19/2019,7782166,2780,4,2,A229
P330,Corporate Square,Commercial,Hosur,TN,10/20/2019,9252919,3409,3,2,A230
P331,Sunrise Layout,Plot,Trichy,TN,10/21/2019,5384117,1216,3,2,A231
P332,Sunshine Farm Estate,Farmhouse,Chennai,TN,10/22/2019,5709729,2550,3,3,A232
P333,Skyline Residency,Apartment,Perambalur,TN,10/23/2019,4751350,2024,3,2,A233
P334,Royal Palm Villas,Villa,Bangalore,KA,10/24/2019,7679261,2426,3,2,A234
P335,Corporate Square,Commercial,Coimbatore,TN,10/25/2019,8361169,1849,3,2,A235
P336,Sunrise Layout,Plot,Kochi,KL,10/26/2019,6922048,2194,3,2,A236
P337,Sunshine Farm Estate,Farmhouse,Hosur,TN,10/27/2019,7942123,2876,4,3,A237
P338,Skyline Residency,Apartment,Trichy,TN,10/28/2019,6613770,1599,2,2,A238
P339,Royal Palm Villas,Villa,Chennai,TN,10/29/2019,9377875,2281,3,2,A239
P340,Corporate Square,Commercial,Perambalur,TN,10/30/2019,8169258,2964,3,2,A240
P341,Sunrise Layout,Plot,Bangalore,KA,10/31/2019,9402161,2416,2,2,A241
P342,Sunshine Farm Estate,Farmhouse,Coimbatore,TN,11/1/2019,4501388,2598,3,3,A242
P343,Skyline Residency,Apartment,Kochi,KL,11/2/2019,9446568,1928,2,2,A243
P344,Royal Palm Villas,Villa,Hosur,TN,11/3/2019,6797416,4801,3,2,A244
P345,Corporate Square,Commercial,Trichy,TN,11/4/2019,5961940,1668,3,2,A245
P346,Sunrise Layout,Plot,Chennai,TN,11/5/2019,7272685,1771,3,2,A246
P347,Sunshine Farm Estate,Farmhouse,Perambalur,TN,11/6/2019,8685723,4592,3,3,A247
P348,Skyline Residency,Apartment,Bangalore,KA,11/7/2019,7115420,1783,2,2,A248
P349,Royal Palm Villas,Villa,Coimbatore,TN,11/8/2019,6160885,3468,3,2,A249
P350,Corporate Square,Commercial,Kochi,KL,11/9/2019,9476239,1388,3,2,A250
P351,Sunrise Layout,Plot,Hosur,TN,11/10/2019,4688759,1590,2,2,A251
P352,Sunshine Farm Estate,Farmhouse,Trichy,TN,11/11/2019,8027136,4436,3,3,A252
P353,Skyline Residency,Apartment,Chennai,TN,11/12/2019,6425578,1973,3,2,A253
P354,Royal Palm Villas,Villa,Perambalur,TN,11/13/2019,4758408,2948,4,2,A254
P355,Corporate Square,Commercial,Bangalore,KA,11/14/2019,7921558,2909,3,2,A255
P356,Sunrise Layout,Plot,Coimbatore,TN,11/15/2019,8332581,2134,2,2,A256
P357,Sunshine Farm Estate,Farmhouse,Kochi,KL,11/16/2019,4990255,5900,3,3,A257
P358,Skyline Residency,Apartment,Hosur,TN,11/17/2019,6133409,1795,2,2,A258
P359,Royal Palm Villas,Villa,Trichy,TN,11/18/2019,5137256,2298,3,2,A259
P360,Corporate Square,Commercial,Chennai,TN,11/19/2019,8798967,3665,3,2,A260
P361,Sunrise Layout,Plot,Perambalur,TN,11/20/2019,7263579,1305,2,2,A261
P362,Sunshine Farm Estate,Farmhouse,Bangalore,KA,11/21/2019,5671516,5088,3,3,A262
P363,Skyline Residency,Apartment,Coimbatore,TN,11/22/2019,6532676,2419,3,2,A263
P364,Royal Palm Villas,Villa,Kochi,KL,11/23/2019,4564370,4167,4,2,A264
P365,Corporate Square,Commercial,Hosur,TN,11/24/2019,6347546,2167,3,2,A265
P366,Sunrise Layout,Plot,Trichy,TN,11/25/2019,6899784,2054,3,2,A266
P367,Sunshine Farm Estate,Farmhouse,Chennai,TN,11/26/2019,5417049,3205,4,3,A267
P368,Skyline Residency,Apartment,Perambalur,TN,11/27/2019,5533375,2080,3,2,A268
P369,Royal Palm Villas,Villa,Bangalore,KA,11/28/2019,9002890,2305,3,2,A269
P370,Corporate Square,Commercial,Coimbatore,TN,11/29/2019,8096741,3897,4,2,A270
P371,Sunrise Layout,Plot,Kochi,KL,11/30/2019,8891790,2931,3,2,A271
P372,Sunshine Farm Estate,Farmhouse,Hosur,TN,12/1/2019,7501518,4395,3,3,A272
P373,Skyline Residency,Apartment,Trichy,TN,12/2/2019,8940984,2450,2,2,A273
P374,Royal Palm Villas,Villa,Chennai,TN,12/3/2019,4963506,2947,4,2,A274
P375,Corporate Square,Commercial,Perambalur,TN,12/4/2019,6313978,1016,4,2,A275
P376,Sunrise Layout,Plot,Bangalore,KA,12/5/2019,5045659,1847,2,2,A276
P377,Sunshine Farm Estate,Farmhouse,Coimbatore,TN,12/6/2019,5672583,2844,4,3,A277
P378,Skyline Residency,Apartment,Kochi,KL,12/7/2019,9220000,2005,3,2,A278
P379,Royal Palm Villas,Villa,Hosur,TN,12/8/2019,6766639,4041,3,2,A279
P380,Corporate Square,Commercial,Trichy,TN,12/9/2019,9440190,4231,4,2,A280
P381,Sunrise Layout,Plot,Chennai,TN,12/10/2019,6162660,2911,2,2,A281
P382,Sunshine Farm Estate,Farmhouse,Perambalur,TN,12/11/2019,4618634,5903,3,3,A282
P383,Skyline Residency,Apartment,Bangalore,KA,12/12/2019,6841522,1954,3,2,A283
P384,Royal Palm Villas,Villa,Coimbatore,TN,12/13/2019,7502815,3613,4,2,A284
P385,Corporate Square,Commercial,Kochi,KL,12/14/2019,8970200,3297,3,2,A285
P386,Sunrise Layout,Plot,Hosur,TN,12/15/2019,7612856,2746,2,2,A286
P387,Sunshine Farm Estate,Farmhouse,Trichy,TN,12/16/2019,5286357,5515,4,3,A287
P388,Skyline Residency,Apartment,Chennai,TN,12/17/2019,7812541,1582,2,2,A288
P389,Royal Palm Villas,Villa,Perambalur,TN,12/18/2019,6696413,3432,3,2,A289
P390,Corporate Square,Commercial,Bangalore,KA,12/19/2019,6613908,1034,4,2,A290
P391,Sunrise Layout,Plot,Coimbatore,TN,12/20/2019,8695728,1599,3,2,A291
P392,Sunshine Farm Estate,Farmhouse,Kochi,KL,12/21/2019,6126550,4326,4,3,A292
P393,Skyline Residency,Apartment,Hosur,TN,12/22/2019,8597313,1631,3,2,A293
P394,Royal Palm Villas,Villa,Trichy,TN,12/23/2019,6648319,2430,4,2,A294
P395,Corporate Square,Commercial,Chennai,TN,12/24/2019,5431355,1892,4,2,A295
P396,Sunrise Layout,Plot,Perambalur,TN,12/25/2019,6837298,1294,2,2,A296
P397,Sunshine Farm Estate,Farmhouse,Bangalore,KA,12/26/2019,4699167,3236,3,3,A297
P398,Skyline Residency,Apartment,Coimbatore,TN,12/27/2019,8521329,1809,2,2,A298
P399,Royal Palm Villas,Villa,Kochi,KL,12/28/2019,7244566,2443,3,2,A299
P400,Corporate Square,Commercial,Hosur,TN,12/29/2019,5564096,4662,3,2,A300
P401,Sunrise Layout,Plot,Trichy,TN,12/30/2019,6048072,2347,3,2,A301
P402,Sunshine Farm Estate,Farmhouse,Chennai,TN,12/31/2019,9121035,3122,3,3,A302
P403,Skyline Residency,Apartment,Perambalur,TN,1/1/2020,6775672,2326,2,2,A303
P404,Royal Palm Villas,Villa,Bangalore,KA,1/2/2020,9018748,3857,3,2,A304
P405,Corporate Square,Commercial,Coimbatore,TN,1/3/2020,8054057,3789,3,2,A305
P406,Sunrise Layout,Plot,Kochi,KL,1/4/2020,5531234,1218,3,2,A306
P407,Sunshine Farm Estate,Farmhouse,Hosur,TN,1/5/2020,7463574,4109,3,3,A307
P408,Skyline Residency,Apartment,Trichy,TN,1/6/2020,6796864,1672,3,2,A308
P409,Royal Palm Villas,Villa,Chennai,TN,1/7/2020,4503279,2784,4,2,A309
P410,Corporate Square,Commercial,Perambalur,TN,1/8/2020,5836619,2715,3,2,A310
P411,Sunrise Layout,Plot,Bangalore,KA,1/9/2020,7863561,1851,3,2,A311
P412,Sunshine Farm Estate,Farmhouse,Coimbatore,TN,1/10/2020,4782991,5706,4,3,A312
P413,Skyline Residency,Apartment,Kochi,KL,1/11/2020,9208606,1836,2,2,A313
P414,Royal Palm Villas,Villa,Hosur,TN,1/12/2020,6549699,3686,3,2,A314
P415,Corporate Square,Commercial,Trichy,TN,1/13/2020,9251894,2355,3,2,A315
P416,Sunrise Layout,Plot,Chennai,TN,1/14/2020,5662644,2561,2,2,A316
P417,Sunshine Farm Estate,Farmhouse,Perambalur,TN,1/15/2020,9012596,3112,4,3,A317
P418,Skyline Residency,Apartment,Bangalore,KA,1/16/2020,6830448,1589,3,2,A318
P419,Royal Palm Villas,Villa,Coimbatore,TN,1/17/2020,9030722,4302,3,2,A319
P420,Corporate Square,Commercial,Kochi,KL,1/18/2020,7515579,4944,4,2,A320
P421,Sunrise Layout,Plot,Hosur,TN,1/19/2020,8982135,2096,3,2,A321
P422,Sunshine Farm Estate,Farmhouse,Trichy,TN,1/20/2020,5745930,4466,4,3,A322
P423,Skyline Residency,Apartment,Chennai,TN,1/21/2020,4522749,1660,2,2,A323
P424,Royal Palm Villas,Villa,Perambalur,TN,1/22/2020,7075523,3097,4,2,A324
P425,Corporate Square,Commercial,Bangalore,KA,1/23/2020,8919606,1258,4,2,A325
P426,Sunrise Layout,Plot,Coimbatore,TN,1/24/2020,8989674,2000,3,2,A326
P427,Sunshine Farm Estate,Farmhouse,Kochi,KL,1/25/2020,5459809,2514,3,3,A327
P428,Skyline Residency,Apartment,Hosur,TN,1/26/2020,7654707,1620,3,2,A328
P429,Royal Palm Villas,Villa,Trichy,TN,1/27/2020,7455622,2632,3,2,A329
P430,Corporate Square,Commercial,Chennai,TN,1/28/2020,5287434,3883,4,2,A330
P431,Sunrise Layout,Plot,Perambalur,TN,1/29/2020,4595213,2432,3,2,A331
P432,Sunshine Farm Estate,Farmhouse,Bangalore,KA,1/30/2020,5563991,2845,3,3,A332
P433,Skyline Residency,Apartment,Coimbatore,TN,1/31/2020,7616565,1535,2,2,A333
P434,Royal Palm Villas,Villa,Kochi,KL,2/1/2020,4719183,3914,3,2,A334
P435,Corporate Square,Commercial,Hosur,TN,2/2/2020,5669005,1505,3,2,A335
P436,Sunrise Layout,Plot,Trichy,TN,2/3/2020,5141722,1059,3,2,A336
P437,Sunshine Farm Estate,Farmhouse,Chennai,TN,2/4/2020,7853437,2915,4,3,A337
P438,Skyline Residency,Apartment,Perambalur,TN,2/5/2020,7113282,1716,2,2,A338
P439,Royal Palm Villas,Villa,Bangalore,KA,2/6/2020,9229583,4985,4,2,A339
P440,Corporate Square,Commercial,Coimbatore,TN,2/7/2020,9414091,1962,4,2,A340
P441,Sunrise Layout,Plot,Kochi,KL,2/8/2020,5922416,2130,3,2,A341
P442,Sunshine Farm Estate,Farmhouse,Hosur,TN,2/9/2020,8508672,4430,3,3,A342
P443,Skyline Residency,Apartment,Trichy,TN,2/10/2020,4971857,2191,2,2,A343
P444,Royal Palm Villas,Villa,Chennai,TN,2/11/2020,7958465,3787,3,2,A344
P445,Corporate Square,Commercial,Perambalur,TN,2/12/2020,8099286,4548,4,2,A345
P446,Sunrise Layout,Plot,Bangalore,KA,2/13/2020,8160669,2193,3,2,A346
P447,Sunshine Farm Estate,Farmhouse,Coimbatore,TN,2/14/2020,9439682,3690,3,3,A347
P448,Skyline Residency,Apartment,Kochi,KL,2/15/2020,8889512,1660,3,2,A348
P449,Royal Palm Villas,Villa,Hosur,TN,2/16/2020,7205559,4204,4,2,A349
P450,Corporate Square,Commercial,Trichy,TN,2/17/2020,8007131,1047,4,2,A350
P451,Sunrise Layout,Plot,Chennai,TN,2/18/2020,8506809,2448,3,2,A351
P452,Sunshine Farm Estate,Farmhouse,Perambalur,TN,2/19/2020,7744140,4659,4,3,A352
P453,Skyline Residency,Apartment,Bangalore,KA,2/20/2020,6538292,2396,3,2,A353
P454,Royal Palm Villas,Villa,Coimbatore,TN,2/21/2020,9274619,4170,4,2,A354
P455,Corporate Square,Commercial,Kochi,KL,2/22/2020,6762853,3262,4,2,A355
P456,Sunrise Layout,Plot,Hosur,TN,2/23/2020,7821721,2414,2,2,A356
P457,Sunshine Farm Estate,Farmhouse,Trichy,TN,2/24/2020,5001601,3070,3,3,A357
P458,Skyline Residency,Apartment,Chennai,TN,2/25/2020,5274402,1526,2,2,A358
P459,Royal Palm Villas,Villa,Perambalur,TN,2/26/2020,7928754,2539,4,2,A359
P460,Corporate Square,Commercial,Bangalore,KA,2/27/2020,4576550,2905,4,2,A360
P461,Sunrise Layout,Plot,Coimbatore,TN,2/28/2020,7625381,1303,2,2,A361
P462,Sunshine Farm Estate,Farmhouse,Kochi,KL,2/29/2020,4597849,3976,4,3,A362
P463,Skyline Residency,Apartment,Hosur,TN,3/1/2020,6655520,2276,3,2,A363
P464,Royal Palm Villas,Villa,Trichy,TN,3/2/2020,7880874,4351,3,2,A364
P465,Corporate Square,Commercial,Chennai,TN,3/3/2020,4772554,1683,3,2,A365
P466,Sunrise Layout,Plot,Perambalur,TN,3/4/2020,8530942,2464,2,2,A366
P467,Sunshine Farm Estate,Farmhouse,Bangalore,KA,3/5/2020,5242597,4106,4,3,A367
P468,Skyline Residency,Apartment,Coimbatore,TN,3/6/2020,6598442,1872,3,2,A368
P469,Royal Palm Villas,Villa,Kochi,KL,3/7/2020,8574179,4763,4,2,A369
P470,Corporate Square,Commercial,Hosur,TN,3/8/2020,8258867,3086,4,2,A370
P471,Sunrise Layout,Plot,Trichy,TN,3/9/2020,8843813,2184,2,2,A371
P472,Sunshine Farm Estate,Farmhouse,Chennai,TN,3/10/2020,6640986,3691,3,3,A372
P473,Skyline Residency,Apartment,Perambalur,TN,3/11/2020,4613965,1714,2,2,A373
P474,Royal Palm Villas,Villa,Bangalore,KA,3/12/2020,7195340,4122,3,2,A374
P475,Corporate Square,Commercial,Coimbatore,TN,3/13/2020,7202672,2510,4,2,A375
P476,Sunrise Layout,Plot,Kochi,KL,3/14/2020,8709300,2266,3,2,A376
P477,Sunshine Farm Estate,Farmhouse,Hosur,TN,3/15/2020,6680527,4353,3,3,A377
P478,Skyline Residency,Apartment,Trichy,TN,3/16/2020,5856839,2251,3,2,A378
P479,Royal Palm Villas,Villa,Chennai,TN,3/17/2020,9099006,3642,4,2,A379
P480,Corporate Square,Commercial,Perambalur,TN,3/18/2020,8419031,1396,4,2,A380
P481,Sunrise Layout,Plot,Bangalore,KA,3/19/2020,5145244,2786,2,2,A381
P482,Sunshine Farm Estate,Farmhouse,Coimbatore,TN,3/20/2020,8474094,4944,3,3,A382
P483,Skyline Residency,Apartment,Kochi,KL,3/21/2020,6755190,2500,3,2,A383
P484,Royal Palm Villas,Villa,Hosur,TN,3/22/2020,4653837,3707,3,2,A384
P485,Corporate Square,Commercial,Trichy,TN,3/23/2020,7177348,4783,4,2,A385
P486,Sunrise Layout,Plot,Chennai,TN,3/24/2020,4983028,2720,2,2,A386
P487,Sunshine Farm Estate,Farmhouse,Perambalur,TN,3/25/2020,9404890,3989,4,3,A387
P488,Skyline Residency,Apartment,Bangalore,KA,3/26/2020,5683356,1621,2,2,A388
P489,Royal Palm Villas,Villa,Coimbatore,TN,3/27/2020,6984926,3155,4,2,A389
P490,Corporate Square,Commercial,Kochi,KL,3/28/2020,6368866,1440,3,2,A390
P491,Sunrise Layout,Plot,Hosur,TN,3/29/2020,6054072,1497,2,2,A391
P492,Sunshine Farm Estate,Farmhouse,Trichy,TN,3/30/2020,6005776,2738,4,3,A392
P493,Skyline Residency,Apartment,Chennai,TN,3/31/2020,7390863,1682,2,2,A393
P494,Royal Palm Villas,Villa,Perambalur,TN,4/1/2020,7509828,2927,4,2,A394
P495,Corporate Square,Commercial,Bangalore,KA,4/2/2020,8959455,3202,3,2,A395
P496,Sunrise Layout,Plot,Coimbatore,TN,4/3/2020,7409723,1930,2,2,A396
P497,Sunshine Farm Estate,Farmhouse,Kochi,KL,4/4/2020,7364306,3870,3,3,A397
P498,Skyline Residency,Apartment,Hosur,TN,4/5/2020,7068305,1523,3,2,A398
P499,Royal Palm Villas,Villa,Trichy,TN,4/6/2020,7207525,4644,4,2,A399
P500,Corporate Square,Commercial,Chennai,TN,4/7/2020,5318794,4738,3,2,A400
P501,Elite Towers,Apartment,Perambalur,TN,4/8/2020,8671257,2496,3,2,A401
P502,Elite Towers,Apartment,Bangalore,KA,4/9/2020,6537388,2142,3,2,A402
P503,Elite Towers,Apartment,Coimbatore,TN,4/10/2020,4748079,2241,2,2,A403
P504,Elite Towers,Apartment,Kochi,KL,4/11/2020,5377752,1951,2,2,A404
P505,Elite Towers,Apartment,Hosur,TN,4/12/2020,8179997,2434,2,2,A405
P506,Elite Towers,Apartment,Trichy,TN,4/13/2020,7305264,2008,3,2,A406
P507,Elite Towers,Apartment,Chennai,TN,4/14/2020,8098979,1510,3,2,A407
P508,Elite Towers,Apartment,Perambalur,TN,4/15/2020,9461118,2460,3,2,A408
P509,Elite Towers,Apartment,Bangalore,KA,4/16/2020,4530693,2459,2,2,A409
P510,Elite Towers,Apartment,Coimbatore,TN,4/17/2020,4547070,2378,3,2,A410
P511,Elite Towers,Apartment,Kochi,KL,4/18/2020,6264088,2180,2,2,A411
P512,Elite Towers,Apartment,Hosur,TN,4/19/2020,5219833,1894,3,2,A412
P513,Elite Towers,Apartment,Trichy,TN,4/20/2020,9394376,2237,2,2,A413
P514,Elite Towers,Apartment,Chennai,TN,4/21/2020,6606741,1559,3,2,A414
P515,Elite Towers,Apartment,Perambalur,TN,4/22/2020,6921890,2279,3,2,A415
P516,Elite Towers,Apartment,Bangalore,KA,4/23/2020,5451328,2415,2,2,A416
P517,Elite Towers,Apartment,Coimbatore,TN,4/24/2020,9065166,1526,3,2,A417
P518,Elite Towers,Apartment,Kochi,KL,4/25/2020,8308158,1555,2,2,A418
P519,Elite Towers,Apartment,Hosur,TN,4/26/2020,5617532,1623,3,2,A419
P520,Elite Towers,Apartment,Trichy,TN,4/27/2020,6742295,2318,3,2,A420
P521,Elite Towers,Apartment,Chennai,TN,4/28/2020,5411627,1745,3,2,A421
P522,Elite Towers,Apartment,Perambalur,TN,4/29/2020,5760657,2291,3,2,A422
P523,Elite Towers,Apartment,Bangalore,KA,4/30/2020,7013211,1621,2,2,A423
P524,Elite Towers,Apartment,Coimbatore,TN,5/1/2020,5414406,1710,2,2,A424
P525,Elite Towers,Apartment,Kochi,KL,5/2/2020,7829469,2265,2,2,A425
P526,Elite Towers,Apartment,Hosur,TN,5/3/2020,5413712,2047,3,2,A426
P527,Elite Towers,Apartment,Trichy,TN,5/4/2020,6075151,1723,3,2,A427
P528,Elite Towers,Apartment,Chennai,TN,5/5/2020,9490005,1713,2,2,A428
P529,Elite Towers,Apartment,Perambalur,TN,5/6/2020,5126556,2342,3,2,A429
P530,Elite Towers,Apartment,Bangalore,KA,5/7/2020,8071181,2228,2,2,A430
P531,Elite Towers,Apartment,Coimbatore,TN,5/8/2020,4802014,1818,2,2,A431
P532,Elite Towers,Apartment,Kochi,KL,5/9/2020,8847125,2382,3,2,A432
P533,Elite Towers,Apartment,Hosur,TN,5/10/2020,6201700,2256,3,2,A433
P534,Elite Towers,Apartment,Trichy,TN,5/11/2020,8858467,2096,2,2,A434
P535,Elite Towers,Apartment,Chennai,TN,5/12/2020,5217398,2274,2,2,A435
P536,Elite Towers,Apartment,Perambalur,TN,5/13/2020,4562215,1578,3,2,A436
P537,Elite Towers,Apartment,Bangalore,KA,5/14/2020,8470097,1526,2,2,A437
P538,Elite Towers,Apartment,Coimbatore,TN,5/15/2020,4500467,1972,3,2,A438
P539,Elite Towers,Apartment,Kochi,KL,5/16/2020,9418719,1676,3,2,A439
P540,Elite Towers,Apartment,Hosur,TN,5/17/2020,9374308,2260,2,2,A440
P541,Elite Towers,Apartment,Trichy,TN,5/18/2020,6184533,1811,2,2,A441
P542,Elite Towers,Apartment,Chennai,TN,5/19/2020,7944390,2053,2,2,A442
P543,Elite Towers,Apartment,Perambalur,TN,5/20/2020,8819853,2120,3,2,A443
P544,Elite Towers,Apartment,Bangalore,KA,5/21/2020,7639171,1958,3,2,A444
P545,Elite Towers,Apartment,Coimbatore,TN,5/22/2020,8424479,1958,2,2,A445
P546,Elite Towers,Apartment,Kochi,KL,5/23/2020,7506103,2256,2,2,A446
P547,Elite Towers,Apartment,Hosur,TN,5/24/2020,5362837,1843,3,2,A447
P548,Elite Towers,Apartment,Trichy,TN,5/25/2020,7400776,1638,2,2,A448
P549,Elite Towers,Apartment,Chennai,TN,5/26/2020,6900885,1972,3,2,A449
P550,Elite Towers,Apartment,Perambalur,TN,5/27/2020,6124341,2445,2,2,A450
P551,Elite Towers,Apartment,Bangalore,KA,5/28/2020,5070513,2462,2,2,A451
P552,Elite Towers,Apartment,Coimbatore,TN,5/29/2020,8615103,1622,3,2,A452
P553,Elite Towers,Apartment,Kochi,KL,5/30/2020,6294334,1624,3,2,A453
P554,Elite Towers,Apartment,Hosur,TN,5/31/2020,5525164,1522,3,2,A454
P555,Elite Towers,Apartment,Trichy,TN,6/1/2020,6692165,2445,2,2,A455
P556,Elite Towers,Apartment,Chennai,TN,6/2/2020,7716375,2267,3,2,A456
P557,Elite Towers,Apartment,Perambalur,TN,6/3/2020,8308861,1728,3,2,A457
P558,Elite Towers,Apartment,Bangalore,KA,6/4/2020,5676564,2464,2,2,A458
P559,Elite Towers,Apartment,Coimbatore,TN,6/5/2020,8950850,1569,3,2,A459
P560,Elite Towers,Apartment,Kochi,KL,6/6/2020,8621106,2317,2,2,A460
P561,Elite Towers,Apartment,Hosur,TN,6/7/2020,5661840,1635,2,2,A461
P562,Elite Towers,Apartment,Trichy,TN,6/8/2020,6631817,1611,2,2,A462
P563,Elite Towers,Apartment,Chennai,TN,6/9/2020,5603803,2286,3,2,A463
P564,Elite Towers,Apartment,Perambalur,TN,6/10/2020,4861221,2409,3,2,A464
P565,Elite Towers,Apartment,Bangalore,KA,6/11/2020,5109963,2355,2,2,A465
P566,Elite Towers,Apartment,Coimbatore,TN,6/12/2020,5553380,2315,2,2,A466
P567,Elite Towers,Apartment,Kochi,KL,6/13/2020,7276528,2016,3,2,A467
P568,Elite Towers,Apartment,Hosur,TN,6/14/2020,8988137,1927,3,2,A468
P569,Elite Towers,Apartment,Trichy,TN,6/15/2020,9166036,2308,3,2,A469
P570,Elite Towers,Apartment,Chennai,TN,6/16/2020,5740685,1651,2,2,A470
P571,Elite Towers,Apartment,Perambalur,TN,6/17/2020,4546913,2022,3,2,A471
P572,Elite Towers,Apartment,Bangalore,KA,6/18/2020,8582757,1863,2,2,A472
P573,Elite Towers,Apartment,Coimbatore,TN,6/19/2020,7444832,1696,2,2,A473
P574,Elite Towers,Apartment,Kochi,KL,6/20/2020,6743897,2009,2,2,A474
P575,Elite Towers,Apartment,Hosur,TN,6/21/2020,9196434,2318,3,2,A475
P576,Elite Towers,Apartment,Trichy,TN,6/22/2020,5777034,2379,3,2,A476
P577,Elite Towers,Apartment,Chennai,TN,6/23/2020,7015457,2251,2,2,A477
P578,Elite Towers,Apartment,Perambalur,TN,6/24/2020,5677928,1856,3,2,A478
P579,Elite Towers,Apartment,Bangalore,KA,6/25/2020,8286473,2416,2,2,A479
P580,Elite Towers,Apartment,Coimbatore,TN,6/26/2020,9229397,2444,2,2,A480
P581,Elite Towers,Apartment,Kochi,KL,6/27/2020,4731774,1865,2,2,A481
P582,Elite Towers,Apartment,Hosur,TN,6/28/2020,6143609,2448,2,2,A482
P583,Elite Towers,Apartment,Trichy,TN,6/29/2020,8817667,2201,3,2,A483
P584,Elite Towers,Apartment,Chennai,TN,6/30/2020,8772494,2242,2,2,A484
P585,Elite Towers,Apartment,Perambalur,TN,7/1/2020,8422552,1801,2,2,A485
P586,Elite Towers,Apartment,Bangalore,KA,7/2/2020,8805039,2457,2,2,A486
P587,Elite Towers,Apartment,Coimbatore,TN,7/3/2020,7091056,1651,2,2,A487
P588,Elite Towers,Apartment,Kochi,KL,7/4/2020,7418102,2072,2,2,A488
P589,Elite Towers,Apartment,Hosur,TN,7/5/2020,6560062,2293,3,2,A489
P590,Elite Towers,Apartment,Trichy,TN,7/6/2020,6573448,2216,3,2,A490
P591,Elite Towers,Apartment,Chennai,TN,7/7/2020,9146032,1551,3,2,A491
P592,Elite Towers,Apartment,Perambalur,TN,7/8/2020,7155295,1847,2,2,A492
P593,Elite Towers,Apartment,Bangalore,KA,7/9/2020,8516973,1552,2,2,A493
P594,Elite Towers,Apartment,Coimbatore,TN,7/10/2020,7983541,1954,2,2,A494
P595,Elite Towers,Apartment,Kochi,KL,7/11/2020,9182670,2040,2,2,A495
P596,Elite Towers,Apartment,Hosur,TN,7/12/2020,8423100,1864,3,2,A496
P597,Elite Towers,Apartment,Trichy,TN,7/13/2020,8837153,2265,3,2,A497
P598,Elite Towers,Apartment,Chennai,TN,7/14/2020,6336129,2444,2,2,A498
P599,Elite Towers,Apartment,Perambalur,TN,7/15/2020,8673107,1828,3,2,A499
P600,Elite Towers,Apartment,Bangalore,KA,7/16/2020,5714105,2152,3,2,A500
P601,Elite Towers,Apartment,Coimbatore,TN,7/17/2020,5637160,1708,3,2,A501
P602,Elite Towers,Apartment,Kochi,KL,7/18/2020,5930952,2012,2,2,A502
P603,Elite Towers,Apartment,Hosur,TN,7/19/2020,6822986,2400,3,2,A503
P604,Elite Towers,Apartment,Trichy,TN,7/20/2020,4917462,1982,2,2,A504
P605,Elite Towers,Apartment,Chennai,TN,7/21/2020,6279299,1992,3,2,A505
P606,Elite Towers,Apartment,Perambalur,TN,7/22/2020,6356157,1687,2,2,A506
P607,Elite Towers,Apartment,Bangalore,KA,7/23/2020,6294678,2304,3,2,A507
P608,Elite Towers,Apartment,Coimbatore,TN,7/24/2020,5589903,1945,3,2,A508
P609,Elite Towers,Apartment,Kochi,KL,7/25/2020,5989762,1678,2,2,A509
P610,Elite Towers,Apartment,Hosur,TN,7/26/2020,4865768,2496,2,2,A510
P611,Elite Towers,Apartment,Trichy,TN,7/27/2020,7118679,2403,2,2,A511
P612,Elite Towers,Apartment,Chennai,TN,7/28/2020,7589786,1772,3,2,A512
P613,Elite Towers,Apartment,Perambalur,TN,7/29/2020,7768899,1503,2,2,A513
P614,Elite Towers,Apartment,Bangalore,KA,7/30/2020,8183350,1661,2,2,A514
P615,Elite Towers,Apartment,Coimbatore,TN,7/31/2020,7332091,1932,3,2,A515
P616,Elite Towers,Apartment,Kochi,KL,8/1/2020,7134620,2430,3,2,A516
P617,Elite Towers,Apartment,Hosur,TN,8/2/2020,8058541,1667,2,2,A517
P618,Elite Towers,Apartment,Trichy,TN,8/3/2020,6911372,2181,3,2,A518
P619,Elite Towers,Apartment,Chennai,TN,8/4/2020,6269603,1699,2,2,A519
P620,Elite Towers,Apartment,Perambalur,TN,8/5/2020,4944919,1927,3,2,A520
P621,Elite Towers,Apartment,Bangalore,KA,8/6/2020,6866161,1795,3,2,A521
P622,Elite Towers,Apartment,Coimbatore,TN,8/7/2020,7397564,2299,3,2,A522
P623,Elite Towers,Apartment,Kochi,KL,8/8/2020,6298518,2495,2,2,A523
P624,Elite Towers,Apartment,Hosur,TN,8/9/2020,5961831,1780,3,2,A524
P625,Elite Towers,Apartment,Trichy,TN,8/10/2020,8029333,1656,2,2,A525
P626,Elite Towers,Apartment,Chennai,TN,8/11/2020,6581609,1661,3,2,A526
P627,Elite Towers,Apartment,Perambalur,TN,8/12/2020,4895969,1765,2,2,A527
P628,Elite Towers,Apartment,Bangalore,KA,8/13/2020,8272892,1803,3,2,A528
P629,Elite Towers,Apartment,Coimbatore,TN,8/14/2020,5465930,1629,2,2,A529
P630,Elite Towers,Apartment,Kochi,KL,8/15/2020,4569176,1644,2,2,A530
P631,Golden Meadows Villa,Villa,Hosur,TN,8/16/2020,9019731,4750,4,2,A531
P632,Silver Land Estate,Plot,Trichy,TN,8/17/2020,7340816,2599,3,2,A532
P633,Golden Harvest Farm,Farmhouse,Chennai,TN,8/18/2020,6409848,3994,3,3,A533
P634,Golden Meadows Villa,Villa,Perambalur,TN,8/19/2020,7354926,3709,4,2,A534
P635,Silver Land Estate,Plot,Bangalore,KA,8/20/2020,5942111,1957,2,2,A535
P636,Golden Harvest Farm,Farmhouse,Coimbatore,TN,8/21/2020,7910268,5872,4,3,A536
P637,Golden Meadows Villa,Villa,Kochi,KL,8/22/2020,8537564,4952,3,2,A537
P638,Silver Land Estate,Plot,Hosur,TN,8/23/2020,9426551,1950,2,2,A538
P639,Golden Harvest Farm,Farmhouse,Trichy,TN,8/24/2020,7457793,3131,4,3,A539
P640,Golden Meadows Villa,Villa,Chennai,TN,8/25/2020,7147677,4831,3,2,A540
P641,Silver Land Estate,Plot,Perambalur,TN,8/26/2020,8059360,1768,3,2,A541
P642,Golden Harvest Farm,Farmhouse,Bangalore,KA,8/27/2020,5777299,4484,4,3,A542
P643,Golden Harvest Farm,Farmhouse,Coimbatore,TN,8/28/2020,5795022,5956,4,3,A543
P644,Golden Harvest Farm,Farmhouse,Kochi,KL,8/29/2020,5732555,3564,4,3,A544
P645,Golden Harvest Farm,Farmhouse,Hosur,TN,8/30/2020,7067835,5477,4,3,A545
P646,Golden Harvest Farm,Farmhouse,Trichy,TN,8/31/2020,6893542,5317,3,3,A546
P647,Golden Harvest Farm,Farmhouse,Chennai,TN,9/1/2020,8341924,5512,4,3,A547
P648,Golden Harvest Farm,Farmhouse,Perambalur,TN,9/2/2020,7179733,5251,3,3,A548
P649,Golden Harvest Farm,Farmhouse,Bangalore,KA,9/3/2020,6767167,2704,4,3,A549
P650,Golden Harvest Farm,Farmhouse,Coimbatore,TN,9/4/2020,6470640,4314,3,3,A550
P651,Golden Harvest Farm,Farmhouse,Kochi,KL,9/5/2020,4806577,5187,3,3,A551
P652,Golden Harvest Farm,Farmhouse,Hosur,TN,9/6/2020,8188302,3883,4,3,A552
P653,Golden Harvest Farm,Farmhouse,Trichy,TN,9/7/2020,4635011,5864,3,3,A553
P654,Golden Harvest Farm,Farmhouse,Chennai,TN,9/8/2020,8641194,3009,4,3,A554
P655,Golden Harvest Farm,Farmhouse,Perambalur,TN,9/9/2020,5448885,5900,3,3,A555
P656,Golden Harvest Farm,Farmhouse,Bangalore,KA,9/10/2020,8224247,5930,4,3,A556
P657,Golden Harvest Farm,Farmhouse,Coimbatore,TN,9/11/2020,8712357,5287,4,3,A557
P658,Golden Harvest Farm,Farmhouse,Kochi,KL,9/12/2020,6133222,5726,3,3,A558
P659,Golden Harvest Farm,Farmhouse,Hosur,TN,9/13/2020,7721988,2503,3,3,A559
P660,Golden Harvest Farm,Farmhouse,Trichy,TN,9/14/2020,6797565,5771,4,3,A560
P661,Golden Harvest Farm,Farmhouse,Chennai,TN,9/15/2020,7579059,2867,3,3,A561
P662,Golden Harvest Farm,Farmhouse,Perambalur,TN,9/16/2020,7580109,4550,3,3,A562
P663,Golden Harvest Farm,Farmhouse,Bangalore,KA,9/17/2020,8038255,4457,4,3,A563
P664,Golden Harvest Farm,Farmhouse,Coimbatore,TN,9/18/2020,5780310,5612,3,3,A564
P665,Golden Harvest Farm,Farmhouse,Kochi,KL,9/19/2020,8922097,3899,4,3,A565
P666,Golden Harvest Farm,Farmhouse,Hosur,TN,9/20/2020,8081435,3815,3,3,A566
P667,Golden Harvest Farm,Farmhouse,Trichy,TN,9/21/2020,5412872,5340,3,3,A567
P668,Golden Harvest Farm,Farmhouse,Chennai,TN,9/22/2020,7866890,5780,4,3,A568
P669,Golden Harvest Farm,Farmhouse,Perambalur,TN,9/23/2020,7449578,4191,3,3,A569
P670,Golden Harvest Farm,Farmhouse,Bangalore,KA,9/24/2020,6570124,3959,4,3,A570
P671,Golden Harvest Farm,Farmhouse,Coimbatore,TN,9/25/2020,6011166,5725,3,3,A571
P672,Golden Harvest Farm,Farmhouse,Kochi,KL,9/26/2020,6008369,3945,3,3,A572
P673,Golden Harvest Farm,Farmhouse,Hosur,TN,9/27/2020,4769641,3399,3,3,A573
P674,Golden Harvest Farm,Farmhouse,Trichy,TN,9/28/2020,6873554,5919,4,3,A574
P675,Golden Harvest Farm,Farmhouse,Chennai,TN,9/29/2020,8377381,4432,3,3,A575
P676,Golden Harvest Farm,Farmhouse,Perambalur,TN,9/30/2020,7704039,5604,4,3,A576
P677,Golden Harvest Farm,Farmhouse,Bangalore,KA,10/1/2020,7896785,2934,4,3,A577
P678,Golden Harvest Farm,Farmhouse,Coimbatore,TN,10/2/2020,7721451,5236,4,3,A578
P679,Golden Harvest Farm,Farmhouse,Kochi,KL,10/3/2020,4986548,3414,4,3,A579
P680,Golden Harvest Farm,Farmhouse,Hosur,TN,10/4/2020,6889813,3085,4,3,A580
P681,Golden Harvest Farm,Farmhouse,Trichy,TN,10/5/2020,8672877,5891,3,3,A581
P682,Golden Harvest Farm,Farmhouse,Chennai,TN,10/6/2020,6814049,2584,3,3,A582
P683,Golden Harvest Farm,Farmhouse,Perambalur,TN,10/7/2020,5472919,4524,4,3,A583
P684,Golden Harvest Farm,Farmhouse,Bangalore,KA,10/8/2020,5025935,5495,3,3,A584
P685,Golden Harvest Farm,Farmhouse,Coimbatore,TN,10/9/2020,8224073,3703,4,3,A585
P686,Golden Harvest Farm,Farmhouse,Kochi,KL,10/10/2020,5849917,5276,4,3,A586
P687,Golden Harvest Farm,Farmhouse,Hosur,TN,10/11/2020,6268755,5009,3,3,A587
P688,Golden Harvest Farm,Farmhouse,Trichy,TN,10/12/2020,9309425,2639,4,3,A588
P689,Golden Harvest Farm,Farmhouse,Chennai,TN,10/13/2020,6336384,2831,4,3,A589
P690,Golden Harvest Farm,Farmhouse,Perambalur,TN,10/14/2020,4560358,3388,4,3,A590
P691,Golden Harvest Farm,Farmhouse,Bangalore,KA,10/15/2020,8619208,5099,3,3,A591
P692,Golden Harvest Farm,Farmhouse,Coimbatore,TN,10/16/2020,6287327,5863,4,3,A592
P693,Golden Harvest Farm,Farmhouse,Kochi,KL,10/17/2020,6309237,4433,3,3,A593
P694,Golden Harvest Farm,Farmhouse,Hosur,TN,10/18/2020,9299975,3082,3,3,A594
P695,Golden Harvest Farm,Farmhouse,Trichy,TN,10/19/2020,9004066,4833,4,3,A595
P696,Golden Harvest Farm,Farmhouse,Chennai,TN,10/20/2020,4657070,3141,3,3,A596
P697,Golden Harvest Farm,Farmhouse,Perambalur,TN,10/21/2020,6927548,3565,4,3,A597
P698,Golden Harvest Farm,Farmhouse,Bangalore,KA,10/22/2020,6132503,3844,4,3,A598
P699,Golden Harvest Farm,Farmhouse,Coimbatore,TN,10/23/2020,6483220,4949,3,3,A599
P700,Golden Harvest Farm,Farmhouse,Kochi,KL,10/24/2020,9113099,4117,3,3,A600
P701,Golden Harvest Farm,Farmhouse,Hosur,TN,10/25/2020,5402417,4599,4,3,A601
P702,Golden Harvest Farm,Farmhouse,Trichy,TN,10/26/2020,8539651,4157,4,3,A602
P703,Golden Harvest Farm,Farmhouse,Chennai,TN,10/27/2020,5006731,4148,3,3,A603
P704,Golden Harvest Farm,Farmhouse,Perambalur,TN,10/28/2020,5063391,4265,4,3,A604
P705,Golden Harvest Farm,Farmhouse,Bangalore,KA,10/29/2020,4911369,3964,4,3,A605
P706,Golden Harvest Farm,Farmhouse,Coimbatore,TN,10/30/2020,8572374,5577,4,3,A606
P707,Golden Harvest Farm,Farmhouse,Kochi,KL,10/31/2020,5947554,5587,3,3,A607
P708,Golden Harvest Farm,Farmhouse,Hosur,TN,11/1/2020,6346402,3428,4,3,A608
P709,Golden Harvest Farm,Farmhouse,Trichy,TN,11/2/2020,7091833,2929,4,3,A609
P710,Golden Harvest Farm,Farmhouse,Chennai,TN,11/3/2020,8476168,3747,3,3,A610
P711,Golden Harvest Farm,Farmhouse,Perambalur,TN,11/4/2020,5072001,2778,3,3,A611
P712,Golden Harvest Farm,Farmhouse,Bangalore,KA,11/5/2020,6309282,3910,3,3,A612
P713,Golden Harvest Farm,Farmhouse,Coimbatore,TN,11/6/2020,7858070,3121,3,3,A613
P714,Golden Harvest Farm,Farmhouse,Kochi,KL,11/7/2020,5350083,4023,4,3,A614
P715,Golden Harvest Farm,Farmhouse,Hosur,TN,11/8/2020,6831028,2864,3,3,A615
P716,Golden Harvest Farm,Farmhouse,Trichy,TN,11/9/2020,6814245,4972,3,3,A616
P717,Golden Harvest Farm,Farmhouse,Chennai,TN,11/10/2020,5094525,4159,4,3,A617
P718,Golden Harvest Farm,Farmhouse,Perambalur,TN,11/11/2020,8093057,5911,3,3,A618
P719,Golden Harvest Farm,Farmhouse,Bangalore,KA,11/12/2020,7587580,4884,4,3,A619
P720,Golden Harvest Farm,Farmhouse,Coimbatore,TN,11/13/2020,4736109,2917,4,3,A620
P721,Golden Harvest Farm,Farmhouse,Kochi,KL,11/14/2020,6610068,5437,3,3,A621
P722,Golden Harvest Farm,Farmhouse,Hosur,TN,11/15/2020,5619707,5293,4,3,A622
P723,Golden Harvest Farm,Farmhouse,Trichy,TN,11/16/2020,6773084,2519,3,3,A623
P724,Golden Harvest Farm,Farmhouse,Chennai,TN,11/17/2020,8037650,5349,3,3,A624
P725,Golden Harvest Farm,Farmhouse,Perambalur,TN,11/18/2020,9441293,5918,3,3,A625
P726,Golden Harvest Farm,Farmhouse,Bangalore,KA,11/19/2020,7275063,4372,3,3,A626
P727,Golden Harvest Farm,Farmhouse,Coimbatore,TN,11/20/2020,8296596,2509,4,3,A627
P728,Golden Harvest Farm,Farmhouse,Kochi,KL,11/21/2020,5757360,2590,3,3,A628
P729,Golden Harvest Farm,Farmhouse,Hosur,TN,11/22/2020,9335818,3508,3,3,A629
P730,Golden Harvest Farm,Farmhouse,Trichy,TN,11/23/2020,8105266,5649,3,3,A630
P731,Golden Harvest Farm,Farmhouse,Chennai,TN,11/24/2020,9453390,4880,4,3,A631
P732,Golden Harvest Farm,Farmhouse,Perambalur,TN,11/25/2020,5757740,3839,4,3,A632
P733,Golden Harvest Farm,Farmhouse,Bangalore,KA,11/26/2020,6142740,4196,3,3,A633
P734,Golden Harvest Farm,Farmhouse,Coimbatore,TN,11/27/2020,8130191,4322,3,3,A634
P735,Golden Harvest Farm,Farmhouse,Kochi,KL,11/28/2020,8028786,5203,3,3,A635
P736,Golden Harvest Farm,Farmhouse,Hosur,TN,11/29/2020,6617797,4280,4,3,A636
P737,Golden Harvest Farm,Farmhouse,Trichy,TN,11/30/2020,7004687,3924,3,3,A637
P738,Golden Harvest Farm,Farmhouse,Chennai,TN,12/1/2020,6586102,4026,3,3,A638
P739,Golden Harvest Farm,Farmhouse,Perambalur,TN,12/2/2020,8366605,3695,3,3,A639
P740,Golden Harvest Farm,Farmhouse,Bangalore,KA,12/3/2020,5800223,5561,4,3,A640
P741,Golden Harvest Farm,Farmhouse,Coimbatore,TN,12/4/2020,6140716,2987,4,3,A641
P742,Golden Harvest Farm,Farmhouse,Kochi,KL,12/5/2020,5506262,3066,4,3,A642
P743,Golden Harvest Farm,Farmhouse,Hosur,TN,12/6/2020,5547886,5387,4,3,A643
P744,Golden Harvest Farm,Farmhouse,Trichy,TN,12/7/2020,6989442,5475,3,3,A644
P745,Golden Harvest Farm,Farmhouse,Chennai,TN,12/8/2020,7814455,4751,4,3,A645
P746,Golden Harvest Farm,Farmhouse,Perambalur,TN,12/9/2020,6235986,5046,3,3,A646
P747,Golden Harvest Farm,Farmhouse,Bangalore,KA,12/10/2020,8476884,5495,3,3,A647
P748,Golden Harvest Farm,Farmhouse,Coimbatore,TN,12/11/2020,5634420,4593,4,3,A648
P749,Golden Harvest Farm,Farmhouse,Kochi,KL,12/12/2020,6498304,3054,4,3,A649
P750,Golden Harvest Farm,Farmhouse,Hosur,TN,12/13/2020,4600071,4583,4,3,A650
P751,Golden Harvest Farm,Farmhouse,Trichy,TN,12/14/2020,6744066,4104,3,3,A651
P752,Golden Harvest Farm,Farmhouse,Chennai,TN,12/15/2020,9250585,5781,4,3,A652
P753,Golden Harvest Farm,Farmhouse,Perambalur,TN,12/16/2020,7124199,4983,4,3,A653
P754,Golden Harvest Farm,Farmhouse,Bangalore,KA,12/17/2020,4566295,2928,3,3,A654
P755,Golden Harvest Farm,Farmhouse,Coimbatore,TN,12/18/2020,4692112,5745,4,3,A655
P756,Golden Harvest Farm,Farmhouse,Kochi,KL,12/19/2020,6748651,5319,4,3,A656
P757,Golden Harvest Farm,Farmhouse,Hosur,TN,12/20/2020,8256569,2593,3,3,A657
P758,Golden Harvest Farm,Farmhouse,Trichy,TN,12/21/2020,8069347,3310,4,3,A658
P759,Golden Harvest Farm,Farmhouse,Chennai,TN,12/22/2020,8529552,3846,3,3,A659
P760,Golden Harvest Farm,Farmhouse,Perambalur,TN,12/23/2020,6964374,4691,4,3,A660
P761,Golden Harvest Farm,Farmhouse,Bangalore,KA,12/24/2020,6119375,2647,3,3,A661
P762,Golden Harvest Farm,Farmhouse,Coimbatore,TN,12/25/2020,4940250,3056,3,3,A662
P763,Golden Harvest Farm,Farmhouse,Kochi,KL,12/26/2020,5521092,5469,3,3,A663
P764,Golden Harvest Farm,Farmhouse,Hosur,TN,12/27/2020,7868968,3492,4,3,A664
P765,Golden Harvest Farm,Farmhouse,Trichy,TN,12/28/2020,6299661,4561,4,3,A665
P766,Golden Harvest Farm,Farmhouse,Chennai,TN,12/29/2020,7898767,2709,3,3,A666
P767,Golden Harvest Farm,Farmhouse,Perambalur,TN,12/30/2020,5787428,3141,4,3,A667
P768,Golden Harvest Farm,Farmhouse,Bangalore,KA,12/31/2020,8210266,4074,4,3,A668
P769,Golden Harvest Farm,Farmhouse,Coimbatore,TN,1/1/2021,5240252,2823,3,3,A669
P770,Golden Harvest Farm,Farmhouse,Kochi,KL,1/2/2021,9323232,3454,4,3,A670
P771,Golden Harvest Farm,Farmhouse,Hosur,TN,1/3/2021,5313424,4425,3,3,A671
P772,Golden Harvest Farm,Farmhouse,Trichy,TN,1/4/2021,5832879,3379,4,3,A672
P773,Golden Harvest Farm,Farmhouse,Chennai,TN,1/5/2021,6543097,3650,3,3,A673
P774,Golden Harvest Farm,Farmhouse,Perambalur,TN,1/6/2021,7678811,2511,4,3,A674
P775,Golden Harvest Farm,Farmhouse,Bangalore,KA,1/7/2021,5844880,4015,4,3,A675
P776,Golden Harvest Farm,Farmhouse,Coimbatore,TN,1/8/2021,5397738,2620,3,3,A676
P777,Golden Harvest Farm,Farmhouse,Kochi,KL,1/9/2021,6527502,2587,3,3,A677
P778,Golden Harvest Farm,Farmhouse,Hosur,TN,1/10/2021,7196190,3883,3,3,A678
P779,Golden Harvest Farm,Farmhouse,Trichy,TN,1/11/2021,6972906,5338,3,3,A679
P780,Golden Harvest Farm,Farmhouse,Chennai,TN,1/12/2021,5277903,3306,4,3,A680
P781,Golden Harvest Farm,Farmhouse,Perambalur,TN,1/13/2021,8562437,2777,3,3,A681
P782,Golden Harvest Farm,Farmhouse,Bangalore,KA,1/14/2021,5922270,4195,4,3,A682
P783,Golden Harvest Farm,Farmhouse,Coimbatore,TN,1/15/2021,7952194,3154,4,3,A683
P784,Golden Harvest Farm,Farmhouse,Kochi,KL,1/16/2021,9388039,5071,3,3,A684
P785,Golden Harvest Farm,Farmhouse,Hosur,TN,1/17/2021,6380567,2580,3,3,A685
P786,Golden Harvest Farm,Farmhouse,Trichy,TN,1/18/2021,5835108,3982,4,3,A686
P787,Golden Harvest Farm,Farmhouse,Chennai,TN,1/19/2021,7208658,5400,3,3,A687
P788,Golden Harvest Farm,Farmhouse,Perambalur,TN,1/20/2021,7031896,3490,3,3,A688
P789,Golden Harvest Farm,Farmhouse,Bangalore,KA,1/21/2021,9025792,4372,3,3,A689
P790,Golden Harvest Farm,Farmhouse,Coimbatore,TN,1/22/2021,7578877,4369,3,3,A690
P791,Greenfield Plot,Plot,Kochi,KL,1/23/2021,5069975,1815,2,2,A691
P792,Greenfield Plot,Plot,Hosur,TN,1/24/2021,8173414,2818,2,2,A692
P793,Greenfield Plot,Plot,Trichy,TN,1/25/2021,4552095,2671,2,2,A693
P794,Greenfield Plot,Plot,Chennai,TN,1/26/2021,6826993,1203,3,2,A694
P795,Greenfield Plot,Plot,Perambalur,TN,1/27/2021,4612933,2414,3,2,A695
P796,Greenfield Plot,Plot,Bangalore,KA,1/28/2021,5022960,1352,3,2,A696
P797,Greenfield Plot,Plot,Coimbatore,TN,1/29/2021,7042626,2040,2,2,A697
P798,Greenfield Plot,Plot,Kochi,KL,1/30/2021,7984404,2433,2,2,A698
P799,Greenfield Plot,Plot,Hosur,TN,1/31/2021,8315571,1458,2,2,A699
P800,Greenfield Plot,Plot,Trichy,TN,2/1/2021,4997438,1509,3,2,A700
P801,Greenfield Plot,Plot,Chennai,TN,2/2/2021,8113091,1336,3,2,A701
P802,Greenfield Plot,Plot,Perambalur,TN,2/3/2021,5090382,2617,2,2,A702
P803,Greenfield Plot,Plot,Bangalore,KA,2/4/2021,5966944,2780,2,2,A703
P804,Greenfield Plot,Plot,Coimbatore,TN,2/5/2021,6815674,2039,2,2,A704
P805,Greenfield Plot,Plot,Kochi,KL,2/6/2021,8155524,2571,3,2,A705
P806,Greenfield Plot,Plot,Hosur,TN,2/7/2021,7385481,1130,3,2,A706
P807,Greenfield Plot,Plot,Trichy,TN,2/8/2021,9273625,1493,2,2,A707
P808,Greenfield Plot,Plot,Chennai,TN,2/9/2021,5437824,2204,2,2,A708
P809,Greenfield Plot,Plot,Perambalur,TN,2/10/2021,8920886,2707,2,2,A709
P810,Greenfield Plot,Plot,Bangalore,KA,2/11/2021,8964168,1969,2,2,A710
P811,Greenfield Plot,Plot,Coimbatore,TN,2/12/2021,4718520,2555,2,2,A711
P812,Greenfield Plot,Plot,Kochi,KL,2/13/2021,5044501,1120,2,2,A712
P813,Greenfield Plot,Plot,Hosur,TN,2/14/2021,8615258,2147,2,2,A713
P814,Greenfield Plot,Plot,Trichy,TN,2/15/2021,7963656,1344,2,2,A714
P815,Greenfield Plot,Plot,Chennai,TN,2/16/2021,7524799,2798,2,2,A715
P816,Greenfield Plot,Plot,Perambalur,TN,2/17/2021,8060655,1929,2,2,A716
P817,Greenfield Plot,Plot,Bangalore,KA,2/18/2021,5464896,1729,3,2,A717
P818,Greenfield Plot,Plot,Coimbatore,TN,2/19/2021,6051797,1317,2,2,A718
P819,Greenfield Plot,Plot,Kochi,KL,2/20/2021,5269365,1207,2,2,A719
P820,Greenfield Plot,Plot,Hosur,TN,2/21/2021,5421448,2611,2,2,A720
P821,Greenfield Plot,Plot,Trichy,TN,2/22/2021,7232787,2021,2,2,A721
P822,Greenfield Plot,Plot,Chennai,TN,2/23/2021,8042049,1571,3,2,A722
P823,Greenfield Plot,Plot,Perambalur,TN,2/24/2021,8530302,1582,3,2,A723
P824,Greenfield Plot,Plot,Bangalore,KA,2/25/2021,6043982,2736,3,2,A724
P825,Greenfield Plot,Plot,Coimbatore,TN,2/26/2021,4965726,2961,2,2,A725
P826,Greenfield Plot,Plot,Kochi,KL,2/27/2021,9069279,2073,3,2,A726
P827,Greenfield Plot,Plot,Hosur,TN,2/28/2021,9029390,2087,3,2,A727
P828,Greenfield Plot,Plot,Trichy,TN,3/1/2021,6525689,2959,2,2,A728
P829,Greenfield Plot,Plot,Chennai,TN,3/2/2021,4833061,2241,2,2,A729
P830,Greenfield Plot,Plot,Perambalur,TN,3/3/2021,6864384,1387,3,2,A730
P831,Greenfield Plot,Plot,Bangalore,KA,3/4/2021,4658679,2145,2,2,A731
P832,Greenfield Plot,Plot,Coimbatore,TN,3/5/2021,8461584,2542,2,2,A732
P833,Greenfield Plot,Plot,Kochi,KL,3/6/2021,6679127,1838,3,2,A733
P834,Greenfield Plot,Plot,Hosur,TN,3/7/2021,6434147,1504,2,2,A734
P835,Greenfield Plot,Plot,Trichy,TN,3/8/2021,6610516,2472,3,2,A735
P836,Greenfield Plot,Plot,Chennai,TN,3/9/2021,8730421,1323,3,2,A736
P837,Greenfield Plot,Plot,Perambalur,TN,3/10/2021,5751906,1809,2,2,A737
P838,Greenfield Plot,Plot,Bangalore,KA,3/11/2021,8860517,2620,3,2,A738
P839,Greenfield Plot,Plot,Coimbatore,TN,3/12/2021,8777829,2174,2,2,A739
P840,Greenfield Plot,Plot,Kochi,KL,3/13/2021,8466730,1218,3,2,A740
P841,Greenfield Plot,Plot,Hosur,TN,3/14/2021,8667251,2309,3,2,A741
P842,Greenfield Plot,Plot,Trichy,TN,3/15/2021,8043438,2266,3,2,A742
P843,Greenfield Plot,Plot,Chennai,TN,3/16/2021,5705746,1267,2,2,A743
P844,Greenfield Plot,Plot,Perambalur,TN,3/17/2021,6428466,1839,2,2,A744
P845,Greenfield Plot,Plot,Bangalore,KA,3/18/2021,7738667,2232,3,2,A745
P846,Greenfield Plot,Plot,Coimbatore,TN,3/19/2021,5250600,2969,2,2,A746
P847,Greenfield Plot,Plot,Kochi,KL,3/20/2021,7272265,1579,2,2,A747
P848,Greenfield Plot,Plot,Hosur,TN,3/21/2021,5567295,1133,3,2,A748
P849,Greenfield Plot,Plot,Trichy,TN,3/22/2021,9330402,1741,3,2,A749
P850,Greenfield Plot,Plot,Chennai,TN,3/23/2021,7874132,1932,3,2,A750
P851,Greenfield Plot,Plot,Perambalur,TN,3/24/2021,8389890,2215,3,2,A751
P852,Greenfield Plot,Plot,Bangalore,KA,3/25/2021,5669607,1802,2,2,A752
P853,Greenfield Plot,Plot,Coimbatore,TN,3/26/2021,7677440,1136,2,2,A753
P854,Greenfield Plot,Plot,Kochi,KL,3/27/2021,5125441,1310,3,2,A754
P855,Greenfield Plot,Plot,Hosur,TN,3/28/2021,9067778,1443,3,2,A755
P856,Greenfield Plot,Plot,Trichy,TN,3/29/2021,8334165,1929,2,2,A756
P857,Greenfield Plot,Plot,Chennai,TN,3/30/2021,8423136,2664,3,2,A757
P858,Greenfield Plot,Plot,Perambalur,TN,3/31/2021,7812652,1886,3,2,A758
P859,Greenfield Plot,Plot,Bangalore,KA,4/1/2021,6603951,1605,2,2,A759
P860,Greenfield Plot,Plot,Coimbatore,TN,4/2/2021,5226047,1417,2,2,A760
P861,Greenfield Plot,Plot,Kochi,KL,4/3/2021,5801723,1256,2,2,A761
P862,Greenfield Plot,Plot,Hosur,TN,4/4/2021,7679761,2513,3,2,A762
P863,Greenfield Plot,Plot,Trichy,TN,4/5/2021,7182590,2495,3,2,A763
P864,Greenfield Plot,Plot,Chennai,TN,4/6/2021,8666750,1736,3,2,A764
P865,Greenfield Plot,Plot,Perambalur,TN,4/7/2021,7985776,2896,2,2,A765
P866,Greenfield Plot,Plot,Bangalore,KA,4/8/2021,6447273,1450,2,2,A766
P867,Greenfield Plot,Plot,Coimbatore,TN,4/9/2021,7737094,2519,3,2,A767
P868,Greenfield Plot,Plot,Kochi,KL,4/10/2021,9489885,1906,3,2,A768
P869,Greenfield Plot,Plot,Hosur,TN,4/11/2021,8067877,2167,3,2,A769
P870,Greenfield Plot,Plot,Trichy,TN,4/12/2021,8889397,1191,2,2,A770
P871,Greenfield Plot,Plot,Chennai,TN,4/13/2021,6451274,1345,2,2,A771
P872,Greenfield Plot,Plot,Perambalur,TN,4/14/2021,8622779,2637,3,2,A772
P873,Greenfield Plot,Plot,Bangalore,KA,4/15/2021,7171343,2583,3,2,A773
P874,Greenfield Plot,Plot,Coimbatore,TN,4/16/2021,8669169,2538,3,2,A774
P875,Greenfield Plot,Plot,Kochi,KL,4/17/2021,5025013,1456,2,2,A775
P876,Greenfield Plot,Plot,Hosur,TN,4/18/2021,6504100,1349,2,2,A776
P877,Greenfield Plot,Plot,Trichy,TN,4/19/2021,7081320,1857,3,2,A777
P878,Greenfield Plot,Plot,Chennai,TN,4/20/2021,7843308,2297,3,2,A778
P879,Greenfield Plot,Plot,Perambalur,TN,4/21/2021,7862987,1686,2,2,A779
P880,Greenfield Plot,Plot,Bangalore,KA,4/22/2021,9324988,2744,3,2,A780
P881,Greenfield Plot,Plot,Coimbatore,TN,4/23/2021,5108990,2163,2,2,A781
P882,Greenfield Plot,Plot,Kochi,KL,4/24/2021,6832786,2335,3,2,A782
P883,Greenfield Plot,Plot,Hosur,TN,4/25/2021,5235397,2065,3,2,A783
P884,Greenfield Plot,Plot,Trichy,TN,4/26/2021,8457273,1680,3,2,A784
P885,Greenfield Plot,Plot,Chennai,TN,4/27/2021,5585209,2380,3,2,A785
P886,Greenfield Plot,Plot,Perambalur,TN,4/28/2021,6664875,2412,3,2,A786
P887,Greenfield Plot,Plot,Bangalore,KA,4/29/2021,5957601,2428,2,2,A787
P888,Greenfield Plot,Plot,Coimbatore,TN,4/30/2021,4621618,2881,2,2,A788
P889,Greenfield Plot,Plot,Kochi,KL,5/1/2021,5872610,2506,3,2,A789
P890,Greenfield Plot,Plot,Hosur,TN,5/2/2021,7187147,2646,3,2,A790
P891,Greenfield Plot,Plot,Trichy,TN,5/3/2021,6973739,1556,2,2,A791
P892,Greenfield Plot,Plot,Chennai,TN,5/4/2021,4845166,1608,2,2,A792
P893,Greenfield Plot,Plot,Perambalur,TN,5/5/2021,5879709,1666,2,2,A793
P894,Greenfield Plot,Plot,Bangalore,KA,5/6/2021,7413630,1007,3,2,A794
P895,Greenfield Plot,Plot,Coimbatore,TN,5/7/2021,8694294,2782,2,2,A795
P896,Greenfield Plot,Plot,Kochi,KL,5/8/2021,5259068,2876,2,2,A796
P897,Greenfield Plot,Plot,Hosur,TN,5/9/2021,8135247,1241,2,2,A797
P898,Greenfield Plot,Plot,Trichy,TN,5/10/2021,4516351,1813,2,2,A798
P899,Greenfield Plot,Plot,Chennai,TN,5/11/2021,8141240,1162,3,2,A799
P900,Greenfield Plot,Plot,Perambalur,TN,5/12/2021,7978976,1906,2,2,A800
P901,Greenfield Plot,Plot,Bangalore,KA,5/13/2021,6506765,2876,3,2,A801
P902,Greenfield Plot,Plot,Coimbatore,TN,5/14/2021,7642270,1606,2,2,A802
P903,Greenfield Plot,Plot,Kochi,KL,5/15/2021,6978194,2545,3,2,A803
P904,Greenfield Plot,Plot,Hosur,TN,5/16/2021,6651102,2553,3,2,A804
P905,Greenfield Plot,Plot,Trichy,TN,5/17/2021,9414879,1062,2,2,A805
P906,Greenfield Plot,Plot,Chennai,TN,5/18/2021,5198915,1449,3,2,A806
P907,Greenfield Plot,Plot,Perambalur,TN,5/19/2021,8573752,2744,2,2,A807
P908,Greenfield Plot,Plot,Bangalore,KA,5/20/2021,6799363,1053,2,2,A808
P909,Greenfield Plot,Plot,Coimbatore,TN,5/21/2021,6080646,1784,2,2,A809
P910,Greenfield Plot,Plot,Kochi,KL,5/22/2021,9267360,2206,2,2,A810
P911,Greenfield Plot,Plot,Hosur,TN,5/23/2021,8410253,2986,3,2,A811
P912,Greenfield Plot,Plot,Trichy,TN,5/24/2021,6115950,1595,2,2,A812
P913,Greenfield Plot,Plot,Chennai,TN,5/25/2021,5916247,1806,3,2,A813
P914,Greenfield Plot,Plot,Perambalur,TN,5/26/2021,7464193,1488,2,2,A814
P915,Greenfield Plot,Plot,Bangalore,KA,5/27/2021,8211423,1632,2,2,A815
P916,Greenfield Plot,Plot,Coimbatore,TN,5/28/2021,8375115,2931,2,2,A816
P917,Greenfield Plot,Plot,Kochi,KL,5/29/2021,5317458,2877,2,2,A817
P918,Greenfield Plot,Plot,Hosur,TN,5/30/2021,7599510,2213,2,2,A818
P919,Greenfield Plot,Plot,Trichy,TN,5/31/2021,8827868,1609,3,2,A819
P920,Greenfield Plot,Plot,Chennai,TN,6/1/2021,6224448,2663,3,2,A820
P921,Greenfield Plot,Plot,Perambalur,TN,6/2/2021,6405870,2068,2,2,A821
P922,Greenfield Plot,Plot,Bangalore,KA,6/3/2021,6756754,1544,2,2,A822
P923,Greenfield Plot,Plot,Coimbatore,TN,6/4/2021,9459905,2566,2,2,A823
P924,Greenfield Plot,Plot,Kochi,KL,6/5/2021,7904445,1942,2,2,A824
P925,Greenfield Plot,Plot,Hosur,TN,6/6/2021,7898099,1486,2,2,A825
P926,Greenfield Plot,Plot,Trichy,TN,6/7/2021,4988555,2263,3,2,A826
P927,Greenfield Plot,Plot,Chennai,TN,6/8/2021,5531747,1755,2,2,A827
P928,Greenfield Plot,Plot,Perambalur,TN,6/9/2021,6954655,1612,2,2,A828
P929,Greenfield Plot,Plot,Bangalore,KA,6/10/2021,8170873,1067,3,2,A829
P930,Greenfield Plot,Plot,Coimbatore,TN,6/11/2021,6235635,1241,2,2,A830
P931,Greenfield Plot,Plot,Kochi,KL,6/12/2021,7405161,2727,2,2,A831
P932,Greenfield Plot,Plot,Hosur,TN,6/13/2021,6111931,2592,2,2,A832
P933,Greenfield Plot,Plot,Trichy,TN,6/14/2021,5164035,2657,2,2,A833
P934,Greenfield Plot,Plot,Chennai,TN,6/15/2021,6051078,1075,3,2,A834
P935,Greenfield Plot,Plot,Perambalur,TN,6/16/2021,6500695,1528,2,2,A835
P936,Greenfield Plot,Plot,Bangalore,KA,6/17/2021,7495108,2266,3,2,A836
P937,Greenfield Plot,Plot,Coimbatore,TN,6/18/2021,6312911,1939,2,2,A837
P938,Greenfield Plot,Plot,Kochi,KL,6/19/2021,9212123,2540,3,2,A838
P939,Greenfield Plot,Plot,Hosur,TN,6/20/2021,4582391,2503,3,2,A839
P940,Greenfield Plot,Plot,Trichy,TN,6/21/2021,4855442,1422,2,2,A840
P941,Greenfield Plot,Plot,Chennai,TN,6/22/2021,5787395,2880,2,2,A841
P942,Greenfield Plot,Plot,Perambalur,TN,6/23/2021,6803343,1453,2,2,A842
P943,Greenfield Plot,Plot,Bangalore,KA,6/24/2021,6043781,2709,2,2,A843
P944,Greenfield Plot,Plot,Coimbatore,TN,6/25/2021,5259290,1701,3,2,A844
P945,Greenfield Plot,Plot,Kochi,KL,6/26/2021,8792229,1799,2,2,A845
P946,Greenfield Plot,Plot,Hosur,TN,6/27/2021,5685394,1154,3,2,A846
P947,Greenfield Plot,Plot,Trichy,TN,6/28/2021,7087384,2081,2,2,A847
P948,Greenfield Plot,Plot,Chennai,TN,6/29/2021,5528321,1140,3,2,A848
P949,Greenfield Plot,Plot,Perambalur,TN,6/30/2021,8727834,2991,2,2,A849
P950,Greenfield Plot,Plot,Bangalore,KA,7/1/2021,7511641,2943,3,2,A850
P951,Greenfield Plot,Plot,Coimbatore,TN,7/2/2021,9200197,1472,3,2,A851
P952,Greenfield Plot,Plot,Kochi,KL,7/3/2021,9008765,2912,3,2,A852
P953,Greenfield Plot,Plot,Hosur,TN,7/4/2021,8218280,1711,3,2,A853
P954,Greenfield Plot,Plot,Trichy,TN,7/5/2021,7412022,2191,3,2,A854
P955,Greenfield Plot,Plot,Chennai,TN,7/6/2021,6027651,2451,2,2,A855
P956,Greenfield Plot,Plot,Perambalur,TN,7/7/2021,8448509,2277,3,2,A856
P957,Greenfield Plot,Plot,Bangalore,KA,7/8/2021,6218151,1195,2,2,A857
P958,Greenfield Plot,Plot,Coimbatore,TN,7/9/2021,5741406,2988,3,2,A858
P959,Greenfield Plot,Plot,Kochi,KL,7/10/2021,6913171,1450,3,2,A859
P960,Greenfield Plot,Plot,Hosur,TN,7/11/2021,5197004,2272,3,2,A860
P961,Greenfield Plot,Plot,Trichy,TN,7/12/2021,4523800,2018,3,2,A861
P962,Greenfield Plot,Plot,Chennai,TN,7/13/2021,7826629,2013,3,2,A862
P963,Greenfield Plot,Plot,Perambalur,TN,7/14/2021,6952170,2997,3,2,A863
P964,Greenfield Plot,Plot,Bangalore,KA,7/15/2021,4632416,2331,3,2,A864
P965,Greenfield Plot,Plot,Coimbatore,TN,7/16/2021,4507333,2476,3,2,A865
P966,Greenfield Plot,Plot,Kochi,KL,7/17/2021,5208339,2762,3,2,A866
P967,Greenfield Plot,Plot,Hosur,TN,7/18/2021,4734265,1899,3,2,A867
P968,Greenfield Plot,Plot,Trichy,TN,7/19/2021,7187375,2607,3,2,A868
P969,Greenfield Plot,Plot,Chennai,TN,7/20/2021,4523763,2371,3,2,A869
P970,Greenfield Plot,Plot,Perambalur,TN,7/21/2021,5329922,2632,3,2,A870
P971,Greenfield Plot,Plot,Bangalore,KA,7/22/2021,5128679,2303,2,2,A871
P972,Greenfield Plot,Plot,Coimbatore,TN,7/23/2021,7707885,1505,3,2,A872
P973,Greenfield Plot,Plot,Kochi,KL,7/24/2021,7894784,1686,2,2,A873
P974,Greenfield Plot,Plot,Hosur,TN,7/25/2021,6784191,1862,3,2,A874
P975,Greenfield Plot,Plot,Trichy,TN,7/26/2021,6727204,2746,3,2,A875
P976,Greenfield Plot,Plot,Chennai,TN,7/27/2021,5401347,2195,2,2,A876
P977,Greenfield Plot,Plot,Perambalur,TN,7/28/2021,9313099,1969,3,2,A877
P978,Greenfield Plot,Plot,Bangalore,KA,7/29/2021,5117737,1137,2,2,A878
P979,Greenfield Plot,Plot,Coimbatore,TN,7/30/2021,8068562,1987,2,2,A879
P980,Greenfield Plot,Plot,Kochi,KL,7/31/2021,5095409,2089,3,2,A880
P981,Greenfield Plot,Plot,Hosur,TN,8/1/2021,4771725,2594,3,2,A881
P982,Greenfield Plot,Plot,Trichy,TN,8/2/2021,5730641,1364,2,2,A882
P983,Greenfield Plot,Plot,Chennai,TN,8/3/2021,9474985,2655,2,2,A883
P984,Greenfield Plot,Plot,Perambalur,TN,8/4/2021,5781561,2077,2,2,A884
P985,Greenfield Plot,Plot,Bangalore,KA,8/5/2021,7157216,2604,2,2,A885
P986,Greenfield Plot,Plot,Coimbatore,TN,8/6/2021,5605315,1361,2,2,A886
P987,Greenfield Plot,Plot,Kochi,KL,8/7/2021,8011060,1204,2,2,A887
P988,Greenfield Plot,Plot,Hosur,TN,8/8/2021,5599877,2396,2,2,A888
P989,Greenfield Plot,Plot,Trichy,TN,8/9/2021,8861026,1049,2,2,A889
P990,Greenfield Plot,Plot,Chennai,TN,8/10/2021,7953892,1213,2,2,A890
P991,Greenfield Plot,Plot,Perambalur,TN,8/11/2021,6858772,2771,2,2,A891
P992,Greenfield Plot,Plot,Bangalore,KA,8/12/2021,6470741,2977,2,2,A892
P993,Greenfield Plot,Plot,Coimbatore,TN,8/13/2021,8818648,2265,3,2,A893
P994,Greenfield Plot,Plot,Kochi,KL,8/14/2021,8093525,2172,3,2,A894
P995,Greenfield Plot,Plot,Hosur,TN,8/15/2021,7647631,1669,3,2,A895
P996,Greenfield Plot,Plot,Trichy,TN,8/16/2021,5837581,2000,2,2,A896
P997,Greenfield Plot,Plot,Chennai,TN,8/17/2021,6572232,1151,2,2,A897
P998,Greenfield Plot,Plot,Perambalur,TN,8/18/2021,5433247,2547,2,2,A898
P999,Greenfield Plot,Plot,Bangalore,KA,8/19/2021,6115131,2287,3,2,A899
P1000,Greenfield Plot,Plot,Coimbatore,TN,8/20/2021,9441639,1695,2,2,A900
P1001,Greenfield Plot,Plot,Kochi,KL,8/21/2021,5355054,2940,2,2,A901
P1002,Greenfield Plot,Plot,Hosur,TN,8/22/2021,7312442,2353,3,2,A902
P1003,Greenfield Plot,Plot,Trichy,TN,8/23/2021,8404350,1435,2,2,A903
P1004,Greenfield Plot,Plot,Chennai,TN,8/24/2021,7940714,2953,3,2,A904
P1005,Greenfield Plot,Plot,Perambalur,TN,8/25/2021,6440707,2424,2,2,A905
P1006,Greenfield Plot,Plot,Bangalore,KA,8/26/2021,5816036,1598,3,2,A906
P1007,Greenfield Plot,Plot,Coimbatore,TN,8/27/2021,7086792,1720,2,2,A907
P1008,Greenfield Plot,Plot,Kochi,KL,8/28/2021,7036650,1118,2,2,A908
P1009,Greenfield Plot,Plot,Hosur,TN,8/29/2021,4539351,1607,2,2,A909
P1010,Greenfield Plot,Plot,Trichy,TN,8/30/2021,4962876,1349,3,2,A910
P1011,Greenfield Plot,Plot,Chennai,TN,8/31/2021,9398212,2785,3,2,A911
P1012,Greenfield Plot,Plot,Perambalur,TN,9/1/2021,6951122,1048,2,2,A912
P1013,Greenfield Plot,Plot,Bangalore,KA,9/2/2021,7783568,1360,2,2,A913
P1014,Greenfield Plot,Plot,Coimbatore,TN,9/3/2021,6731858,1108,3,2,A914
P1015,Greenfield Plot,Plot,Kochi,KL,9/4/2021,7605467,2960,3,2,A915
P1016,Greenfield Plot,Plot,Hosur,TN,9/5/2021,5849935,2086,2,2,A916
P1017,Greenfield Plot,Plot,Trichy,TN,9/6/2021,4615191,1817,2,2,A917
P1018,Greenfield Plot,Plot,Chennai,TN,9/7/2021,8187998,2045,2,2,A918
P1019,Greenfield Plot,Plot,Perambalur,TN,9/8/2021,7410559,2115,2,2,A919
P1020,Greenfield Plot,Plot,Bangalore,KA,9/9/2021,5500093,2363,2,2,A920
P1021,Greenfield Plot,Plot,Coimbatore,TN,9/10/2021,5144442,1065,3,2,A921
P1022,Greenfield Plot,Plot,Kochi,KL,9/11/2021,9208054,2558,2,2,A922
P1023,Greenfield Plot,Plot,Hosur,TN,9/12/2021,5284273,1701,2,2,A923
P1024,Greenfield Plot,Plot,Trichy,TN,9/13/2021,6199268,2949,2,2,A924
P1025,Greenfield Plot,Plot,Chennai,TN,9/14/2021,8627052,2319,3,2,A925
P1026,Greenfield Plot,Plot,Perambalur,TN,9/15/2021,7770140,2793,2,2,A926
P1027,Greenfield Plot,Plot,Bangalore,KA,9/16/2021,6725566,1382,2,2,A927
P1028,Greenfield Plot,Plot,Coimbatore,TN,9/17/2021,9261606,1100,3,2,A928
P1029,Greenfield Plot,Plot,Kochi,KL,9/18/2021,7542738,1235,3,2,A929
P1030,Greenfield Plot,Plot,Hosur,TN,9/19/2021,5725937,2826,3,2,A930
P1031,Greenfield Plot,Plot,Trichy,TN,9/20/2021,8859958,2053,2,2,A931
P1032,Greenfield Plot,Plot,Chennai,TN,9/21/2021,8232797,1681,2,2,A932
P1033,Greenfield Plot,Plot,Perambalur,TN,9/22/2021,4673808,1734,2,2,A933
P1034,Greenfield Plot,Plot,Bangalore,KA,9/23/2021,5833227,2452,3,2,A934
P1035,Greenfield Plot,Plot,Coimbatore,TN,9/24/2021,8649191,2780,2,2,A935
P1036,Greenfield Plot,Plot,Kochi,KL,9/25/2021,4684462,1250,3,2,A936
P1037,Greenfield Plot,Plot,Hosur,TN,9/26/2021,7237529,2044,3,2,A937
P1038,Greenfield Plot,Plot,Trichy,TN,9/27/2021,8652626,2528,3,2,A938
P1039,Greenfield Plot,Plot,Chennai,TN,9/28/2021,5819824,2319,3,2,A939
P1040,Greenfield Plot,Plot,Perambalur,TN,9/29/2021,6098939,1025,3,2,A940
P1041,Greenfield Plot,Plot,Bangalore,KA,9/30/2021,6481495,1088,2,2,A941
P1042,Greenfield Plot,Plot,Coimbatore,TN,10/1/2021,6959781,1990,3,2,A942
P1043,Greenfield Plot,Plot,Kochi,KL,10/2/2021,5590041,2759,3,2,A943
P1044,Greenfield Plot,Plot,Hosur,TN,10/3/2021,8302547,2229,2,2,A944
P1045,Greenfield Plot,Plot,Trichy,TN,10/4/2021,8173141,2665,3,2,A945
P1046,Greenfield Plot,Plot,Chennai,TN,10/5/2021,5122351,1959,3,2,A946
P1047,Greenfield Plot,Plot,Perambalur,TN,10/6/2021,6457414,2299,2,2,A947
P1048,Greenfield Plot,Plot,Bangalore,KA,10/7/2021,6914268,2006,3,2,A948
P1049,Greenfield Plot,Plot,Coimbatore,TN,10/8/2021,5173085,1697,3,2,A949
P1050,Greenfield Plot,Plot,Kochi,KL,10/9/2021,7005625,1554,2,2,A950
P1051,Greenfield Plot,Plot,Hosur,TN,10/10/2021,4653361,2590,3,2,A951
P1052,Greenfield Plot,Plot,Trichy,TN,10/11/2021,4932950,1512,2,2,A952
P1053,Greenfield Plot,Plot,Chennai,TN,10/12/2021,6633683,2788,2,2,A953
P1054,Greenfield Plot,Plot,Perambalur,TN,10/13/2021,6494944,2098,2,2,A954
P1055,Greenfield Plot,Plot,Bangalore,KA,10/14/2021,8057223,2082,3,2,A955
P1056,Greenfield Plot,Plot,Coimbatore,TN,10/15/2021,8736850,2282,3,2,A956
P1057,Greenfield Plot,Plot,Kochi,KL,10/16/2021,6709879,1858,3,2,A957
P1058,Greenfield Plot,Plot,Hosur,TN,10/17/2021,6960098,2507,3,2,A958
P1059,Greenfield Plot,Plot,Trichy,TN,10/18/2021,5779065,1327,2,2,A959
P1060,Greenfield Plot,Plot,Chennai,TN,10/19/2021,5847540,1272,3,2,A960
P1061,Greenfield Plot,Plot,Perambalur,TN,10/20/2021,4627106,2507,2,2,A961
P1062,Greenfield Plot,Plot,Bangalore,KA,10/21/2021,5140874,2708,2,2,A962
P1063,Greenfield Plot,Plot,Coimbatore,TN,10/22/2021,7954106,1042,3,2,A963
P1064,Greenfield Plot,Plot,Kochi,KL,10/23/2021,6317103,1750,2,2,A964
P1065,Greenfield Plot,Plot,Hosur,TN,10/24/2021,5019185,1833,2,2,A965
P1066,Greenfield Plot,Plot,Trichy,TN,10/25/2021,9162055,2845,3,2,A966
P1067,Greenfield Plot,Plot,Chennai,TN,10/26/2021,9409873,2363,3,2,A967
P1068,Greenfield Plot,Plot,Perambalur,TN,10/27/2021,5206061,1934,3,2,A968
P1069,Greenfield Plot,Plot,Bangalore,KA,10/28/2021,5463021,1988,2,2,A969
P1070,Greenfield Plot,Plot,Coimbatore,TN,10/29/2021,4776209,1153,3,2,A970
P1071,Greenfield Plot,Plot,Kochi,KL,10/30/2021,7178253,2874,2,2,A971
P1072,Greenfield Plot,Plot,Hosur,TN,10/31/2021,5607992,2979,2,2,A972
P1073,Greenfield Plot,Plot,Trichy,TN,11/1/2021,5827060,2153,3,2,A973
P1074,Greenfield Plot,Plot,Chennai,TN,11/2/2021,6728348,1976,3,2,A974
P1075,Greenfield Plot,Plot,Perambalur,TN,11/3/2021,6351742,2017,3,2,A975
P1076,Greenfield Plot,Plot,Bangalore,KA,11/4/2021,6467706,1788,3,2,A976
P1077,Greenfield Plot,Plot,Coimbatore,TN,11/5/2021,7100166,1892,2,2,A977
P1078,Greenfield Plot,Plot,Kochi,KL,11/6/2021,6600936,1595,3,2,A978
P1079,Greenfield Plot,Plot,Hosur,TN,11/7/2021,7834356,2890,3,2,A979
P1080,Greenfield Plot,Plot,Trichy,TN,11/8/2021,6718466,1307,3,2,A980
P1081,Greenfield Plot,Plot,Chennai,TN,11/9/2021,8083372,1277,3,2,A981
P1082,Greenfield Plot,Plot,Perambalur,TN,11/10/2021,5611842,2080,3,2,A982
P1083,Greenfield Plot,Plot,Bangalore,KA,11/11/2021,8731425,2466,3,2,A983
P1084,Greenfield Plot,Plot,Coimbatore,TN,11/12/2021,9366496,1902,2,2,A984
P1085,Greenfield Plot,Plot,Kochi,KL,11/13/2021,8591282,2979,2,2,A985
P1086,Greenfield Plot,Plot,Hosur,TN,11/14/2021,6477041,2492,2,2,A986
P1087,Greenfield Plot,Plot,Trichy,TN,11/15/2021,9488636,1332,2,2,A987
P1088,Greenfield Plot,Plot,Chennai,TN,11/16/2021,7382835,1646,2,2,A988
P1089,Greenfield Plot,Plot,Perambalur,TN,11/17/2021,9382573,1160,3,2,A989
P1090,Greenfield Plot,Plot,Bangalore,KA,11/18/2021,5686905,1852,2,2,A990
P1091,Greenfield Plot,Plot,Coimbatore,TN,11/19/2021,6201361,2577,3,2,A991
P1092,Greenfield Plot,Plot,Kochi,KL,11/20/2021,6544029,2786,2,2,A992
P1093,Greenfield Plot,Plot,Hosur,TN,11/21/2021,4831113,2568,2,2,A993
P1094,Greenfield Plot,Plot,Trichy,TN,11/22/2021,8493218,1744,3,2,A994
P1095,Greenfield Plot,Plot,Chennai,TN,11/23/2021,7506272,1701,2,2,A995
P1096,Greenfield Plot,Plot,Perambalur,TN,11/24/2021,8880873,1725,2,2,A996
P1097,Greenfield Plot,Plot,Bangalore,KA,11/25/2021,5915752,2927,2,2,A997
P1098,Greenfield Plot,Plot,Coimbatore,TN,11/26/2021,8049184,2816,3,2,A998
P1099,Greenfield Plot,Plot,Kochi,KL,11/27/2021,6298866,2054,3,2,A999
P1100,Greenfield Plot,Plot,Hosur,TN,11/28/2021,8776312,1247,2,2,A1000
P1101,Greenfield Plot,Plot,Trichy,TN,11/29/2021,7283382,2121,3,2,A1001
P1102,Greenfield Plot,Plot,Chennai,TN,11/30/2021,7870151,1819,2,2,A1002
P1103,Greenfield Plot,Plot,Perambalur,TN,12/1/2021,7384410,1592,3,2,A1003
P1104,Greenfield Plot,Plot,Bangalore,KA,12/2/2021,6515619,2753,2,2,A1004
P1105,Greenfield Plot,Plot,Coimbatore,TN,12/3/2021,6880375,2902,2,2,A1005
P1106,Greenfield Plot,Plot,Kochi,KL,12/4/2021,6625655,2136,2,2,A1006
P1107,Greenfield Plot,Plot,Hosur,TN,12/5/2021,8580397,1880,2,2,A1007
P1108,Greenfield Plot,Plot,Trichy,TN,12/6/2021,9490419,2781,3,2,A1008
P1109,Greenfield Plot,Plot,Chennai,TN,12/7/2021,6565652,1932,2,2,A1009
P1110,Greenfield Plot,Plot,Perambalur,TN,12/8/2021,5498374,2542,2,2,A1010
P1111,Greenfield Plot,Plot,Bangalore,KA,12/9/2021,8103024,1853,2,2,A1011
P1112,Greenfield Plot,Plot,Coimbatore,TN,12/10/2021,7776483,2781,2,2,A1012
P1113,Greenfield Plot,Plot,Kochi,KL,12/11/2021,7031551,2225,2,2,A1013
P1114,Greenfield Plot,Plot,Hosur,TN,12/12/2021,6106306,2463,3,2,A1014
P1115,Greenfield Plot,Plot,Trichy,TN,12/13/2021,6982509,1148,2,2,A1015
P1116,Greenfield Plot,Plot,Chennai,TN,12/14/2021,9338598,2408,3,2,A1016
P1117,Greenfield Plot,Plot,Perambalur,TN,12/15/2021,7730320,1419,3,2,A1017
P1118,Greenfield Plot,Plot,Bangalore,KA,12/16/2021,7629397,1773,2,2,A1018
P1119,Greenfield Plot,Plot,Coimbatore,TN,12/17/2021,8570013,1841,2,2,A1019
P1120,Greenfield Plot,Plot,Kochi,KL,12/18/2021,9266115,2890,3,2,A1020
P1121,Greenfield Plot,Plot,Hosur,TN,12/19/2021,6097318,1060,2,2,A1021
P1122,Greenfield Plot,Plot,Trichy,TN,12/20/2021,6629872,2574,3,2,A1022
P1123,Greenfield Plot,Plot,Chennai,TN,12/21/2021,7077024,2430,2,2,A1023
P1124,Greenfield Plot,Plot,Perambalur,TN,12/22/2021,9135754,2752,2,2,A1024
P1125,Greenfield Plot,Plot,Bangalore,KA,12/23/2021,5761300,1807,2,2,A1025
P1126,Greenfield Plot,Plot,Coimbatore,TN,12/24/2021,6852857,1797,2,2,A1026
P1127,Greenfield Plot,Plot,Kochi,KL,12/25/2021,9082635,2781,3,2,A1027
P1128,Greenfield Plot,Plot,Hosur,TN,12/26/2021,7234670,1548,3,2,A1028
P1129,Greenfield Plot,Plot,Trichy,TN,12/27/2021,8752631,1892,2,2,A1029
P1130,Greenfield Plot,Plot,Chennai,TN,12/28/2021,7891081,2904,2,2,A1030
P1131,Greenfield Plot,Plot,Perambalur,TN,12/29/2021,7888928,1787,3,2,A1031
P1132,Greenfield Plot,Plot,Bangalore,KA,12/30/2021,9408808,2821,2,2,A1032
P1133,Greenfield Plot,Plot,Coimbatore,TN,12/31/2021,8335938,2710,3,2,A1033
P1134,Greenfield Plot,Plot,Kochi,KL,1/1/2022,8382827,2506,2,2,A1034
P1135,Greenfield Plot,Plot,Hosur,TN,1/2/2022,9029919,2547,3,2,A1035
P1136,Greenfield Plot,Plot,Trichy,TN,1/3/2022,6593594,2276,2,2,A1036
P1137,Greenfield Plot,Plot,Chennai,TN,1/4/2022,9380551,1373,2,2,A1037
P1138,Greenfield Plot,Plot,Perambalur,TN,1/5/2022,4949047,1310,2,2,A1038
P1139,Greenfield Plot,Plot,Bangalore,KA,1/6/2022,7027744,1007,2,2,A1039
P1140,Greenfield Plot,Plot,Coimbatore,TN,1/7/2022,4612539,1276,3,2,A1040
P1141,Greenfield Plot,Plot,Kochi,KL,1/8/2022,5490201,1027,2,2,A1041
P1142,Greenfield Plot,Plot,Hosur,TN,1/9/2022,6109962,2141,2,2,A1042
P1143,Greenfield Plot,Plot,Trichy,TN,1/10/2022,4857781,1021,3,2,A1043
P1144,Greenfield Plot,Plot,Chennai,TN,1/11/2022,6787439,2758,3,2,A1044
P1145,Greenfield Plot,Plot,Perambalur,TN,1/12/2022,6135095,2079,3,2,A1045
P1146,Greenfield Plot,Plot,Bangalore,KA,1/13/2022,7660292,2897,2,2,A1046
P1147,Greenfield Plot,Plot,Coimbatore,TN,1/14/2022,7696336,2532,2,2,A1047
P1148,Greenfield Plot,Plot,Kochi,KL,1/15/2022,6939154,2342,2,2,A1048
P1149,Greenfield Plot,Plot,Hosur,TN,1/16/2022,7729545,1252,2,2,A1049
P1150,Greenfield Plot,Plot,Trichy,TN,1/17/2022,5108682,1691,3,2,A1050
P1151,Greenfield Plot,Plot,Chennai,TN,1/18/2022,8021244,1057,3,2,A1051
P1152,Greenfield Plot,Plot,Perambalur,TN,1/19/2022,7445086,2851,3,2,A1052
P1153,Greenfield Plot,Plot,Bangalore,KA,1/20/2022,6994999,1469,3,2,A1053
P1154,Greenfield Plot,Plot,Coimbatore,TN,1/21/2022,7248549,2244,2,2,A1054
P1155,Greenfield Plot,Plot,Kochi,KL,1/22/2022,6252116,1190,3,2,A1055
P1156,Greenfield Plot,Plot,Hosur,TN,1/23/2022,9035769,2477,2,2,A1056
P1157,Greenfield Plot,Plot,Trichy,TN,1/24/2022,6265409,1726,3,2,A1057
P1158,Greenfield Plot,Plot,Chennai,TN,1/25/2022,7064353,2948,2,2,A1058
P1159,Greenfield Plot,Plot,Perambalur,TN,1/26/2022,8777537,2506,2,2,A1059
P1160,Greenfield Plot,Plot,Bangalore,KA,1/27/2022,8104117,2707,2,2,A1060
P1161,Grand Villa Estate,Villa,Coimbatore,TN,1/28/2022,6526369,2418,4,2,A1061
P1162,Grand Villa Estate,Villa,Kochi,KL,1/29/2022,8222097,3042,3,2,A1062
P1163,Grand Villa Estate,Villa,Hosur,TN,1/30/2022,5904582,3470,4,2,A1063
P1164,Grand Villa Estate,Villa,Trichy,TN,1/31/2022,6620325,4810,3,2,A1064
P1165,Grand Villa Estate,Villa,Chennai,TN,2/1/2022,6188674,2657,3,2,A1065
P1166,Grand Villa Estate,Villa,Perambalur,TN,2/2/2022,5124715,4960,4,2,A1066
P1167,Grand Villa Estate,Villa,Bangalore,KA,2/3/2022,7288870,4412,4,2,A1067
P1168,Grand Villa Estate,Villa,Coimbatore,TN,2/4/2022,7072257,4380,4,2,A1068
P1169,Grand Villa Estate,Villa,Kochi,KL,2/5/2022,7746967,2179,3,2,A1069
P1170,Grand Villa Estate,Villa,Hosur,TN,2/6/2022,9378148,3556,3,2,A1070
P1171,Grand Villa Estate,Villa,Kochi,KL,2/7/2022,5303854,4714,3,2,A1071
P1172,Grand Villa Estate,Villa,Kochi,KL,2/8/2022,8638742,4142,3,2,A1072
P1173,Grand Villa Estate,Villa,Kochi,KL,2/9/2022,6597565,3175,4,2,A1073
P1174,Grand Villa Estate,Villa,Kochi,KL,2/10/2022,5285039,2763,4,2,A1074
P1175,Grand Villa Estate,Villa,Kochi,KL,2/11/2022,8417676,2264,3,2,A1075
P1176,Grand Villa Estate,Villa,Kochi,KL,2/12/2022,5801629,3192,3,2,A1076
P1177,Grand Villa Estate,Villa,Kochi,KL,2/13/2022,7485156,2673,3,2,A1077
P1178,Grand Villa Estate,Villa,Kochi,KL,2/14/2022,6338452,4949,3,2,A1078
P1179,Grand Villa Estate,Villa,Kochi,KL,2/15/2022,5493096,4881,3,2,A1079
P1180,Grand Villa Estate,Villa,Kochi,KL,2/16/2022,8977206,4453,4,2,A1080
P1181,Grand Villa Estate,Villa,Kochi,KL,2/17/2022,9303515,2078,4,2,A1081
P1182,Grand Villa Estate,Villa,Kochi,KL,2/18/2022,5506427,3213,4,2,A1082
P1183,Grand Villa Estate,Villa,Kochi,KL,2/19/2022,9424794,3499,3,2,A1083
P1184,Grand Villa Estate,Villa,Kochi,KL,2/20/2022,7524532,3428,4,2,A1084
P1185,Grand Villa Estate,Villa,Kochi,KL,2/21/2022,8794827,2162,3,2,A1085
P1186,Grand Villa Estate,Villa,Kochi,KL,2/22/2022,6113574,4782,3,2,A1086
P1187,Grand Villa Estate,Villa,Kochi,KL,2/23/2022,5877290,4515,4,2,A1087
P1188,Grand Villa Estate,Villa,Kochi,KL,2/24/2022,9222372,2229,4,2,A1088
P1189,Grand Villa Estate,Villa,Kochi,KL,2/25/2022,4920452,2013,4,2,A1089
P1190,Grand Villa Estate,Villa,Kochi,KL,2/26/2022,6189420,4157,4,2,A1090
P1191,Grand Villa Estate,Villa,Kochi,KL,2/27/2022,8075361,3724,4,2,A1091
P1192,Grand Villa Estate,Villa,Kochi,KL,2/28/2022,6921699,3514,3,2,A1092
P1193,Grand Villa Estate,Villa,Kochi,KL,3/1/2022,7486840,2529,3,2,A1093
P1194,Grand Villa Estate,Villa,Kochi,KL,3/2/2022,8494010,4454,3,2,A1094
P1195,Grand Villa Estate,Villa,Kochi,KL,3/3/2022,5809266,3748,3,2,A1095
P1196,Grand Villa Estate,Villa,Kochi,KL,3/4/2022,7215908,3450,3,2,A1096
P1197,Grand Villa Estate,Villa,Kochi,KL,3/5/2022,8107262,3570,3,2,A1097
P1198,Grand Villa Estate,Villa,Kochi,KL,3/6/2022,9118304,2131,4,2,A1098
P1199,Grand Villa Estate,Villa,Kochi,KL,3/7/2022,8663360,2859,3,2,A1099
P1200,Grand Villa Estate,Villa,Kochi,KL,3/8/2022,8817077,3055,4,2,A1100
P1201,Grand Villa Estate,Villa,Kochi,KL,3/9/2022,5201055,4993,3,2,A1101
P1202,Grand Villa Estate,Villa,Kochi,KL,3/10/2022,5962767,4429,3,2,A1102
P1203,Grand Villa Estate,Villa,Kochi,KL,3/11/2022,8342884,2015,3,2,A1103
P1204,Grand Villa Estate,Villa,Kochi,KL,3/12/2022,7517909,2902,4,2,A1104
P1205,Grand Villa Estate,Villa,Kochi,KL,3/13/2022,7640585,3147,4,2,A1105
P1206,Grand Villa Estate,Villa,Kochi,KL,3/14/2022,5168554,4341,3,2,A1106
P1207,Grand Villa Estate,Villa,Kochi,KL,3/15/2022,7750858,2261,3,2,A1107
P1208,Grand Villa Estate,Villa,Kochi,KL,3/16/2022,4819165,3846,4,2,A1108
P1209,Grand Villa Estate,Villa,Kochi,KL,3/17/2022,6937749,3366,3,2,A1109
P1210,Grand Villa Estate,Villa,Kochi,KL,3/18/2022,6121687,2565,4,2,A1110
P1211,Grand Villa Estate,Villa,Kochi,KL,3/19/2022,6005047,4697,3,2,A1111
P1212,Grand Villa Estate,Villa,Kochi,KL,3/20/2022,6952007,4816,4,2,A1112
P1213,Grand Villa Estate,Villa,Kochi,KL,3/21/2022,5430968,2748,3,2,A1113
P1214,Grand Villa Estate,Villa,Kochi,KL,3/22/2022,8446422,2262,4,2,A1114
P1215,Grand Villa Estate,Villa,Kochi,KL,3/23/2022,5093649,2361,3,2,A1115
P1216,Grand Villa Estate,Villa,Kochi,KL,3/24/2022,9419314,4981,4,2,A1116
P1217,Grand Villa Estate,Villa,Kochi,KL,3/25/2022,7392117,4786,4,2,A1117
P1218,Grand Villa Estate,Villa,Kochi,KL,3/26/2022,5189602,4694,3,2,A1118
P1219,Grand Villa Estate,Villa,Kochi,KL,3/27/2022,6176429,2453,3,2,A1119
P1220,Grand Villa Estate,Villa,Kochi,KL,3/28/2022,5383303,3196,4,2,A1120
P1221,Grand Villa Estate,Villa,Kochi,KL,3/29/2022,8657023,4382,4,2,A1121
P1222,Grand Villa Estate,Villa,Kochi,KL,3/30/2022,9054659,3628,4,2,A1122
P1223,Grand Villa Estate,Villa,Kochi,KL,3/31/2022,4886355,3897,4,2,A1123
P1224,Grand Villa Estate,Villa,Kochi,KL,4/1/2022,5316534,3007,4,2,A1124
P1225,Grand Villa Estate,Villa,Kochi,KL,4/2/2022,7690703,2376,4,2,A1125
P1226,Grand Villa Estate,Villa,Kochi,KL,4/3/2022,5274937,2195,3,2,A1126
P1227,Grand Villa Estate,Villa,Kochi,KL,4/4/2022,6030437,4508,3,2,A1127
P1228,Grand Villa Estate,Villa,Kochi,KL,4/5/2022,9137640,4565,3,2,A1128
P1229,Grand Villa Estate,Villa,Kochi,KL,4/6/2022,7115972,4220,3,2,A1129
P1230,Grand Villa Estate,Villa,Kochi,KL,4/7/2022,7546844,2062,4,2,A1130
P1231,Grand Villa Estate,Villa,Kochi,KL,4/8/2022,6742178,3048,3,2,A1131
P1232,Grand Villa Estate,Villa,Kochi,KL,4/9/2022,7845196,3148,4,2,A1132
P1233,Grand Villa Estate,Villa,Kochi,KL,4/10/2022,8814868,4256,3,2,A1133
P1234,Grand Villa Estate,Villa,Kochi,KL,4/11/2022,6807371,4260,4,2,A1134
P1235,Grand Villa Estate,Villa,Kochi,KL,4/12/2022,6844186,3632,4,2,A1135
P1236,Grand Villa Estate,Villa,Kochi,KL,4/13/2022,5114172,3454,3,2,A1136
P1237,Grand Villa Estate,Villa,Kochi,KL,4/14/2022,7425567,2878,4,2,A1137
P1238,Grand Villa Estate,Villa,Kochi,KL,4/15/2022,9475447,3347,3,2,A1138
P1239,Grand Villa Estate,Villa,Kochi,KL,4/16/2022,7049668,4624,4,2,A1139
P1240,Grand Villa Estate,Villa,Kochi,KL,4/17/2022,6808318,3207,4,2,A1140
P1241,Grand Villa Estate,Villa,Kochi,KL,4/18/2022,8146809,3986,3,2,A1141
P1242,Grand Villa Estate,Villa,Kochi,KL,4/19/2022,8888397,3716,4,2,A1142
P1243,Grand Villa Estate,Villa,Kochi,KL,4/20/2022,6213351,2124,4,2,A1143
P1244,Grand Villa Estate,Villa,Kochi,KL,4/21/2022,9356998,3906,3,2,A1144
P1245,Grand Villa Estate,Villa,Kochi,KL,4/22/2022,7322419,3509,3,2,A1145
P1246,Grand Villa Estate,Villa,Kochi,KL,4/23/2022,4928423,3230,4,2,A1146
P1247,Grand Villa Estate,Villa,Kochi,KL,4/24/2022,9444209,4255,3,2,A1147
P1248,Grand Villa Estate,Villa,Kochi,KL,4/25/2022,8934228,4066,4,2,A1148
P1249,Grand Villa Estate,Villa,Kochi,KL,4/26/2022,6475325,3919,4,2,A1149
P1250,Grand Villa Estate,Villa,Kochi,KL,4/27/2022,8910037,2336,4,2,A1150
P1251,Grand Villa Estate,Villa,Kochi,KL,4/28/2022,7988362,3737,3,2,A1151
P1252,Grand Villa Estate,Villa,Kochi,KL,4/29/2022,5800482,3756,4,2,A1152
P1253,Grand Villa Estate,Villa,Kochi,KL,4/30/2022,8474906,3194,4,2,A1153
P1254,Grand Villa Estate,Villa,Kochi,KL,5/1/2022,5055678,4889,4,2,A1154
P1255,Grand Villa Estate,Villa,Kochi,KL,5/2/2022,7466296,4986,3,2,A1155
P1256,Grand Villa Estate,Villa,Kochi,KL,5/3/2022,8204988,4192,4,2,A1156
P1257,Grand Villa Estate,Villa,Kochi,KL,5/4/2022,7002345,4824,3,2,A1157
P1258,Grand Villa Estate,Villa,Kochi,KL,5/5/2022,9359678,4717,3,2,A1158
P1259,Grand Villa Estate,Villa,Kochi,KL,5/6/2022,9180931,3600,4,2,A1159
P1260,Grand Villa Estate,Villa,Kochi,KL,5/7/2022,5990565,4688,3,2,A1160
P1261,Grand Villa Estate,Villa,Kochi,KL,5/8/2022,9208441,2546,4,2,A1161
P1262,Grand Villa Estate,Villa,Kochi,KL,5/9/2022,4978760,4272,4,2,A1162
P1263,Grand Villa Estate,Villa,Kochi,KL,5/10/2022,6103712,3532,4,2,A1163
P1264,Grand Villa Estate,Villa,Kochi,KL,5/11/2022,8530605,4983,4,2,A1164
P1265,Grand Villa Estate,Villa,Kochi,KL,5/12/2022,8281084,4173,4,2,A1165
P1266,Grand Villa Estate,Villa,Kochi,KL,5/13/2022,7921819,3164,4,2,A1166
P1267,Grand Villa Estate,Villa,Kochi,KL,5/14/2022,8863978,3585,3,2,A1167
P1268,Grand Villa Estate,Villa,Kochi,KL,5/15/2022,8883730,3788,3,2,A1168
P1269,Grand Villa Estate,Villa,Kochi,KL,5/16/2022,7277007,4203,3,2,A1169
P1270,Grand Villa Estate,Villa,Kochi,KL,5/17/2022,8298343,3502,4,2,A1170
P1271,Grand Villa Estate,Villa,Kochi,KL,5/18/2022,5356974,3372,4,2,A1171
P1272,Grand Villa Estate,Villa,Kochi,KL,5/19/2022,6828750,4077,4,2,A1172
P1273,Grand Villa Estate,Villa,Kochi,KL,5/20/2022,5960785,2585,3,2,A1173
P1274,Grand Villa Estate,Villa,Kochi,KL,5/21/2022,7634817,3344,4,2,A1174
P1275,Grand Villa Estate,Villa,Kochi,KL,5/22/2022,7599351,3166,4,2,A1175
P1276,Grand Villa Estate,Villa,Kochi,KL,5/23/2022,5087882,4437,4,2,A1176
P1277,Grand Villa Estate,Villa,Kochi,KL,5/24/2022,5923496,2706,4,2,A1177
P1278,Grand Villa Estate,Villa,Kochi,KL,5/25/2022,6442586,4593,3,2,A1178
P1279,Grand Villa Estate,Villa,Kochi,KL,5/26/2022,8545024,2413,3,2,A1179
P1280,Grand Villa Estate,Villa,Kochi,KL,5/27/2022,6664288,3827,4,2,A1180
P1281,Grand Villa Estate,Villa,Kochi,KL,5/28/2022,6035123,4009,3,2,A1181
P1282,Grand Villa Estate,Villa,Kochi,KL,5/29/2022,9044928,4315,4,2,A1182
P1283,Grand Villa Estate,Villa,Kochi,KL,5/30/2022,5388232,4813,3,2,A1183
P1284,Grand Villa Estate,Villa,Kochi,KL,5/31/2022,8574750,4873,3,2,A1184
P1285,Grand Villa Estate,Villa,Kochi,KL,6/1/2022,6570921,3571,3,2,A1185
P1286,Grand Villa Estate,Villa,Kochi,KL,6/2/2022,5702735,4648,4,2,A1186
P1287,Grand Villa Estate,Villa,Kochi,KL,6/3/2022,8265492,2717,3,2,A1187
P1288,Grand Villa Estate,Villa,Kochi,KL,6/4/2022,7538081,3652,4,2,A1188
P1289,Grand Villa Estate,Villa,Kochi,KL,6/5/2022,5405676,3293,3,2,A1189
P1290,Grand Villa Estate,Villa,Kochi,KL,6/6/2022,8963640,3459,4,2,A1190
P1291,Grand Villa Estate,Villa,Kochi,KL,6/7/2022,5848315,4747,3,2,A1191
P1292,Grand Villa Estate,Villa,Kochi,KL,6/8/2022,7641049,3283,3,2,A1192
P1293,Grand Villa Estate,Villa,Kochi,KL,6/9/2022,6922039,3430,3,2,A1193
P1294,Grand Villa Estate,Villa,Kochi,KL,6/10/2022,5215801,4635,3,2,A1194
P1295,Grand Villa Estate,Villa,Kochi,KL,6/11/2022,9464061,4325,3,2,A1195
P1296,Grand Villa Estate,Villa,Kochi,KL,6/12/2022,5631729,3889,4,2,A1196
P1297,Grand Villa Estate,Villa,Kochi,KL,6/13/2022,8099726,4686,4,2,A1197
P1298,Grand Villa Estate,Villa,Kochi,KL,6/14/2022,6662472,4633,3,2,A1198
P1299,Grand Villa Estate,Villa,Kochi,KL,6/15/2022,6811646,4924,4,2,A1199
P1300,Grand Villa Estate,Villa,Kochi,KL,6/16/2022,8717830,3614,3,2,A1200
P1301,Grand Villa Estate,Villa,Kochi,KL,6/17/2022,4528907,3669,4,2,A1201
P1302,Grand Villa Estate,Villa,Kochi,KL,6/18/2022,6592004,4284,4,2,A1202
P1303,Grand Villa Estate,Villa,Kochi,KL,6/19/2022,6123526,3386,3,2,A1203
P1304,Grand Villa Estate,Villa,Kochi,KL,6/20/2022,9144865,2439,4,2,A1204
P1305,Grand Villa Estate,Villa,Kochi,KL,6/21/2022,5776426,3702,3,2,A1205
P1306,Grand Villa Estate,Villa,Kochi,KL,6/22/2022,5466341,4230,4,2,A1206
P1307,Grand Villa Estate,Villa,Kochi,KL,6/23/2022,5519474,3356,4,2,A1207
P1308,Grand Villa Estate,Villa,Kochi,KL,6/24/2022,7257185,2361,3,2,A1208
P1309,Grand Villa Estate,Villa,Kochi,KL,6/25/2022,4994785,3874,4,2,A1209
P1310,Grand Villa Estate,Villa,Kochi,KL,6/26/2022,6429006,4174,4,2,A1210
P1311,Grand Villa Estate,Villa,Kochi,KL,6/27/2022,6326772,3250,3,2,A1211
P1312,Grand Villa Estate,Villa,Kochi,KL,6/28/2022,7651539,2709,3,2,A1212
P1313,Grand Villa Estate,Villa,Kochi,KL,6/29/2022,8195369,4631,3,2,A1213
P1314,Grand Villa Estate,Villa,Kochi,KL,6/30/2022,4692041,2781,3,2,A1214
P1315,Grand Villa Estate,Villa,Kochi,KL,7/1/2022,5003303,3402,4,2,A1215
P1316,Grand Villa Estate,Villa,Kochi,KL,7/2/2022,7801472,4225,3,2,A1216
P1317,Grand Villa Estate,Villa,Kochi,KL,7/3/2022,6122800,3327,3,2,A1217
P1318,Grand Villa Estate,Villa,Kochi,KL,7/4/2022,8634140,2697,3,2,A1218
P1319,Grand Villa Estate,Villa,Kochi,KL,7/5/2022,8364198,2806,4,2,A1219
P1320,Grand Villa Estate,Villa,Kochi,KL,7/6/2022,6091695,4477,4,2,A1220
P1321,Grand Villa Estate,Villa,Kochi,KL,7/7/2022,4873886,2874,4,2,A1221
P1322,Grand Villa Estate,Villa,Kochi,KL,7/8/2022,6185813,3013,3,2,A1222
P1323,Grand Villa Estate,Villa,Kochi,KL,7/9/2022,8762454,4998,3,2,A1223
P1324,Grand Villa Estate,Villa,Kochi,KL,7/10/2022,5490621,4518,3,2,A1224
P1325,Grand Villa Estate,Villa,Kochi,KL,7/11/2022,6850125,2763,3,2,A1225
P1326,Grand Villa Estate,Villa,Kochi,KL,7/12/2022,8078466,2040,4,2,A1226
P1327,Grand Villa Estate,Villa,Kochi,KL,7/13/2022,7885278,4589,3,2,A1227
P1328,Grand Villa Estate,Villa,Kochi,KL,7/14/2022,8395089,3656,4,2,A1228
P1329,Grand Villa Estate,Villa,Kochi,KL,7/15/2022,5378137,3610,3,2,A1229
P1330,Grand Villa Estate,Villa,Kochi,KL,7/16/2022,8848669,2561,4,2,A1230
P1331,Grand Villa Estate,Villa,Kochi,KL,7/17/2022,9090576,3306,4,2,A1231
P1332,Grand Villa Estate,Villa,Kochi,KL,7/18/2022,7855179,3574,4,2,A1232
P1333,Grand Villa Estate,Villa,Kochi,KL,7/19/2022,8262290,3610,3,2,A1233
P1334,Grand Villa Estate,Villa,Kochi,KL,7/20/2022,8293134,4423,4,2,A1234
P1335,Grand Villa Estate,Villa,Kochi,KL,7/21/2022,5963462,2285,3,2,A1235
P1336,Grand Villa Estate,Villa,Kochi,KL,7/22/2022,5119232,2237,4,2,A1236
P1337,Grand Villa Estate,Villa,Kochi,KL,7/23/2022,6346302,2394,4,2,A1237
P1338,Grand Villa Estate,Villa,Kochi,KL,7/24/2022,8641437,3002,4,2,A1238
P1339,Grand Villa Estate,Villa,Kochi,KL,7/25/2022,5346955,2520,4,2,A1239
P1340,Grand Villa Estate,Villa,Kochi,KL,7/26/2022,7613172,3626,4,2,A1240
P1341,Grand Villa Estate,Villa,Kochi,KL,7/27/2022,8166866,3087,4,2,A1241
P1342,Grand Villa Estate,Villa,Kochi,KL,7/28/2022,7063037,3134,3,2,A1242
P1343,Grand Villa Estate,Villa,Kochi,KL,7/29/2022,6729184,4750,3,2,A1243
P1344,Grand Villa Estate,Villa,Kochi,KL,7/30/2022,6684843,3296,4,2,A1244
P1345,Grand Villa Estate,Villa,Kochi,KL,7/31/2022,4865706,3325,3,2,A1245
P1346,Grand Villa Estate,Villa,Kochi,KL,8/1/2022,8006130,2966,4,2,A1246
P1347,Grand Villa Estate,Villa,Kochi,KL,8/2/2022,4550555,3302,4,2,A1247
P1348,Grand Villa Estate,Villa,Kochi,KL,8/3/2022,8791917,3432,4,2,A1248
P1349,Grand Villa Estate,Villa,Kochi,KL,8/4/2022,6950779,4893,3,2,A1249
P1350,Grand Villa Estate,Villa,Kochi,KL,8/5/2022,6569232,2845,4,2,A1250
P1351,Grand Villa Estate,Villa,Kochi,KL,8/6/2022,5139775,4141,4,2,A1251
P1352,Grand Villa Estate,Villa,Kochi,KL,8/7/2022,4784805,4545,4,2,A1252
P1353,Grand Villa Estate,Villa,Kochi,KL,8/8/2022,8275607,2980,4,2,A1253
P1354,Grand Villa Estate,Villa,Kochi,KL,8/9/2022,5027585,2121,4,2,A1254
P1355,Grand Villa Estate,Villa,Kochi,KL,8/10/2022,6918638,2749,3,2,A1255
P1356,Grand Villa Estate,Villa,Kochi,KL,8/11/2022,8675406,4727,3,2,A1256
P1357,Grand Villa Estate,Villa,Kochi,KL,8/12/2022,5236314,4410,3,2,A1257
P1358,Grand Villa Estate,Villa,Kochi,KL,8/13/2022,6249739,3091,4,2,A1258
P1359,Grand Villa Estate,Villa,Kochi,KL,8/14/2022,5899780,2952,4,2,A1259
P1360,Grand Villa Estate,Villa,Kochi,KL,8/15/2022,5378411,3505,3,2,A1260
P1361,Grand Villa Estate,Villa,Kochi,KL,8/16/2022,8460044,3283,3,2,A1261
P1362,Grand Villa Estate,Villa,Kochi,KL,8/17/2022,8447935,2462,4,2,A1262
P1363,Grand Villa Estate,Villa,Kochi,KL,8/18/2022,7044264,2207,3,2,A1263
P1364,Grand Villa Estate,Villa,Kochi,KL,8/19/2022,8752097,2054,4,2,A1264
P1365,Grand Villa Estate,Villa,Kochi,KL,8/20/2022,4819652,4614,3,2,A1265
P1366,Grand Villa Estate,Villa,Kochi,KL,8/21/2022,4835734,3285,3,2,A1266
P1367,Grand Villa Estate,Villa,Kochi,KL,8/22/2022,5517786,4891,4,2,A1267
P1368,Grand Villa Estate,Villa,Kochi,KL,8/23/2022,6490325,3326,4,2,A1268
P1369,Grand Villa Estate,Villa,Kochi,KL,8/24/2022,6347558,4119,4,2,A1269
P1370,Grand Villa Estate,Villa,Kochi,KL,8/25/2022,6461726,2339,3,2,A1270
P1371,Grand Villa Estate,Villa,Kochi,KL,8/26/2022,5845294,3162,4,2,A1271
P1372,Grand Villa Estate,Villa,Kochi,KL,8/27/2022,9063021,4846,3,2,A1272
P1373,Grand Villa Estate,Villa,Kochi,KL,8/28/2022,6151795,3554,4,2,A1273
P1374,Grand Villa Estate,Villa,Kochi,KL,8/29/2022,6595156,2230,3,2,A1274
P1375,Grand Villa Estate,Villa,Kochi,KL,8/30/2022,6805679,2551,4,2,A1275
P1376,Grand Villa Estate,Villa,Kochi,KL,8/31/2022,6088117,4042,4,2,A1276
P1377,Grand Villa Estate,Villa,Kochi,KL,9/1/2022,8270821,4358,4,2,A1277
P1378,Grand Villa Estate,Villa,Kochi,KL,9/2/2022,5049060,4823,4,2,A1278
P1379,Grand Villa Estate,Villa,Kochi,KL,9/3/2022,4693317,4368,3,2,A1279
P1380,Grand Villa Estate,Villa,Kochi,KL,9/4/2022,5352765,3857,4,2,A1280
P1381,Grand Villa Estate,Villa,Kochi,KL,9/5/2022,8223015,4741,3,2,A1281
P1382,Grand Villa Estate,Villa,Kochi,KL,9/6/2022,8043336,4079,4,2,A1282
P1383,Grand Villa Estate,Villa,Kochi,KL,9/7/2022,9284277,2773,4,2,A1283
P1384,Grand Villa Estate,Villa,Kochi,KL,9/8/2022,5506668,4686,4,2,A1284
P1385,Grand Villa Estate,Villa,Kochi,KL,9/9/2022,7329699,2152,3,2,A1285
P1386,Grand Villa Estate,Villa,Kochi,KL,9/10/2022,9434158,2126,4,2,A1286
P1387,Grand Villa Estate,Villa,Kochi,KL,9/11/2022,7960635,3488,4,2,A1287
P1388,Grand Villa Estate,Villa,Kochi,KL,9/12/2022,9126968,4945,4,2,A1288
P1389,Grand Villa Estate,Villa,Kochi,KL,9/13/2022,8844711,3632,3,2,A1289
P1390,Grand Villa Estate,Villa,Kochi,KL,9/14/2022,7755946,4137,3,2,A1290
P1391,Grand Villa Estate,Villa,Kochi,KL,9/15/2022,7859635,4588,3,2,A1291
P1392,Grand Villa Estate,Villa,Kochi,KL,9/16/2022,8632783,4408,4,2,A1292
P1393,Grand Villa Estate,Villa,Kochi,KL,9/17/2022,9466913,2215,3,2,A1293
P1394,Grand Villa Estate,Villa,Kochi,KL,9/18/2022,5107694,3439,3,2,A1294
P1395,Grand Villa Estate,Villa,Kochi,KL,9/19/2022,8166712,3109,3,2,A1295
P1396,Grand Villa Estate,Villa,Kochi,KL,9/20/2022,6581292,3254,3,2,A1296
P1397,Grand Villa Estate,Villa,Kochi,KL,9/21/2022,7130152,2247,4,2,A1297
P1398,Grand Villa Estate,Villa,Kochi,KL,9/22/2022,6270083,2093,4,2,A1298
P1399,Grand Villa Estate,Villa,Kochi,KL,9/23/2022,7523168,2890,4,2,A1299
P1400,Grand Villa Estate,Villa,Kochi,KL,9/24/2022,4560008,2605,4,2,A1300
P1401,Grand Villa Estate,Villa,Kochi,KL,9/25/2022,6878728,2222,3,2,A1301
P1402,Grand Villa Estate,Villa,Kochi,KL,9/26/2022,7345363,4369,4,2,A1302
P1403,Grand Villa Estate,Villa,Kochi,KL,9/27/2022,5446817,2062,3,2,A1303
P1404,Grand Villa Estate,Villa,Kochi,KL,9/28/2022,5601302,3577,3,2,A1304
P1405,Grand Villa Estate,Villa,Kochi,KL,9/29/2022,8485004,4819,3,2,A1305
P1406,Grand Villa Estate,Villa,Kochi,KL,9/30/2022,8788312,3083,3,2,A1306
P1407,Grand Villa Estate,Villa,Kochi,KL,10/1/2022,5297659,3996,3,2,A1307
P1408,Grand Villa Estate,Villa,Kochi,KL,10/2/2022,9204077,3775,4,2,A1308
P1409,Grand Villa Estate,Villa,Kochi,KL,10/3/2022,6135140,3971,4,2,A1309
P1410,Grand Villa Estate,Villa,Kochi,KL,10/4/2022,6664698,4714,3,2,A1310
P1411,Grand Villa Estate,Villa,Kochi,KL,10/5/2022,4812166,2462,3,2,A1311
P1412,Grand Villa Estate,Villa,Kochi,KL,10/6/2022,8749645,4055,4,2,A1312
P1413,Grand Villa Estate,Villa,Kochi,KL,10/7/2022,7572531,2498,3,2,A1313
P1414,Grand Villa Estate,Villa,Kochi,KL,10/8/2022,8309774,2489,3,2,A1314
P1415,Grand Villa Estate,Villa,Kochi,KL,10/9/2022,6376597,4866,4,2,A1315
P1416,Grand Villa Estate,Villa,Kochi,KL,10/10/2022,8844913,3338,3,2,A1316
P1417,Grand Villa Estate,Villa,Kochi,KL,10/11/2022,5614691,3228,4,2,A1317
P1418,Grand Villa Estate,Villa,Kochi,KL,10/12/2022,6168911,4913,3,2,A1318
P1419,Grand Villa Estate,Villa,Kochi,KL,10/13/2022,9217150,3695,4,2,A1319
P1420,Grand Villa Estate,Villa,Kochi,KL,10/14/2022,4590431,3804,4,2,A1320
P1421,Grand Villa Estate,Villa,Kochi,KL,10/15/2022,5137544,3293,4,2,A1321
P1422,Grand Villa Estate,Villa,Kochi,KL,10/16/2022,9190477,2273,4,2,A1322
P1423,Grand Villa Estate,Villa,Kochi,KL,10/17/2022,8294343,2216,4,2,A1323
P1424,Grand Villa Estate,Villa,Kochi,KL,10/18/2022,5423208,3694,4,2,A1324
P1425,Grand Villa Estate,Villa,Kochi,KL,10/19/2022,6771879,3165,3,2,A1325
P1426,Grand Villa Estate,Villa,Kochi,KL,10/20/2022,4710077,3988,4,2,A1326
P1427,Grand Villa Estate,Villa,Kochi,KL,10/21/2022,8706477,4711,4,2,A1327
P1428,Grand Villa Estate,Villa,Kochi,KL,10/22/2022,4918227,3041,3,2,A1328
P1429,Grand Villa Estate,Villa,Kochi,KL,10/23/2022,7434934,2715,4,2,A1329
P1430,Grand Villa Estate,Villa,Kochi,KL,10/24/2022,9225856,3071,3,2,A1330
P1431,Grand Villa Estate,Villa,Kochi,KL,10/25/2022,9291670,3481,3,2,A1331
P1432,Grand Villa Estate,Villa,Kochi,KL,10/26/2022,6135153,4433,3,2,A1332
P1433,Grand Villa Estate,Villa,Kochi,KL,10/27/2022,8846172,4073,4,2,A1333
P1434,Grand Villa Estate,Villa,Kochi,KL,10/28/2022,6610771,2395,4,2,A1334
P1435,Grand Villa Estate,Villa,Kochi,KL,10/29/2022,6747285,4612,3,2,A1335
P1436,Grand Villa Estate,Villa,Kochi,KL,10/30/2022,6609055,3020,3,2,A1336
P1437,Grand Villa Estate,Villa,Kochi,KL,10/31/2022,4672463,2637,4,2,A1337
P1438,Grand Villa Estate,Villa,Kochi,KL,11/1/2022,4503838,4213,3,2,A1338
P1439,Grand Villa Estate,Villa,Kochi,KL,11/2/2022,6955754,4428,4,2,A1339
P1440,Grand Villa Estate,Villa,Kochi,KL,11/3/2022,6613799,2827,3,2,A1340
P1441,Grand Villa Estate,Villa,Kochi,KL,11/4/2022,5409286,4990,4,2,A1341
P1442,Grand Villa Estate,Villa,Kochi,KL,11/5/2022,5529967,2016,4,2,A1342
P1443,Grand Villa Estate,Villa,Kochi,KL,11/6/2022,5454785,2304,4,2,A1343
P1444,Grand Villa Estate,Villa,Kochi,KL,11/7/2022,5683457,2125,4,2,A1344
P1445,Grand Villa Estate,Villa,Kochi,KL,11/8/2022,7265428,2563,4,2,A1345
P1446,Grand Villa Estate,Villa,Kochi,KL,11/9/2022,4514963,4004,3,2,A1346
P1447,Grand Villa Estate,Villa,Kochi,KL,11/10/2022,6791978,4658,4,2,A1347
P1448,Grand Villa Estate,Villa,Kochi,KL,11/11/2022,6236515,3934,4,2,A1348
P1449,Grand Villa Estate,Villa,Kochi,KL,11/12/2022,7793202,4042,4,2,A1349
P1450,Grand Villa Estate,Villa,Kochi,KL,11/13/2022,9074686,4410,4,2,A1350
P1451,Grand Villa Estate,Villa,Bangalore,KA,11/14/2022,4664163,4582,3,2,A1351
P1452,Grand Villa Estate,Villa,Chennai,TN,11/15/2022,9389281,3381,4,2,A1352
P1453,Grand Villa Estate,Villa,Chennai,TN,11/16/2022,5334674,3698,4,2,A1353
P1454,Grand Villa Estate,Villa,Chennai,TN,11/17/2022,5885823,2305,4,2,A1354
P1455,Grand Villa Estate,Villa,Chennai,TN,11/18/2022,7619492,4359,4,2,A1355
P1456,Grand Villa Estate,Villa,Chennai,TN,11/19/2022,7349678,2240,4,2,A1356
P1457,Grand Villa Estate,Villa,Chennai,TN,11/20/2022,8669338,3863,4,2,A1357
P1458,Grand Villa Estate,Villa,Chennai,TN,11/21/2022,8658720,4217,3,2,A1358
P1459,Grand Villa Estate,Villa,Chennai,TN,11/22/2022,9448795,3348,4,2,A1359
P1460,Grand Villa Estate,Villa,Chennai,TN,11/23/2022,4900576,2423,3,2,A1360
P1461,Grand Villa Estate,Villa,Chennai,TN,11/24/2022,9477995,4757,4,2,A1361
P1462,Grand Villa Estate,Villa,Chennai,TN,11/25/2022,6165790,3814,4,2,A1362
P1463,Grand Villa Estate,Villa,Chennai,TN,11/26/2022,7037050,2564,3,2,A1363
P1464,Grand Villa Estate,Villa,Chennai,TN,11/27/2022,5369403,3229,3,2,A1364
P1465,Grand Villa Estate,Villa,Chennai,TN,11/28/2022,5814234,4650,4,2,A1365
P1466,Grand Villa Estate,Villa,Chennai,TN,11/29/2022,5777813,4614,4,2,A1366
P1467,Grand Villa Estate,Villa,Chennai,TN,11/30/2022,8986621,2682,4,2,A1367
P1468,Grand Villa Estate,Villa,Chennai,TN,12/1/2022,5935461,2712,3,2,A1368
P1469,Grand Villa Estate,Villa,Chennai,TN,12/2/2022,6053048,2078,3,2,A1369
P1470,Grand Villa Estate,Villa,Chennai,TN,12/3/2022,6797033,4414,4,2,A1370
P1471,Grand Villa Estate,Villa,Chennai,TN,12/4/2022,8033269,4123,3,2,A1371
P1472,Grand Villa Estate,Villa,Chennai,TN,12/5/2022,4629480,3007,4,2,A1372
P1473,Grand Villa Estate,Villa,Chennai,TN,12/6/2022,4754119,2316,3,2,A1373
P1474,Grand Villa Estate,Villa,Chennai,TN,12/7/2022,6308823,2926,4,2,A1374
P1475,Grand Villa Estate,Villa,Chennai,TN,12/8/2022,7952513,4558,3,2,A1375
P1476,Grand Villa Estate,Villa,Chennai,TN,12/9/2022,6967978,2072,4,2,A1376
P1477,Grand Villa Estate,Villa,Chennai,TN,12/10/2022,9108297,2887,3,2,A1377
P1478,Grand Villa Estate,Villa,Chennai,TN,12/11/2022,4569885,4073,3,2,A1378
P1479,Grand Villa Estate,Villa,Chennai,TN,12/12/2022,7396282,2403,3,2,A1379
P1480,Grand Villa Estate,Villa,Chennai,TN,12/13/2022,5720875,3403,4,2,A1380
P1481,Prime Residential Plot,Plot,Chennai,TN,12/14/2022,9268111,2769,3,2,A1381
P1482,Prime Residential Plot,Plot,Chennai,TN,12/15/2022,7308910,2572,3,2,A1382
P1483,Prime Residential Plot,Plot,Chennai,TN,12/16/2022,6863292,2017,2,2,A1383
P1484,Prime Residential Plot,Plot,Chennai,TN,12/17/2022,6343324,2763,2,2,A1384
P1485,Prime Residential Plot,Plot,Chennai,TN,12/18/2022,8166803,1149,3,2,A1385
P1486,Prime Residential Plot,Plot,Chennai,TN,12/19/2022,6353591,1886,3,2,A1386
P1487,Prime Residential Plot,Plot,Chennai,TN,12/20/2022,4670183,1805,2,2,A1387
P1488,Prime Residential Plot,Plot,Chennai,TN,12/21/2022,8616680,2327,2,2,A1388
P1489,Prime Residential Plot,Plot,Chennai,TN,12/22/2022,4700083,2666,3,2,A1389
P1490,Prime Residential Plot,Plot,Chennai,TN,12/23/2022,9478524,2203,3,2,A1390
P1491,Prime Residential Plot,Plot,Chennai,TN,12/24/2022,7264136,2315,3,2,A1391
P1492,Prime Residential Plot,Plot,Chennai,TN,12/25/2022,7135547,2083,3,2,A1392
P1493,Prime Residential Plot,Plot,Chennai,TN,12/26/2022,4606575,1233,2,2,A1393
P1494,Prime Residential Plot,Plot,Chennai,TN,12/27/2022,4525291,1561,2,2,A1394
P1495,Prime Residential Plot,Plot,Chennai,TN,12/28/2022,7548832,1353,2,2,A1395
P1496,Prime Residential Plot,Plot,Chennai,TN,12/29/2022,5447023,2998,3,2,A1396
P1497,Prime Residential Plot,Plot,Chennai,TN,12/30/2022,7275518,1854,2,2,A1397
P1498,Prime Residential Plot,Plot,Chennai,TN,12/31/2022,8854069,1596,2,2,A1398
P1499,Prime Residential Plot,Plot,Chennai,TN,1/1/2023,7721168,1259,2,2,A1399
P1500,Prime Residential Plot,Plot,Chennai,TN,1/2/2023,6637604,2191,2,2,A1400
P1501,Prime Residential Plot,Plot,Chennai,TN,1/3/2023,6614297,2868,2,2,A1401
P1502,Prime Residential Plot,Plot,Chennai,TN,1/4/2023,9219239,1348,2,2,A1402
P1503,Prime Residential Plot,Plot,Chennai,TN,1/5/2023,6262054,1558,3,2,A1403
P1504,Prime Residential Plot,Plot,Chennai,TN,1/6/2023,7965717,2595,2,2,A1404
P1505,Prime Residential Plot,Plot,Chennai,TN,1/7/2023,5959385,1167,3,2,A1405
P1506,Prime Residential Plot,Plot,Chennai,TN,1/8/2023,8358606,2442,3,2,A1406
P1507,Prime Residential Plot,Plot,Chennai,TN,1/9/2023,7016989,1889,3,2,A1407
P1508,Prime Residential Plot,Plot,Chennai,TN,1/10/2023,5741162,2559,2,2,A1408
P1509,Prime Residential Plot,Plot,Chennai,TN,1/11/2023,6969238,1348,2,2,A1409
P1510,Prime Residential Plot,Plot,Chennai,TN,1/12/2023,6013800,1250,2,2,A1410
P1511,Prime Residential Plot,Plot,Chennai,TN,1/13/2023,9212802,2664,3,2,A1411
P1512,Prime Residential Plot,Plot,Chennai,TN,1/14/2023,9235760,1647,2,2,A1412
P1513,Prime Residential Plot,Plot,Chennai,TN,1/15/2023,5131806,1754,3,2,A1413
P1514,Prime Residential Plot,Plot,Chennai,TN,1/16/2023,9227979,1365,3,2,A1414
P1515,Prime Residential Plot,Plot,Chennai,TN,1/17/2023,7641488,2556,2,2,A1415
P1516,Prime Residential Plot,Plot,Chennai,TN,1/18/2023,7448254,1857,2,2,A1416
P1517,Prime Residential Plot,Plot,Chennai,TN,1/19/2023,6500754,2545,3,2,A1417
P1518,Prime Residential Plot,Plot,Chennai,TN,1/20/2023,5117994,2355,3,2,A1418
P1519,Prime Residential Plot,Plot,Chennai,TN,1/21/2023,8061325,1762,3,2,A1419
P1520,Prime Residential Plot,Plot,Chennai,TN,1/22/2023,7751393,1134,3,2,A1420
P1521,Prime Residential Plot,Plot,Chennai,TN,1/23/2023,5732975,2822,2,2,A1421
P1522,Prime Residential Plot,Plot,Chennai,TN,1/24/2023,8278353,2319,2,2,A1422
P1523,Prime Residential Plot,Plot,Chennai,TN,1/25/2023,5881096,1914,3,2,A1423
P1524,Prime Residential Plot,Plot,Chennai,TN,1/26/2023,6074318,1821,2,2,A1424
P1525,Prime Residential Plot,Plot,Chennai,TN,1/27/2023,5418883,1733,3,2,A1425
P1526,Prime Residential Plot,Plot,Chennai,TN,1/28/2023,8489025,1739,3,2,A1426
P1527,Prime Residential Plot,Plot,Chennai,TN,1/29/2023,5265020,1517,2,2,A1427
P1528,Prime Residential Plot,Plot,Chennai,TN,1/30/2023,5171017,2387,2,2,A1428
P1529,Prime Residential Plot,Plot,Chennai,TN,1/31/2023,8469609,1503,2,2,A1429
P1530,Prime Residential Plot,Plot,Chennai,TN,2/1/2023,7839054,2365,2,2,A1430
P1531,Prime Residential Plot,Plot,Chennai,TN,2/2/2023,5245524,1109,2,2,A1431
P1532,Prime Residential Plot,Plot,Chennai,TN,2/3/2023,6413567,1353,2,2,A1432
P1533,Prime Residential Plot,Plot,Chennai,TN,2/4/2023,7257610,1826,3,2,A1433
P1534,Prime Residential Plot,Plot,Chennai,TN,2/5/2023,8649523,2043,2,2,A1434
P1535,Prime Residential Plot,Plot,Chennai,TN,2/6/2023,5302023,1666,3,2,A1435
P1536,Prime Residential Plot,Plot,Chennai,TN,2/7/2023,8500844,1388,2,2,A1436
P1537,Prime Residential Plot,Plot,Chennai,TN,2/8/2023,8102455,1377,2,2,A1437
P1538,Prime Residential Plot,Plot,Chennai,TN,2/9/2023,5840605,2690,3,2,A1438
P1539,Prime Residential Plot,Plot,Chennai,TN,2/10/2023,4691259,1125,3,2,A1439
P1540,Prime Residential Plot,Plot,Chennai,TN,2/11/2023,9309132,2918,2,2,A1440
P1541,Prime Residential Plot,Plot,Chennai,TN,2/12/2023,6833875,2685,3,2,A1441
P1542,Prime Residential Plot,Plot,Chennai,TN,2/13/2023,6885940,2732,2,2,A1442
P1543,Prime Residential Plot,Plot,Chennai,TN,2/14/2023,7341689,1348,2,2,A1443
P1544,Prime Residential Plot,Plot,Chennai,TN,2/15/2023,6434770,2194,3,2,A1444
P1545,Prime Residential Plot,Plot,Chennai,TN,2/16/2023,6357323,2864,2,2,A1445
P1546,Prime Residential Plot,Plot,Chennai,TN,2/17/2023,9115185,2898,3,2,A1446
P1547,Prime Residential Plot,Plot,Chennai,TN,2/18/2023,7734417,2369,3,2,A1447
P1548,Prime Residential Plot,Plot,Chennai,TN,2/19/2023,6786918,1678,2,2,A1448
P1549,Prime Residential Plot,Plot,Chennai,TN,2/20/2023,7352676,1165,2,2,A1449
P1550,Prime Residential Plot,Plot,Chennai,TN,2/21/2023,7304984,2284,3,2,A1450
P1551,Prime Residential Plot,Plot,Chennai,TN,2/22/2023,5058731,1705,2,2,A1451
P1552,Prime Residential Plot,Plot,Chennai,TN,2/23/2023,5760231,2870,2,2,A1452
P1553,Prime Residential Plot,Plot,Chennai,TN,2/24/2023,8733572,2564,2,2,A1453
P1554,Prime Residential Plot,Plot,Chennai,TN,2/25/2023,9402989,1073,2,2,A1454
P1555,Prime Residential Plot,Plot,Chennai,TN,2/26/2023,6724012,2698,3,2,A1455
P1556,Prime Residential Plot,Plot,Chennai,TN,2/27/2023,9289535,2818,3,2,A1456
P1557,Prime Residential Plot,Plot,Chennai,TN,2/28/2023,8886712,2445,2,2,A1457
P1558,Prime Residential Plot,Plot,Chennai,TN,3/1/2023,5267983,2495,3,2,A1458
P1559,Prime Residential Plot,Plot,Chennai,TN,3/2/2023,9403000,2059,3,2,A1459
P1560,Prime Residential Plot,Plot,Chennai,TN,3/3/2023,8816471,1029,2,2,A1460
P1561,Prime Residential Plot,Plot,Chennai,TN,3/4/2023,8895583,1318,3,2,A1461
P1562,Prime Residential Plot,Plot,Chennai,TN,3/5/2023,6015333,2869,2,2,A1462
P1563,Prime Residential Plot,Plot,Chennai,TN,3/6/2023,5351979,1054,3,2,A1463
P1564,Prime Residential Plot,Plot,Chennai,TN,3/7/2023,5545178,1982,3,2,A1464
P1565,Prime Residential Plot,Plot,Chennai,TN,3/8/2023,7143057,2872,2,2,A1465
P1566,Prime Residential Plot,Plot,Chennai,TN,3/9/2023,9252345,1795,2,2,A1466
P1567,Prime Residential Plot,Plot,Chennai,TN,3/10/2023,7713496,2943,2,2,A1467
P1568,Prime Residential Plot,Plot,Chennai,TN,3/11/2023,7613960,1647,3,2,A1468
P1569,Prime Residential Plot,Plot,Chennai,TN,3/12/2023,9021474,1293,3,2,A1469
P1570,Prime Residential Plot,Plot,Chennai,TN,3/13/2023,9172948,2463,2,2,A1470
P1571,Prime Residential Plot,Plot,Chennai,TN,3/14/2023,5564193,2388,2,2,A1471
P1572,Prime Residential Plot,Plot,Chennai,TN,3/15/2023,4865252,1560,3,2,A1472
P1573,Prime Residential Plot,Plot,Chennai,TN,3/16/2023,5585217,1108,2,2,A1473
P1574,Prime Residential Plot,Plot,Chennai,TN,3/17/2023,6776606,1978,3,2,A1474
P1575,Prime Residential Plot,Plot,Chennai,TN,3/18/2023,6199071,2096,2,2,A1475
P1576,Prime Residential Plot,Plot,Chennai,TN,3/19/2023,8480392,1324,3,2,A1476
P1577,Prime Residential Plot,Plot,Chennai,TN,3/20/2023,5844389,1038,2,2,A1477
P1578,Prime Residential Plot,Plot,Chennai,TN,3/21/2023,8422979,1560,3,2,A1478
P1579,Prime Residential Plot,Plot,Chennai,TN,3/22/2023,9336588,2908,3,2,A1479
P1580,Prime Residential Plot,Plot,Chennai,TN,3/23/2023,5399100,2844,3,2,A1480
P1581,Prime Residential Plot,Plot,Chennai,TN,3/24/2023,6302961,1760,2,2,A1481
P1582,Prime Residential Plot,Plot,Chennai,TN,3/25/2023,5462517,2681,2,2,A1482
P1583,Prime Residential Plot,Plot,Chennai,TN,3/26/2023,6950135,2698,3,2,A1483
P1584,Prime Residential Plot,Plot,Chennai,TN,3/27/2023,6570675,2610,2,2,A1484
P1585,Prime Residential Plot,Plot,Chennai,TN,3/28/2023,7053282,2645,2,2,A1485
P1586,Prime Residential Plot,Plot,Chennai,TN,3/29/2023,7127403,2465,3,2,A1486
P1587,Prime Residential Plot,Plot,Chennai,TN,3/30/2023,9123368,2140,3,2,A1487
P1588,Prime Residential Plot,Plot,Chennai,TN,3/31/2023,9334498,2591,3,2,A1488
P1589,Prime Residential Plot,Plot,Chennai,TN,4/1/2023,7185085,1385,3,2,A1489
P1590,Prime Residential Plot,Plot,Chennai,TN,4/2/2023,8945823,1196,2,2,A1490
P1591,Prime Residential Plot,Plot,Chennai,TN,4/3/2023,9291855,2942,3,2,A1491
P1592,Prime Residential Plot,Plot,Chennai,TN,4/4/2023,5733325,2126,2,2,A1492
P1593,Prime Residential Plot,Plot,Chennai,TN,4/5/2023,5531065,1219,2,2,A1493
P1594,Prime Residential Plot,Plot,Chennai,TN,4/6/2023,9428336,1327,2,2,A1494
P1595,Prime Residential Plot,Plot,Chennai,TN,4/7/2023,7210895,1838,3,2,A1495
P1596,Prime Residential Plot,Plot,Chennai,TN,4/8/2023,4962824,1868,3,2,A1496
P1597,Prime Residential Plot,Plot,Chennai,TN,4/9/2023,6726152,2674,2,2,A1497
P1598,Prime Residential Plot,Plot,Chennai,TN,4/10/2023,9162356,1282,2,2,A1498
P1599,Prime Residential Plot,Plot,Chennai,TN,4/11/2023,4831006,1798,2,2,A1499
P1600,Prime Residential Plot,Plot,Chennai,TN,4/12/2023,8403095,2755,3,2,A1500
P1601,Prime Residential Plot,Plot,Chennai,TN,4/13/2023,6709764,1993,2,2,A1501
P1602,Prime Residential Plot,Plot,Chennai,TN,4/14/2023,9461795,1422,2,2,A1502
P1603,Prime Residential Plot,Plot,Chennai,TN,4/15/2023,9023341,1253,2,2,A1503
P1604,Prime Residential Plot,Plot,Chennai,TN,4/16/2023,6392128,1810,2,2,A1504
P1605,Prime Residential Plot,Plot,Chennai,TN,4/17/2023,8521122,1793,3,2,A1505
P1606,Prime Residential Plot,Plot,Chennai,TN,4/18/2023,8544505,1272,2,2,A1506
P1607,Prime Residential Plot,Plot,Chennai,TN,4/19/2023,7037898,2584,3,2,A1507
P1608,Prime Residential Plot,Plot,Chennai,TN,4/20/2023,7218863,1707,2,2,A1508
P1609,Prime Residential Plot,Plot,Chennai,TN,4/21/2023,7435976,2943,3,2,A1509
P1610,Prime Residential Plot,Plot,Chennai,TN,4/22/2023,7372349,2473,2,2,A1510
P1611,Prime Residential Plot,Plot,Chennai,TN,4/23/2023,5947594,1271,2,2,A1511
P1612,Prime Residential Plot,Plot,Chennai,TN,4/24/2023,7083194,2150,3,2,A1512
P1613,Prime Residential Plot,Plot,Chennai,TN,4/25/2023,8234499,2519,2,2,A1513
P1614,Prime Residential Plot,Plot,Chennai,TN,4/26/2023,4842363,2469,2,2,A1514
P1615,Prime Residential Plot,Plot,Chennai,TN,4/27/2023,5981939,1479,3,2,A1515
P1616,Prime Residential Plot,Plot,Chennai,TN,4/28/2023,8825806,2101,2,2,A1516
P1617,Prime Residential Plot,Plot,Chennai,TN,4/29/2023,7377992,1308,3,2,A1517
P1618,Prime Residential Plot,Plot,Chennai,TN,4/30/2023,6957923,2158,2,2,A1518
P1619,Prime Residential Plot,Plot,Chennai,TN,5/1/2023,5362452,2572,3,2,A1519
P1620,Prime Residential Plot,Plot,Chennai,TN,5/2/2023,8338482,2931,3,2,A1520
P1621,Prime Residential Plot,Plot,Chennai,TN,5/3/2023,5616837,1127,3,2,A1521
P1622,Prime Residential Plot,Plot,Chennai,TN,5/4/2023,5714072,2776,3,2,A1522
P1623,Prime Residential Plot,Plot,Chennai,TN,5/5/2023,5773528,1811,3,2,A1523
P1624,Prime Residential Plot,Plot,Chennai,TN,5/6/2023,4671375,2775,2,2,A1524
P1625,Prime Residential Plot,Plot,Chennai,TN,5/7/2023,5508244,2250,2,2,A1525
P1626,Prime Residential Plot,Plot,Chennai,TN,5/8/2023,9029073,2933,2,2,A1526
P1627,Prime Residential Plot,Plot,Chennai,TN,5/9/2023,4718547,2276,3,2,A1527
P1628,Prime Residential Plot,Plot,Chennai,TN,5/10/2023,7121670,2950,3,2,A1528
P1629,Prime Residential Plot,Plot,Chennai,TN,5/11/2023,8306202,2930,3,2,A1529
P1630,Prime Residential Plot,Plot,Chennai,TN,5/12/2023,8427404,2406,2,2,A1530
P1631,Prime Residential Plot,Plot,Chennai,TN,5/13/2023,4747854,2764,3,2,A1531
P1632,Prime Residential Plot,Plot,Chennai,TN,5/14/2023,8476560,2869,3,2,A1532
P1633,Prime Residential Plot,Plot,Chennai,TN,5/15/2023,5660466,1807,2,2,A1533
P1634,Prime Residential Plot,Plot,Chennai,TN,5/16/2023,5832348,2651,3,2,A1534
P1635,Prime Residential Plot,Plot,Chennai,TN,5/17/2023,4938820,2599,2,2,A1535
P1636,Prime Residential Plot,Plot,Chennai,TN,5/18/2023,9014876,1025,2,2,A1536
P1637,Prime Residential Plot,Plot,Chennai,TN,5/19/2023,6642829,1671,2,2,A1537
P1638,Prime Residential Plot,Plot,Chennai,TN,5/20/2023,6001467,2130,2,2,A1538
P1639,Prime Residential Plot,Plot,Chennai,TN,5/21/2023,6171529,1435,3,2,A1539
P1640,Prime Residential Plot,Plot,Chennai,TN,5/22/2023,4608391,1307,3,2,A1540
P1641,Prime Residential Plot,Plot,Chennai,TN,5/23/2023,8374676,2224,3,2,A1541
P1642,Prime Residential Plot,Plot,Chennai,TN,5/24/2023,5458714,1915,3,2,A1542
P1643,Prime Residential Plot,Plot,Chennai,TN,5/25/2023,6625833,1272,2,2,A1543
P1644,Prime Residential Plot,Plot,Chennai,TN,5/26/2023,8070022,1250,3,2,A1544
P1645,Prime Residential Plot,Plot,Chennai,TN,5/27/2023,4550487,1773,3,2,A1545
P1646,Prime Residential Plot,Plot,Chennai,TN,5/28/2023,9425337,1791,3,2,A1546
P1647,Prime Residential Plot,Plot,Chennai,TN,5/29/2023,8470916,1361,3,2,A1547
P1648,Prime Residential Plot,Plot,Chennai,TN,5/30/2023,5372012,1689,3,2,A1548
P1649,Prime Residential Plot,Plot,Chennai,TN,5/31/2023,8100640,1282,2,2,A1549
P1650,Prime Residential Plot,Plot,Chennai,TN,6/1/2023,7987643,2330,2,2,A1550
P1651,Prime Residential Plot,Plot,Chennai,TN,6/2/2023,4678000,2681,2,2,A1551
P1652,Prime Residential Plot,Plot,Chennai,TN,6/3/2023,7411571,2115,2,2,A1552
P1653,Prime Residential Plot,Plot,Chennai,TN,6/4/2023,6269510,2342,3,2,A1553
P1654,Prime Residential Plot,Plot,Chennai,TN,6/5/2023,5668297,1116,2,2,A1554
P1655,Prime Residential Plot,Plot,Chennai,TN,6/6/2023,4923134,2524,3,2,A1555
P1656,Prime Residential Plot,Plot,Chennai,TN,6/7/2023,8944912,2388,2,2,A1556
P1657,Prime Residential Plot,Plot,Chennai,TN,6/8/2023,9491275,1017,2,2,A1557
P1658,Prime Residential Plot,Plot,Chennai,TN,6/9/2023,4869839,1468,2,2,A1558
P1659,Prime Residential Plot,Plot,Chennai,TN,6/10/2023,8628616,1610,2,2,A1559
P1660,Prime Residential Plot,Plot,Chennai,TN,6/11/2023,5360211,1287,2,2,A1560
P1661,Prime Residential Plot,Plot,Chennai,TN,6/12/2023,4874499,2061,3,2,A1561
P1662,Prime Residential Plot,Plot,Chennai,TN,6/13/2023,6969477,1361,2,2,A1562
P1663,Prime Residential Plot,Plot,Chennai,TN,6/14/2023,5925625,1663,2,2,A1563
P1664,Prime Residential Plot,Plot,Chennai,TN,6/15/2023,4672263,1337,2,2,A1564
P1665,Prime Residential Plot,Plot,Chennai,TN,6/16/2023,5440010,2467,3,2,A1565
P1666,Prime Residential Plot,Plot,Chennai,TN,6/17/2023,7815507,1257,3,2,A1566
P1667,Prime Residential Plot,Plot,Chennai,TN,6/18/2023,5999097,1347,2,2,A1567
P1668,Prime Residential Plot,Plot,Chennai,TN,6/19/2023,7162167,2329,3,2,A1568
P1669,Prime Residential Plot,Plot,Chennai,TN,6/20/2023,7036331,1041,2,2,A1569
P1670,Prime Residential Plot,Plot,Chennai,TN,6/21/2023,5877532,2861,2,2,A1570
P1671,Prime Residential Plot,Plot,Chennai,TN,6/22/2023,8208332,1405,2,2,A1571
P1672,Prime Residential Plot,Plot,Chennai,TN,6/23/2023,5635037,2710,3,2,A1572
P1673,Prime Residential Plot,Plot,Chennai,TN,6/24/2023,7040538,2983,3,2,A1573
P1674,Prime Residential Plot,Plot,Chennai,TN,6/25/2023,5691494,1610,2,2,A1574
P1675,Prime Residential Plot,Plot,Chennai,TN,6/26/2023,7333569,2429,2,2,A1575
P1676,Prime Residential Plot,Plot,Chennai,TN,6/27/2023,5079280,2542,2,2,A1576
P1677,Prime Residential Plot,Plot,Chennai,TN,6/28/2023,7694651,2302,2,2,A1577
P1678,Prime Residential Plot,Plot,Chennai,TN,6/29/2023,6129497,1566,2,2,A1578
P1679,Prime Residential Plot,Plot,Chennai,TN,6/30/2023,5621869,2116,3,2,A1579
P1680,Prime Residential Plot,Plot,Chennai,TN,7/1/2023,5174560,1054,2,2,A1580
P1681,Prime Residential Plot,Plot,Chennai,TN,7/2/2023,7100536,1427,2,2,A1581
P1682,Prime Residential Plot,Plot,Chennai,TN,7/3/2023,9427599,2336,2,2,A1582
P1683,Prime Residential Plot,Plot,Chennai,TN,7/4/2023,6099596,1810,2,2,A1583
P1684,Prime Residential Plot,Plot,Chennai,TN,7/5/2023,6539051,2153,3,2,A1584
P1685,Prime Residential Plot,Plot,Chennai,TN,7/6/2023,7430411,2903,3,2,A1585
P1686,Prime Residential Plot,Plot,Chennai,TN,7/7/2023,7208007,1225,2,2,A1586
P1687,Prime Residential Plot,Plot,Chennai,TN,7/8/2023,7592136,2077,3,2,A1587
P1688,Prime Residential Plot,Plot,Chennai,TN,7/9/2023,4728226,1747,2,2,A1588
P1689,Prime Residential Plot,Plot,Chennai,TN,7/10/2023,7309453,2636,2,2,A1589
P1690,Prime Residential Plot,Plot,Chennai,TN,7/11/2023,8978771,1322,2,2,A1590
P1691,Prime Residential Plot,Plot,Chennai,TN,7/12/2023,8071075,2999,3,2,A1591
P1692,Prime Residential Plot,Plot,Chennai,TN,7/13/2023,8810095,2581,3,2,A1592
P1693,Prime Residential Plot,Plot,Chennai,TN,7/14/2023,8634355,2383,3,2,A1593
P1694,Prime Residential Plot,Plot,Chennai,TN,7/15/2023,8598682,2187,3,2,A1594
P1695,Prime Residential Plot,Plot,Chennai,TN,7/16/2023,8012370,1976,2,2,A1595
P1696,Prime Residential Plot,Plot,Chennai,TN,7/17/2023,8803430,1202,3,2,A1596
P1697,Prime Residential Plot,Plot,Chennai,TN,7/18/2023,5110998,1160,3,2,A1597
P1698,Prime Residential Plot,Plot,Chennai,TN,7/19/2023,8597184,2577,2,2,A1598
P1699,Prime Residential Plot,Plot,Chennai,TN,7/20/2023,7279928,2661,3,2,A1599
P1700,Prime Residential Plot,Plot,Chennai,TN,7/21/2023,4626761,1911,2,2,A1600
P1701,Prime Residential Plot,Plot,Chennai,TN,7/22/2023,8079671,1615,3,2,A1601
P1702,Prime Residential Plot,Plot,Chennai,TN,7/23/2023,4751025,1700,2,2,A1602
P1703,Prime Residential Plot,Plot,Chennai,TN,7/24/2023,7346247,1231,3,2,A1603
P1704,Prime Residential Plot,Plot,Chennai,TN,7/25/2023,4765041,1787,2,2,A1604
P1705,Prime Residential Plot,Plot,Chennai,TN,7/26/2023,8139016,2075,2,2,A1605
P1706,Prime Residential Plot,Plot,Chennai,TN,7/27/2023,7216188,1074,3,2,A1606
P1707,Prime Residential Plot,Plot,Chennai,TN,7/28/2023,7390955,1156,3,2,A1607
P1708,Prime Residential Plot,Plot,Chennai,TN,7/29/2023,6332314,2791,3,2,A1608
P1709,Prime Residential Plot,Plot,Chennai,TN,7/30/2023,8271368,2318,3,2,A1609
P1710,Prime Residential Plot,Plot,Chennai,TN,7/31/2023,9176982,2416,2,2,A1610
P1711,Prime Residential Plot,Plot,Chennai,TN,8/1/2023,6617259,1955,3,2,A1611
P1712,Prime Residential Plot,Plot,Chennai,TN,8/2/2023,7214123,1557,2,2,A1612
P1713,Prime Residential Plot,Plot,Chennai,TN,8/3/2023,8548924,1649,2,2,A1613
P1714,Prime Residential Plot,Plot,Chennai,TN,8/4/2023,7927436,1228,3,2,A1614
P1715,Prime Residential Plot,Plot,Chennai,TN,8/5/2023,8838884,1508,2,2,A1615
P1716,Prime Residential Plot,Plot,Chennai,TN,8/6/2023,4706091,1808,3,2,A1616
P1717,Prime Residential Plot,Plot,Chennai,TN,8/7/2023,6724936,1346,2,2,A1617
P1718,Prime Residential Plot,Plot,Chennai,TN,8/8/2023,8419494,1300,2,2,A1618
P1719,Prime Residential Plot,Plot,Chennai,TN,8/9/2023,5896282,1241,2,2,A1619
P1720,Prime Residential Plot,Plot,Chennai,TN,8/10/2023,8043086,1100,2,2,A1620
P1721,Prime Residential Plot,Plot,Chennai,TN,8/11/2023,9421823,1893,3,2,A1621
P1722,Prime Residential Plot,Plot,Chennai,TN,8/12/2023,5503712,1395,3,2,A1622
P1723,Prime Residential Plot,Plot,Chennai,TN,8/13/2023,9302299,2246,3,2,A1623
P1724,Prime Residential Plot,Plot,Chennai,TN,8/14/2023,6663467,1559,3,2,A1624
P1725,Prime Residential Plot,Plot,Chennai,TN,8/15/2023,5031369,1018,3,2,A1625
P1726,Prime Residential Plot,Plot,Chennai,TN,8/16/2023,7393399,1374,2,2,A1626
P1727,Prime Residential Plot,Plot,Chennai,TN,8/17/2023,7941663,1862,2,2,A1627
P1728,Prime Residential Plot,Plot,Chennai,TN,8/18/2023,6984672,2209,3,2,A1628
P1729,Prime Residential Plot,Plot,Chennai,TN,8/19/2023,8859359,1742,2,2,A1629
P1730,Prime Residential Plot,Plot,Chennai,TN,8/20/2023,5892690,1838,2,2,A1630
P1731,Prime Residential Plot,Plot,Chennai,TN,8/21/2023,8789369,1243,2,2,A1631
P1732,Prime Residential Plot,Plot,Chennai,TN,8/22/2023,9184177,2685,3,2,A1632
P1733,Prime Residential Plot,Plot,Chennai,TN,8/23/2023,6941067,2956,2,2,A1633
P1734,Prime Residential Plot,Plot,Chennai,TN,8/24/2023,6345018,2355,3,2,A1634
P1735,Prime Residential Plot,Plot,Chennai,TN,8/25/2023,7219215,2912,3,2,A1635
P1736,Prime Residential Plot,Plot,Chennai,TN,8/26/2023,5115998,2664,2,2,A1636
P1737,Prime Residential Plot,Plot,Chennai,TN,8/27/2023,6087939,1717,2,2,A1637
P1738,Prime Residential Plot,Plot,Chennai,TN,8/28/2023,8664773,1190,3,2,A1638
P1739,Prime Residential Plot,Plot,Chennai,TN,8/29/2023,5623238,2155,2,2,A1639
P1740,Prime Residential Plot,Plot,Chennai,TN,8/30/2023,8741415,1741,3,2,A1640
P1741,Prime Residential Plot,Plot,Chennai,TN,8/31/2023,4652148,1041,3,2,A1641
P1742,Prime Residential Plot,Plot,Chennai,TN,9/1/2023,8113179,2388,2,2,A1642
P1743,Prime Residential Plot,Plot,Chennai,TN,9/2/2023,6125837,2317,3,2,A1643
P1744,Prime Residential Plot,Plot,Chennai,TN,9/3/2023,7849897,1611,2,2,A1644
P1745,Prime Residential Plot,Plot,Chennai,TN,9/4/2023,7045596,2394,2,2,A1645
P1746,Prime Residential Plot,Plot,Chennai,TN,9/5/2023,6368292,2246,3,2,A1646
P1747,Prime Residential Plot,Plot,Chennai,TN,9/6/2023,8407094,1858,3,2,A1647
P1748,Prime Residential Plot,Plot,Chennai,TN,9/7/2023,5976118,2741,2,2,A1648
P1749,Prime Residential Plot,Plot,Chennai,TN,9/8/2023,9403733,1502,2,2,A1649
P1750,Prime Residential Plot,Plot,Chennai,TN,9/9/2023,5853836,1052,2,2,A1650
P1751,Prime Residential Plot,Plot,Chennai,TN,9/10/2023,4660554,1397,3,2,A1651
P1752,Prime Residential Plot,Plot,Chennai,TN,9/11/2023,5775552,1034,2,2,A1652
P1753,Prime Residential Plot,Plot,Chennai,TN,9/12/2023,5629698,1445,2,2,A1653
P1754,Prime Residential Plot,Plot,Chennai,TN,9/13/2023,4796608,1460,2,2,A1654
P1755,Prime Residential Plot,Plot,Chennai,TN,9/14/2023,6318566,2529,3,2,A1655
P1756,Prime Residential Plot,Plot,Chennai,TN,9/15/2023,6348342,2815,3,2,A1656
P1757,Prime Residential Plot,Plot,Chennai,TN,9/16/2023,6413821,2460,3,2,A1657
P1758,Prime Residential Plot,Plot,Chennai,TN,9/17/2023,7564012,2453,3,2,A1658
P1759,Prime Residential Plot,Plot,Chennai,TN,9/18/2023,7348142,1169,3,2,A1659
P1760,Prime Residential Plot,Plot,Chennai,TN,9/19/2023,9042779,2252,3,2,A1660
P1761,Prime Residential Plot,Plot,Chennai,TN,9/20/2023,8865279,1233,2,2,A1661
P1762,Prime Residential Plot,Plot,Chennai,TN,9/21/2023,8677518,1014,2,2,A1662
P1763,Prime Residential Plot,Plot,Chennai,TN,9/22/2023,8081549,2408,2,2,A1663
P1764,Prime Residential Plot,Plot,Chennai,TN,9/23/2023,5886164,2829,2,2,A1664
P1765,Prime Residential Plot,Plot,Chennai,TN,9/24/2023,4723499,2092,2,2,A1665
P1766,Prime Residential Plot,Plot,Chennai,TN,9/25/2023,8230322,2898,2,2,A1666
P1767,Prime Residential Plot,Plot,Chennai,TN,9/26/2023,6448946,2883,3,2,A1667
P1768,Prime Residential Plot,Plot,Chennai,TN,9/27/2023,6896204,1349,2,2,A1668
P1769,Prime Residential Plot,Plot,Chennai,TN,9/28/2023,6231473,1604,3,2,A1669
P1770,Prime Residential Plot,Plot,Chennai,TN,9/29/2023,7385503,1456,3,2,A1670
P1771,Prime Residential Plot,Plot,Chennai,TN,9/30/2023,5037098,1001,2,2,A1671
P1772,Prime Residential Plot,Plot,Chennai,TN,10/1/2023,5408309,2196,3,2,A1672
P1773,Prime Residential Plot,Plot,Chennai,TN,10/2/2023,6288429,2929,3,2,A1673
P1774,Prime Residential Plot,Plot,Chennai,TN,10/3/2023,9435756,2217,3,2,A1674
P1775,Prime Residential Plot,Plot,Chennai,TN,10/4/2023,9454347,1405,3,2,A1675
P1776,Prime Residential Plot,Plot,Chennai,TN,10/5/2023,7720941,1154,3,2,A1676
P1777,Prime Residential Plot,Plot,Chennai,TN,10/6/2023,6794329,1993,2,2,A1677
P1778,Prime Residential Plot,Plot,Chennai,TN,10/7/2023,6315788,2755,3,2,A1678
P1779,Prime Residential Plot,Plot,Chennai,TN,10/8/2023,7721009,1847,2,2,A1679
P1780,Prime Residential Plot,Plot,Chennai,TN,10/9/2023,9145884,2993,3,2,A1680
P1781,Prime Residential Plot,Plot,Chennai,TN,10/10/2023,5005849,1439,3,2,A1681
P1782,Prime Residential Plot,Plot,Chennai,TN,10/11/2023,7516529,1031,3,2,A1682
P1783,Prime Residential Plot,Plot,Chennai,TN,10/12/2023,5778754,1283,2,2,A1683
P1784,Prime Residential Plot,Plot,Chennai,TN,10/13/2023,8262832,2362,3,2,A1684
P1785,Prime Residential Plot,Plot,Chennai,TN,10/14/2023,7103505,2850,2,2,A1685
P1786,Prime Residential Plot,Plot,Chennai,TN,10/15/2023,6863448,2566,3,2,A1686
P1787,Prime Residential Plot,Plot,Chennai,TN,10/16/2023,8823360,1963,2,2,A1687
P1788,Prime Residential Plot,Plot,Chennai,TN,10/17/2023,4914494,2518,3,2,A1688
P1789,Prime Residential Plot,Plot,Chennai,TN,10/18/2023,5162098,2074,3,2,A1689
P1790,Prime Residential Plot,Plot,Chennai,TN,10/19/2023,5876988,1673,3,2,A1690
P1791,Prime Residential Plot,Plot,Chennai,TN,10/20/2023,6614066,1985,3,2,A1691
P1792,Prime Residential Plot,Plot,Chennai,TN,10/21/2023,9154298,2476,3,2,A1692
P1793,Prime Residential Plot,Plot,Chennai,TN,10/22/2023,8829865,2980,3,2,A1693
P1794,Prime Residential Plot,Plot,Chennai,TN,10/23/2023,4591084,1884,3,2,A1694
P1795,Prime Residential Plot,Plot,Chennai,TN,10/24/2023,8155802,2247,3,2,A1695
P1796,Prime Residential Plot,Plot,Chennai,TN,10/25/2023,8197543,1326,3,2,A1696
P1797,Prime Residential Plot,Plot,Chennai,TN,10/26/2023,5724548,2866,3,2,A1697
P1798,Prime Residential Plot,Plot,Chennai,TN,10/27/2023,8040570,2172,3,2,A1698
P1799,Prime Residential Plot,Plot,Chennai,TN,10/28/2023,6907016,1071,3,2,A1699
P1800,Prime Residential Plot,Plot,Chennai,TN,10/29/2023,7955065,1204,2,2,A1700
P1801,Prime Residential Plot,Plot,Chennai,TN,10/30/2023,8797381,1463,2,2,A1701
P1802,Prime Residential Plot,Plot,Chennai,TN,10/31/2023,8967217,2520,3,2,A1702
P1803,Prime Residential Plot,Plot,Chennai,TN,11/1/2023,9442814,1617,2,2,A1703
P1804,Prime Residential Plot,Plot,Chennai,TN,11/2/2023,8844713,2775,2,2,A1704
P1805,Prime Residential Plot,Plot,Chennai,TN,11/3/2023,5369023,2054,2,2,A1705
P1806,Prime Residential Plot,Plot,Chennai,TN,11/4/2023,5248043,2239,3,2,A1706
P1807,Prime Residential Plot,Plot,Chennai,TN,11/5/2023,4525112,1222,2,2,A1707
P1808,Prime Residential Plot,Plot,Chennai,TN,11/6/2023,7069895,1178,2,2,A1708
P1809,Prime Residential Plot,Plot,Chennai,TN,11/7/2023,7676030,1865,3,2,A1709
P1810,Prime Residential Plot,Plot,Chennai,TN,11/8/2023,5703970,2591,2,2,A1710
P1811,Prime Residential Plot,Plot,Chennai,TN,11/9/2023,6376241,1574,2,2,A1711
P1812,Prime Residential Plot,Plot,Chennai,TN,11/10/2023,7439914,2854,2,2,A1712
P1813,Prime Residential Plot,Plot,Chennai,TN,11/11/2023,5303609,2426,2,2,A1713
P1814,Prime Residential Plot,Plot,Chennai,TN,11/12/2023,7996236,1436,3,2,A1714
P1815,Prime Residential Plot,Plot,Chennai,TN,11/13/2023,5539229,1623,2,2,A1715
P1816,Prime Residential Plot,Plot,Chennai,TN,11/14/2023,6488384,1348,3,2,A1716
P1817,Prime Residential Plot,Plot,Chennai,TN,11/15/2023,9448112,1446,3,2,A1717
P1818,Prime Residential Plot,Plot,Chennai,TN,11/16/2023,9320286,2700,2,2,A1718
P1819,Prime Residential Plot,Plot,Chennai,TN,11/17/2023,6980446,2183,2,2,A1719
P1820,Prime Residential Plot,Plot,Chennai,TN,11/18/2023,7878661,2702,2,2,A1720
P1821,Prime Residential Plot,Plot,Chennai,TN,11/19/2023,8391941,1296,3,2,A1721
P1822,Prime Residential Plot,Plot,Chennai,TN,11/20/2023,8946333,1606,2,2,A1722
P1823,Prime Residential Plot,Plot,Chennai,TN,11/21/2023,7879516,1201,2,2,A1723
P1824,Prime Residential Plot,Plot,Chennai,TN,11/22/2023,7912559,2541,3,2,A1724
P1825,Prime Residential Plot,Plot,Chennai,TN,11/23/2023,6156948,2874,2,2,A1725
P1826,Prime Residential Plot,Plot,Chennai,TN,11/24/2023,4839342,2268,3,2,A1726
P1827,Prime Residential Plot,Plot,Chennai,TN,11/25/2023,6142309,1117,3,2,A1727
P1828,Prime Residential Plot,Plot,Chennai,TN,11/26/2023,4560758,1390,3,2,A1728
P1829,Prime Residential Plot,Plot,Chennai,TN,11/27/2023,8650432,1795,2,2,A1729
P1830,Prime Residential Plot,Plot,Chennai,TN,11/28/2023,8964150,1214,3,2,A1730
P1831,Prime Residential Plot,Plot,Chennai,TN,11/29/2023,7240898,2197,2,2,A1731
P1832,Prime Residential Plot,Plot,Chennai,TN,11/30/2023,6977715,2164,2,2,A1732
P1833,Prime Residential Plot,Plot,Chennai,TN,12/1/2023,5116478,1243,3,2,A1733
P1834,Prime Residential Plot,Plot,Chennai,TN,12/2/2023,4865055,1486,3,2,A1734
P1835,Prime Residential Plot,Plot,Chennai,TN,12/3/2023,7481861,2606,2,2,A1735
P1836,Prime Residential Plot,Plot,Chennai,TN,12/4/2023,7763310,1210,3,2,A1736
P1837,Prime Residential Plot,Plot,Chennai,TN,12/5/2023,7668720,1349,3,2,A1737
P1838,Prime Residential Plot,Plot,Chennai,TN,12/6/2023,8489197,2445,3,2,A1738
P1839,Prime Residential Plot,Plot,Chennai,TN,12/7/2023,6032169,2015,2,2,A1739
P1840,Prime Residential Plot,Plot,Chennai,TN,12/8/2023,4571162,1073,3,2,A1740
P1841,Prime Residential Plot,Plot,Chennai,TN,12/9/2023,6750641,2592,3,2,A1741
P1842,Prime Residential Plot,Plot,Chennai,TN,12/10/2023,9234637,2714,3,2,A1742
P1843,Prime Residential Plot,Plot,Chennai,TN,12/11/2023,6361969,2713,3,2,A1743
P1844,Prime Residential Plot,Plot,Chennai,TN,12/12/2023,4683851,1617,2,2,A1744
P1845,Prime Residential Plot,Plot,Chennai,TN,12/13/2023,8811000,2967,2,2,A1745
P1846,Prime Residential Plot,Plot,Chennai,TN,12/14/2023,7429647,2939,2,2,A1746
P1847,Prime Residential Plot,Plot,Chennai,TN,12/15/2023,8366230,2637,2,2,A1747
P1848,Prime Residential Plot,Plot,Chennai,TN,12/16/2023,7221440,2358,2,2,A1748
P1849,Prime Residential Plot,Plot,Chennai,TN,12/17/2023,9340257,1863,2,2,A1749
P1850,Prime Residential Plot,Plot,Chennai,TN,12/18/2023,6607901,1838,2,2,A1750
P1851,Prime Residential Plot,Plot,Chennai,TN,12/19/2023,5121221,1936,3,2,A1751
P1852,Prime Residential Plot,Plot,Chennai,TN,12/20/2023,7991500,1699,2,2,A1752
P1853,Prime Residential Plot,Plot,Chennai,TN,12/21/2023,7146652,1816,2,2,A1753
P1854,Prime Residential Plot,Plot,Chennai,TN,12/22/2023,6778846,2597,2,2,A1754
P1855,Prime Residential Plot,Plot,Chennai,TN,12/23/2023,9151502,1937,2,2,A1755
P1856,Prime Residential Plot,Plot,Chennai,TN,12/24/2023,5387825,2920,3,2,A1756
P1857,Prime Residential Plot,Plot,Chennai,TN,12/25/2023,6380526,2340,2,2,A1757
P1858,Prime Residential Plot,Plot,Chennai,TN,12/26/2023,8672819,2611,3,2,A1758
P1859,Prime Residential Plot,Plot,Chennai,TN,12/27/2023,5057805,2605,3,2,A1759
P1860,Prime Residential Plot,Plot,Coimbatore,TN,12/28/2023,5915273,2569,2,2,A1760
P1861,Prime Residential Plot,Plot,Coimbatore,TN,12/29/2023,7274563,1057,3,2,A1761
P1862,Prime Residential Plot,Plot,Coimbatore,TN,12/30/2023,9393257,1630,3,2,A1762
P1863,Prime Residential Plot,Plot,Coimbatore,TN,12/31/2023,5833901,2645,2,2,A1763
P1864,Prime Residential Plot,Plot,Coimbatore,TN,1/1/2024,7502184,2648,2,2,A1764
P1865,Prime Residential Plot,Plot,Coimbatore,TN,1/2/2024,5313880,2772,3,2,A1765
P1866,Prime Residential Plot,Plot,Coimbatore,TN,1/3/2024,8813687,2969,3,2,A1766
P1867,Prime Residential Plot,Plot,Coimbatore,TN,1/4/2024,6916539,2028,2,2,A1767
P1868,Prime Residential Plot,Plot,Coimbatore,TN,1/5/2024,5221261,2901,3,2,A1768
P1869,Prime Residential Plot,Plot,Coimbatore,TN,1/6/2024,7974669,1093,3,2,A1769
P1870,Prime Residential Plot,Plot,Coimbatore,TN,1/7/2024,6036207,1387,3,2,A1770
P1871,Prime Residential Plot,Plot,Coimbatore,TN,1/8/2024,7316038,2635,3,2,A1771
P1872,Prime Residential Plot,Plot,Coimbatore,TN,1/9/2024,7251163,1134,2,2,A1772
P1873,Prime Residential Plot,Plot,Coimbatore,TN,1/10/2024,7939452,1776,3,2,A1773
P1874,Prime Residential Plot,Plot,Coimbatore,TN,1/11/2024,5564213,2472,2,2,A1774
P1875,Prime Residential Plot,Plot,Coimbatore,TN,1/12/2024,7406902,2122,2,2,A1775
P1876,Prime Residential Plot,Plot,Coimbatore,TN,1/13/2024,4614757,2590,2,2,A1776
P1877,Prime Residential Plot,Plot,Coimbatore,TN,1/14/2024,6434443,1240,3,2,A1777
P1878,Prime Residential Plot,Plot,Coimbatore,TN,1/15/2024,7229191,2843,3,2,A1778
P1879,Prime Residential Plot,Plot,Coimbatore,TN,1/16/2024,8943552,1708,2,2,A1779
P1880,Prime Residential Plot,Plot,Coimbatore,TN,1/17/2024,9351536,2055,2,2,A1780
P1881,Prime Residential Plot,Plot,Coimbatore,TN,1/18/2024,5146609,1849,3,2,A1781
P1882,Prime Residential Plot,Plot,Coimbatore,TN,1/19/2024,7337106,1999,3,2,A1782
P1883,Prime Residential Plot,Plot,Coimbatore,TN,1/20/2024,6513488,1256,3,2,A1783
P1884,Prime Residential Plot,Plot,Coimbatore,TN,1/21/2024,8927233,2963,2,2,A1784
P1885,Prime Residential Plot,Plot,Coimbatore,TN,1/22/2024,7088730,1168,2,2,A1785
P1886,Prime Residential Plot,Plot,Coimbatore,TN,1/23/2024,7268207,2850,3,2,A1786
P1887,Prime Residential Plot,Plot,Coimbatore,TN,1/24/2024,5090117,1113,2,2,A1787
P1888,Prime Residential Plot,Plot,Coimbatore,TN,1/25/2024,7764955,2709,3,2,A1788
P1889,Prime Residential Plot,Plot,Coimbatore,TN,1/26/2024,8795584,2343,2,2,A1789
P1890,Prime Residential Plot,Plot,Coimbatore,TN,1/27/2024,5671348,1410,3,2,A1790
P1891,Prime Residential Plot,Plot,Coimbatore,TN,1/28/2024,5903234,1978,3,2,A1791
P1892,Prime Residential Plot,Plot,Coimbatore,TN,1/29/2024,5222181,2639,2,2,A1792
P1893,Prime Residential Plot,Plot,Coimbatore,TN,1/30/2024,8469321,2352,3,2,A1793
P1894,Prime Residential Plot,Plot,Coimbatore,TN,1/31/2024,7829362,1465,3,2,A1794
P1895,Prime Residential Plot,Plot,Coimbatore,TN,2/1/2024,4977264,1455,2,2,A1795
P1896,Prime Residential Plot,Plot,Coimbatore,TN,2/2/2024,6649722,2923,3,2,A1796
P1897,Prime Residential Plot,Plot,Coimbatore,TN,2/3/2024,9240366,2342,3,2,A1797
P1898,Prime Residential Plot,Plot,Coimbatore,TN,2/4/2024,8454025,2073,2,2,A1798
P1899,Prime Residential Plot,Plot,Coimbatore,TN,2/5/2024,7787270,1224,2,2,A1799
P1900,Prime Residential Plot,Plot,Coimbatore,TN,2/6/2024,7888729,1105,3,2,A1800
P1901,Prime Residential Plot,Plot,Coimbatore,TN,2/7/2024,9085047,1684,3,2,A1801
P1902,Prime Residential Plot,Plot,Coimbatore,TN,2/8/2024,5871978,1960,3,2,A1802
P1903,Prime Residential Plot,Plot,Coimbatore,TN,2/9/2024,6854565,1477,2,2,A1803
P1904,Prime Residential Plot,Plot,Coimbatore,TN,2/10/2024,7716898,1566,3,2,A1804
P1905,Prime Residential Plot,Plot,Coimbatore,TN,2/11/2024,7492756,2003,3,2,A1805
P1906,Prime Residential Plot,Plot,Coimbatore,TN,2/12/2024,8076604,2090,3,2,A1806
P1907,Prime Residential Plot,Plot,Coimbatore,TN,2/13/2024,8392737,1611,2,2,A1807
P1908,Prime Residential Plot,Plot,Coimbatore,TN,2/14/2024,5433981,1318,3,2,A1808
P1909,Prime Residential Plot,Plot,Coimbatore,TN,2/15/2024,8437812,1121,2,2,A1809
P1910,Prime Residential Plot,Plot,Coimbatore,TN,2/16/2024,5165301,2638,2,2,A1810
P1911,Prime Residential Plot,Plot,Coimbatore,TN,2/17/2024,8525915,2732,3,2,A1811
P1912,Prime Residential Plot,Plot,Coimbatore,TN,2/18/2024,4858995,2286,2,2,A1812
P1913,Prime Residential Plot,Plot,Coimbatore,TN,2/19/2024,7367770,1228,3,2,A1813
P1914,Prime Residential Plot,Plot,Coimbatore,TN,2/20/2024,9079307,2457,2,2,A1814
P1915,Prime Residential Plot,Plot,Coimbatore,TN,2/21/2024,9024469,1339,3,2,A1815
P1916,Prime Residential Plot,Plot,Coimbatore,TN,2/22/2024,4786168,2525,3,2,A1816
P1917,Prime Residential Plot,Plot,Coimbatore,TN,2/23/2024,7853830,2530,3,2,A1817
P1918,Prime Residential Plot,Plot,Coimbatore,TN,2/24/2024,5849628,2900,3,2,A1818
P1919,Prime Residential Plot,Plot,Coimbatore,TN,2/25/2024,8001325,2814,3,2,A1819
P1920,Prime Residential Plot,Plot,Coimbatore,TN,2/26/2024,7993466,2381,3,2,A1820
P1921,Prime Residential Plot,Plot,Coimbatore,TN,2/27/2024,8547901,1430,3,2,A1821
P1922,Prime Residential Plot,Plot,Coimbatore,TN,2/28/2024,7288333,1846,2,2,A1822
P1923,Prime Residential Plot,Plot,Coimbatore,TN,2/29/2024,7135632,1712,2,2,A1823
P1924,Prime Residential Plot,Plot,Coimbatore,TN,3/1/2024,5396750,1190,2,2,A1824
P1925,Prime Residential Plot,Plot,Coimbatore,TN,3/2/2024,7155751,2291,3,2,A1825
P1926,Prime Residential Plot,Plot,Coimbatore,TN,3/3/2024,7779053,2066,3,2,A1826
P1927,Prime Residential Plot,Plot,Coimbatore,TN,3/4/2024,6861666,2235,2,2,A1827
P1928,Prime Residential Plot,Plot,Coimbatore,TN,3/5/2024,7263085,2173,2,2,A1828
P1929,Prime Residential Plot,Plot,Coimbatore,TN,3/6/2024,8737345,2350,2,2,A1829
P1930,Prime Residential Plot,Plot,Coimbatore,TN,3/7/2024,6404386,1463,2,2,A1830
P1931,Prime Residential Plot,Plot,Coimbatore,TN,3/8/2024,4802893,1874,3,2,A1831
P1932,Prime Residential Plot,Plot,Coimbatore,TN,3/9/2024,6388274,2873,2,2,A1832
P1933,Prime Residential Plot,Plot,Coimbatore,TN,3/10/2024,6658354,2983,2,2,A1833
P1934,Prime Residential Plot,Plot,Coimbatore,TN,3/11/2024,6231443,1691,2,2,A1834
P1935,Prime Residential Plot,Plot,Coimbatore,TN,3/12/2024,9071856,2793,2,2,A1835
P1936,Prime Residential Plot,Plot,Coimbatore,TN,3/13/2024,6606881,2970,3,2,A1836
P1937,Prime Residential Plot,Plot,Coimbatore,TN,3/14/2024,4660915,2526,2,2,A1837
P1938,Prime Residential Plot,Plot,Coimbatore,TN,3/15/2024,7679050,1926,2,2,A1838
P1939,Prime Residential Plot,Plot,Coimbatore,TN,3/16/2024,5428018,2545,2,2,A1839
P1940,Prime Residential Plot,Plot,Coimbatore,TN,3/17/2024,6376644,1297,2,2,A1840
P1941,Prime Residential Plot,Plot,Coimbatore,TN,3/18/2024,4920936,1528,2,2,A1841
P1942,Prime Residential Plot,Plot,Coimbatore,TN,3/19/2024,6143563,1244,3,2,A1842
P1943,Prime Residential Plot,Plot,Coimbatore,TN,3/20/2024,5937675,2743,2,2,A1843
P1944,Prime Residential Plot,Plot,Coimbatore,TN,3/21/2024,9227178,2732,2,2,A1844
P1945,Prime Residential Plot,Plot,Coimbatore,TN,3/22/2024,5072859,2275,2,2,A1845
P1946,Prime Residential Plot,Plot,Coimbatore,TN,3/23/2024,9228437,1507,3,2,A1846
P1947,Prime Residential Plot,Plot,Coimbatore,TN,3/24/2024,5858204,2076,3,2,A1847
P1948,Prime Residential Plot,Plot,Coimbatore,TN,3/25/2024,5467979,1339,2,2,A1848
P1949,Prime Residential Plot,Plot,Coimbatore,TN,3/26/2024,6291981,2373,2,2,A1849
P1950,Prime Residential Plot,Plot,Coimbatore,TN,3/27/2024,8652666,1992,3,2,A1850
P1951,Prime Residential Plot,Plot,Coimbatore,TN,3/28/2024,5619711,1538,2,2,A1851
P1952,Prime Residential Plot,Plot,Coimbatore,TN,3/29/2024,6530941,2358,2,2,A1852
P1953,Prime Residential Plot,Plot,Coimbatore,TN,3/30/2024,6095607,1883,2,2,A1853
P1954,Prime Residential Plot,Plot,Coimbatore,TN,3/31/2024,9304397,2198,3,2,A1854
P1955,Prime Residential Plot,Plot,Coimbatore,TN,4/1/2024,7425316,1296,2,2,A1855
P1956,Prime Residential Plot,Plot,Coimbatore,TN,4/2/2024,4673705,1870,2,2,A1856
P1957,Prime Residential Plot,Plot,Coimbatore,TN,4/3/2024,7060133,1538,2,2,A1857
P1958,Prime Residential Plot,Plot,Coimbatore,TN,4/4/2024,4930753,2565,3,2,A1858
P1959,Prime Residential Plot,Plot,Coimbatore,TN,4/5/2024,8330101,1029,3,2,A1859
P1960,Prime Residential Plot,Plot,Coimbatore,TN,4/6/2024,9171703,2767,2,2,A1860
P1961,Prime Residential Plot,Plot,Coimbatore,TN,4/7/2024,9174478,1986,3,2,A1861
P1962,Prime Residential Plot,Plot,Coimbatore,TN,4/8/2024,6540735,1920,3,2,A1862
P1963,Prime Residential Plot,Plot,Coimbatore,TN,4/9/2024,5229235,1573,3,2,A1863
P1964,Prime Residential Plot,Plot,Coimbatore,TN,4/10/2024,4922828,1826,3,2,A1864
P1965,Prime Residential Plot,Plot,Coimbatore,TN,4/11/2024,5602757,1910,3,2,A1865
P1966,Prime Residential Plot,Plot,Coimbatore,TN,4/12/2024,5034716,2549,3,2,A1866
P1967,Prime Residential Plot,Plot,Coimbatore,TN,4/13/2024,7892781,2454,2,2,A1867
P1968,Prime Residential Plot,Plot,Coimbatore,TN,4/14/2024,7259886,2221,3,2,A1868
P1969,Prime Residential Plot,Plot,Coimbatore,TN,4/15/2024,7913162,1980,2,2,A1869
P1970,Prime Residential Plot,Plot,Coimbatore,TN,4/16/2024,7375771,1154,2,2,A1870
P1971,Prime Residential Plot,Plot,Coimbatore,TN,4/17/2024,7142089,2147,2,2,A1871
P1972,Prime Residential Plot,Plot,Coimbatore,TN,4/18/2024,6401760,1852,2,2,A1872
P1973,Prime Residential Plot,Plot,Coimbatore,TN,4/19/2024,6712139,2256,3,2,A1873
P1974,Prime Residential Plot,Plot,Coimbatore,TN,4/20/2024,6385865,1941,3,2,A1874
P1975,Prime Residential Plot,Plot,Coimbatore,TN,4/21/2024,8266667,2466,2,2,A1875
P1976,Prime Residential Plot,Plot,Coimbatore,TN,4/22/2024,6614458,2362,2,2,A1876
P1977,Prime Residential Plot,Plot,Coimbatore,TN,4/23/2024,4990090,1139,3,2,A1877
P1978,Prime Residential Plot,Plot,Coimbatore,TN,4/24/2024,5693179,1498,3,2,A1878
P1979,Prime Residential Plot,Plot,Coimbatore,TN,4/25/2024,8373012,1557,2,2,A1879
P1980,Prime Residential Plot,Plot,Coimbatore,TN,4/26/2024,8367417,1732,3,2,A1880
P1981,Prime Residential Plot,Plot,Coimbatore,TN,4/27/2024,6756709,1487,3,2,A1881
P1982,Prime Residential Plot,Plot,Coimbatore,TN,4/28/2024,5873658,1666,2,2,A1882
P1983,Prime Residential Plot,Plot,Coimbatore,TN,4/29/2024,7187236,1365,3,2,A1883
P1984,Prime Residential Plot,Plot,Coimbatore,TN,4/30/2024,5416648,2601,2,2,A1884
P1985,Prime Residential Plot,Plot,Coimbatore,TN,5/1/2024,8712650,2724,3,2,A1885
P1986,Prime Residential Plot,Plot,Coimbatore,TN,5/2/2024,6281395,2811,3,2,A1886
P1987,Prime Residential Plot,Plot,Coimbatore,TN,5/3/2024,6028722,1260,3,2,A1887
P1988,Prime Residential Plot,Plot,Coimbatore,TN,5/4/2024,8181405,2143,2,2,A1888
P1989,Prime Residential Plot,Plot,Coimbatore,TN,5/5/2024,6300405,1627,3,2,A1889
P1990,Prime Residential Plot,Plot,Coimbatore,TN,5/6/2024,5832304,1488,2,2,A1890
P1991,Prime Residential Plot,Plot,Coimbatore,TN,5/7/2024,5437497,2563,3,2,A1891
P1992,Prime Residential Plot,Plot,Coimbatore,TN,5/8/2024,8513987,2688,3,2,A1892
P1993,Prime Residential Plot,Plot,Coimbatore,TN,5/9/2024,8409753,1534,2,2,A1893
P1994,Prime Residential Plot,Plot,Coimbatore,TN,5/10/2024,5250119,2899,3,2,A1894
P1995,Prime Residential Plot,Plot,Coimbatore,TN,5/11/2024,4502609,2707,3,2,A1895
P1996,Prime Residential Plot,Plot,Coimbatore,TN,5/12/2024,7993712,1357,2,2,A1896
P1997,Prime Residential Plot,Plot,Coimbatore,TN,5/13/2024,6417754,1032,2,2,A1897
P1998,Prime Residential Plot,Plot,Coimbatore,TN,5/14/2024,6251439,2442,2,2,A1898
P1999,Prime Residential Plot,Plot,Coimbatore,TN,5/15/2024,6603192,2019,3,2,A1899
P2000,Prime Residential Plot,Plot,Coimbatore,TN,5/16/2024,7388823,2212,2,2,A1900
P2001,Prime Residential Plot,Plot,Coimbatore,TN,5/17/2024,6186099,2773,2,2,A1901
P2002,Prime Residential Plot,Plot,Coimbatore,TN,5/18/2024,4583821,2868,2,2,A1902
P2003,Prime Residential Plot,Plot,Coimbatore,TN,5/19/2024,4566658,2283,2,2,A1903
P2004,Prime Residential Plot,Plot,Coimbatore,TN,5/20/2024,7885131,2241,2,2,A1904
P2005,Prime Residential Plot,Plot,Coimbatore,TN,5/21/2024,6001164,2656,2,2,A1905
P2006,Prime Residential Plot,Plot,Coimbatore,TN,5/22/2024,8870764,1576,3,2,A1906
P2007,Prime Residential Plot,Plot,Coimbatore,TN,5/23/2024,6597304,2529,2,2,A1907
P2008,Prime Residential Plot,Plot,Coimbatore,TN,5/24/2024,6389699,1618,2,2,A1908
P2009,Prime Residential Plot,Plot,Coimbatore,TN,5/25/2024,9444114,1683,3,2,A1909
P2010,Prime Residential Plot,Plot,Coimbatore,TN,5/26/2024,5429638,2861,2,2,A1910
P2011,Prime Residential Plot,Plot,Coimbatore,TN,5/27/2024,5620619,1339,2,2,A1911
P2012,Prime Residential Plot,Plot,Coimbatore,TN,5/28/2024,6966055,1167,2,2,A1912
P2013,Prime Residential Plot,Plot,Coimbatore,TN,5/29/2024,6702747,1279,3,2,A1913
P2014,Prime Residential Plot,Plot,Coimbatore,TN,5/30/2024,7060798,1703,3,2,A1914
P2015,Prime Residential Plot,Plot,Coimbatore,TN,5/31/2024,5927174,2601,2,2,A1915
P2016,Prime Residential Plot,Plot,Coimbatore,TN,6/1/2024,7269760,1628,3,2,A1916
P2017,Prime Residential Plot,Plot,Coimbatore,TN,6/2/2024,5161147,1934,3,2,A1917
P2018,Prime Residential Plot,Plot,Coimbatore,TN,6/3/2024,8176808,1411,3,2,A1918
P2019,Prime Residential Plot,Plot,Coimbatore,TN,6/4/2024,9037098,2216,2,2,A1919
P2020,Prime Residential Plot,Plot,Coimbatore,TN,6/5/2024,6010553,2514,3,2,A1920
P2021,Prime Residential Plot,Plot,Coimbatore,TN,6/6/2024,6712884,1555,2,2,A1921
P2022,Prime Residential Plot,Plot,Coimbatore,TN,6/7/2024,5408922,1156,3,2,A1922
P2023,Prime Residential Plot,Plot,Coimbatore,TN,6/8/2024,9191651,2453,2,2,A1923
P2024,Prime Residential Plot,Plot,Coimbatore,TN,6/9/2024,9370707,1670,3,2,A1924
P2025,Prime Residential Plot,Plot,Coimbatore,TN,6/10/2024,7925685,2885,2,2,A1925
P2026,Prime Residential Plot,Plot,Coimbatore,TN,6/11/2024,8367497,2035,3,2,A1926
P2027,Prime Residential Plot,Plot,Coimbatore,TN,6/12/2024,4983615,2447,2,2,A1927
P2028,Prime Residential Plot,Plot,Coimbatore,TN,6/13/2024,5861978,2678,3,2,A1928
P2029,Prime Residential Plot,Plot,Coimbatore,TN,6/14/2024,4811622,1914,3,2,A1929
P2030,Prime Residential Plot,Plot,Coimbatore,TN,6/15/2024,7002697,1315,2,2,A1930
P2031,Elite Towers,Apartment,Coimbatore,TN,6/16/2024,6707738,1875,2,2,A1931
P2032,Elite Towers,Apartment,Coimbatore,TN,6/17/2024,5567439,1837,3,2,A1932
P2033,Elite Towers,Apartment,Coimbatore,TN,6/18/2024,5080071,2024,3,2,A1933
P2034,Elite Towers,Apartment,Coimbatore,TN,6/19/2024,4779145,1535,2,2,A1934
P2035,Elite Towers,Apartment,Coimbatore,TN,6/20/2024,6932975,1515,2,2,A1935
P2036,Elite Towers,Apartment,Coimbatore,TN,6/21/2024,4781086,1608,2,2,A1936
P2037,Elite Towers,Apartment,Coimbatore,TN,6/22/2024,7992475,1545,2,2,A1937
P2038,Elite Towers,Apartment,Coimbatore,TN,6/23/2024,6289091,2103,3,2,A1938
P2039,Elite Towers,Apartment,Coimbatore,TN,6/24/2024,6181407,2323,2,2,A1939
P2040,Elite Towers,Apartment,Coimbatore,TN,6/25/2024,6891371,1656,2,2,A1940
P2041,Elite Towers,Apartment,Coimbatore,TN,6/26/2024,6039914,2491,3,2,A1941
P2042,Elite Towers,Apartment,Coimbatore,TN,6/27/2024,4717299,1862,3,2,A1942
P2043,Elite Towers,Apartment,Coimbatore,TN,6/28/2024,7660434,1799,2,2,A1943
P2044,Elite Towers,Apartment,Coimbatore,TN,6/29/2024,9471892,1974,2,2,A1944
P2045,Elite Towers,Apartment,Coimbatore,TN,6/30/2024,9144216,2414,3,2,A1945
P2046,Elite Towers,Apartment,Coimbatore,TN,7/1/2024,4731340,2457,3,2,A1946
P2047,Elite Towers,Apartment,Coimbatore,TN,7/2/2024,6220315,2070,3,2,A1947
P2048,Elite Towers,Apartment,Coimbatore,TN,7/3/2024,8016416,2136,2,2,A1948
P2049,Elite Towers,Apartment,Coimbatore,TN,7/4/2024,6065030,2353,3,2,A1949
P2050,Elite Towers,Apartment,Coimbatore,TN,7/5/2024,4787157,1752,3,2,A1950
P2051,Elite Towers,Apartment,Coimbatore,TN,7/6/2024,6157961,2060,2,2,A1951
P2052,Elite Towers,Apartment,Coimbatore,TN,7/7/2024,7358052,1935,3,2,A1952
P2053,Elite Towers,Apartment,Coimbatore,TN,7/8/2024,7427908,2284,2,2,A1953
P2054,Elite Towers,Apartment,Coimbatore,TN,7/9/2024,5632836,1693,3,2,A1954
P2055,Elite Towers,Apartment,Coimbatore,TN,7/10/2024,6447891,2413,3,2,A1955
P2056,Elite Towers,Apartment,Coimbatore,TN,7/11/2024,6354108,1610,2,2,A1956
P2057,Elite Towers,Apartment,Coimbatore,TN,7/12/2024,4669257,2202,3,2,A1957
P2058,Elite Towers,Apartment,Coimbatore,TN,7/13/2024,4669922,1698,2,2,A1958
P2059,Elite Towers,Apartment,Coimbatore,TN,7/14/2024,9413149,1616,2,2,A1959
P2060,Elite Towers,Apartment,Coimbatore,TN,7/15/2024,8240590,2323,2,2,A1960
P2061,Elite Towers,Apartment,Coimbatore,TN,7/16/2024,6383764,1982,2,2,A1961
P2062,Elite Towers,Apartment,Coimbatore,TN,7/17/2024,4574003,2216,2,2,A1962
P2063,Elite Towers,Apartment,Coimbatore,TN,7/18/2024,5328036,2110,3,2,A1963
P2064,Elite Towers,Apartment,Coimbatore,TN,7/19/2024,5934870,1965,2,2,A1964
P2065,Elite Towers,Apartment,Coimbatore,TN,7/20/2024,7170231,1800,3,2,A1965
P2066,Elite Towers,Apartment,Coimbatore,TN,7/21/2024,7295264,2311,3,2,A1966
P2067,Elite Towers,Apartment,Coimbatore,TN,7/22/2024,8936761,2462,2,2,A1967
P2068,Elite Towers,Apartment,Coimbatore,TN,7/23/2024,8800022,1830,2,2,A1968
P2069,Elite Towers,Apartment,Coimbatore,TN,7/24/2024,8953870,1562,3,2,A1969
P2070,Elite Towers,Apartment,Coimbatore,TN,7/25/2024,6053735,2215,3,2,A1970
P2071,Elite Towers,Apartment,Coimbatore,TN,7/26/2024,5295015,1530,2,2,A1971
P2072,Elite Towers,Apartment,Coimbatore,TN,7/27/2024,5661096,1560,2,2,A1972
P2073,Elite Towers,Apartment,Coimbatore,TN,7/28/2024,5498466,2160,2,2,A1973
P2074,Elite Towers,Apartment,Coimbatore,TN,7/29/2024,9130887,1675,2,2,A1974
P2075,Elite Towers,Apartment,Coimbatore,TN,7/30/2024,8970140,1617,2,2,A1975
P2076,Elite Towers,Apartment,Coimbatore,TN,7/31/2024,7492544,2005,3,2,A1976
P2077,Elite Towers,Apartment,Coimbatore,TN,8/1/2024,4915367,2036,3,2,A1977
P2078,Elite Towers,Apartment,Coimbatore,TN,8/2/2024,7515955,1914,3,2,A1978
P2079,Elite Towers,Apartment,Coimbatore,TN,8/3/2024,7100535,1815,2,2,A1979
P2080,Elite Towers,Apartment,Coimbatore,TN,8/4/2024,8438526,2267,2,2,A1980
P2081,Elite Towers,Apartment,Coimbatore,TN,8/5/2024,7543692,2325,2,2,A1981
P2082,Elite Towers,Apartment,Coimbatore,TN,8/6/2024,6401083,1731,2,2,A1982
P2083,Elite Towers,Apartment,Coimbatore,TN,8/7/2024,4747842,1885,2,2,A1983
P2084,Elite Towers,Apartment,Coimbatore,TN,8/8/2024,7818116,2382,2,2,A1984
P2085,Elite Towers,Apartment,Coimbatore,TN,8/9/2024,9165704,2257,2,2,A1985
P2086,Elite Towers,Apartment,Coimbatore,TN,8/10/2024,5062789,1663,2,2,A1986
P2087,Elite Towers,Apartment,Coimbatore,TN,8/11/2024,5247717,1745,3,2,A1987
P2088,Elite Towers,Apartment,Coimbatore,TN,8/12/2024,4645931,1827,2,2,A1988
P2089,Elite Towers,Apartment,Coimbatore,TN,8/13/2024,7304508,1784,2,2,A1989
P2090,Elite Towers,Apartment,Coimbatore,TN,8/14/2024,6640751,1912,3,2,A1990
P2091,Elite Towers,Apartment,Coimbatore,TN,8/15/2024,7127684,1741,3,2,A1991
P2092,Elite Towers,Apartment,Coimbatore,TN,8/16/2024,5528624,1603,3,2,A1992
P2093,Elite Towers,Apartment,Coimbatore,TN,8/17/2024,6316063,1957,3,2,A1993
P2094,Elite Towers,Apartment,Coimbatore,TN,8/18/2024,8459270,1727,2,2,A1994
P2095,Elite Towers,Apartment,Coimbatore,TN,8/19/2024,6467689,1929,2,2,A1995
P2096,Elite Towers,Apartment,Coimbatore,TN,8/20/2024,7646725,2342,2,2,A1996
P2097,Elite Towers,Apartment,Coimbatore,TN,8/21/2024,6466967,2014,3,2,A1997
P2098,Elite Towers,Apartment,Coimbatore,TN,8/22/2024,8839727,1592,2,2,A1998
P2099,Elite Towers,Apartment,Coimbatore,TN,8/23/2024,5084902,2448,3,2,A1999
P2100,Elite Towers,Apartment,Coimbatore,TN,8/24/2024,7851828,2076,3,2,A2000
P2101,Elite Towers,Apartment,Coimbatore,TN,8/25/2024,7530844,2497,3,2,A2001
P2102,Elite Towers,Apartment,Coimbatore,TN,8/26/2024,5852919,1540,3,2,A2002
P2103,Elite Towers,Apartment,Coimbatore,TN,8/27/2024,8047067,1760,2,2,A2003
P2104,Elite Towers,Apartment,Coimbatore,TN,8/28/2024,6836967,2153,3,2,A2004
P2105,Elite Towers,Apartment,Coimbatore,TN,8/29/2024,8472555,1984,3,2,A2005
P2106,Elite Towers,Apartment,Coimbatore,TN,8/30/2024,8979016,2494,2,2,A2006
P2107,Elite Towers,Apartment,Coimbatore,TN,8/31/2024,9461993,1724,2,2,A2007
P2108,Elite Towers,Apartment,Coimbatore,TN,9/1/2024,4629057,1765,3,2,A2008
P2109,Elite Towers,Apartment,Coimbatore,TN,9/2/2024,9450311,1903,3,2,A2009
P2110,Elite Towers,Apartment,Coimbatore,TN,9/3/2024,8031139,1869,3,2,A2010
P2111,Elite Towers,Apartment,Coimbatore,TN,9/4/2024,6845179,1901,3,2,A2011
P2112,Elite Towers,Apartment,Coimbatore,TN,9/5/2024,6880480,2135,2,2,A2012
P2113,Elite Towers,Apartment,Coimbatore,TN,9/6/2024,5977004,2318,3,2,A2013
P2114,Elite Towers,Apartment,Coimbatore,TN,9/7/2024,8960798,1724,2,2,A2014
P2115,Elite Towers,Apartment,Coimbatore,TN,9/8/2024,8759820,2180,3,2,A2015
P2116,Elite Towers,Apartment,Coimbatore,TN,9/9/2024,7852622,1557,2,2,A2016
P2117,Elite Towers,Apartment,Coimbatore,TN,9/10/2024,9009441,2398,3,2,A2017
P2118,Elite Towers,Apartment,Coimbatore,TN,9/11/2024,5765921,2481,2,2,A2018
P2119,Elite Towers,Apartment,Coimbatore,TN,9/12/2024,6417525,2055,2,2,A2019
P2120,Elite Towers,Apartment,Coimbatore,TN,9/13/2024,6899132,2106,2,2,A2020
P2121,Elite Towers,Apartment,Coimbatore,TN,9/14/2024,6852355,1633,2,2,A2021
P2122,Elite Towers,Apartment,Coimbatore,TN,9/15/2024,8781257,2236,2,2,A2022
P2123,Elite Towers,Apartment,Coimbatore,TN,9/16/2024,8425301,1736,3,2,A2023
P2124,Elite Towers,Apartment,Coimbatore,TN,9/17/2024,6920366,2282,3,2,A2024
P2125,Elite Towers,Apartment,Coimbatore,TN,9/18/2024,6636761,2093,2,2,A2025
P2126,Elite Towers,Apartment,Coimbatore,TN,9/19/2024,6482795,1637,3,2,A2026
P2127,Elite Towers,Apartment,Coimbatore,TN,9/20/2024,8899278,2485,2,2,A2027
P2128,Elite Towers,Apartment,Coimbatore,TN,9/21/2024,5988002,2190,2,2,A2028
P2129,Elite Towers,Apartment,Coimbatore,TN,9/22/2024,5636425,2118,2,2,A2029
P2130,Elite Towers,Apartment,Coimbatore,TN,9/23/2024,7603393,2247,2,2,A2030
P2131,Elite Towers,Apartment,Coimbatore,TN,9/24/2024,6736444,1813,2,2,A2031
P2132,Elite Towers,Apartment,Coimbatore,TN,9/25/2024,8852875,2239,3,2,A2032
P2133,Elite Towers,Apartment,Coimbatore,TN,9/26/2024,6045262,1636,2,2,A2033
P2134,Elite Towers,Apartment,Coimbatore,TN,9/27/2024,6753407,1639,2,2,A2034
P2135,Elite Towers,Apartment,Coimbatore,TN,9/28/2024,5665299,1841,3,2,A2035
P2136,Elite Towers,Apartment,Coimbatore,TN,9/29/2024,4741013,2013,2,2,A2036
P2137,Elite Towers,Apartment,Coimbatore,TN,9/30/2024,5203616,2415,3,2,A2037
P2138,Elite Towers,Apartment,Coimbatore,TN,10/1/2024,5551246,2168,2,2,A2038
P2139,Elite Towers,Apartment,Coimbatore,TN,10/2/2024,6945601,2368,3,2,A2039
P2140,Elite Towers,Apartment,Coimbatore,TN,10/3/2024,9452556,1557,2,2,A2040
P2141,Elite Towers,Apartment,Coimbatore,TN,10/4/2024,5486259,1840,3,2,A2041
P2142,Elite Towers,Apartment,Coimbatore,TN,10/5/2024,6010395,2118,3,2,A2042
P2143,Elite Towers,Apartment,Coimbatore,TN,10/6/2024,6629288,1936,3,2,A2043
P2144,Elite Towers,Apartment,Coimbatore,TN,10/7/2024,8204790,2141,3,2,A2044
P2145,Elite Towers,Apartment,Coimbatore,TN,10/8/2024,7165392,2311,3,2,A2045
P2146,Elite Towers,Apartment,Coimbatore,TN,10/9/2024,9178401,1658,3,2,A2046
P2147,Elite Towers,Apartment,Coimbatore,TN,10/10/2024,6176357,2027,3,2,A2047
P2148,Elite Towers,Apartment,Coimbatore,TN,10/11/2024,7481644,2056,3,2,A2048
P2149,Elite Towers,Apartment,Coimbatore,TN,10/12/2024,7303319,2425,2,2,A2049
P2150,Elite Towers,Apartment,Coimbatore,TN,10/13/2024,7846765,1862,2,2,A2050
P2151,Elite Towers,Apartment,Trichy,TN,10/14/2024,6974607,1938,3,2,A2051
P2152,Elite Towers,Apartment,Trichy,TN,10/15/2024,9165561,2358,2,2,A2052
P2153,Elite Towers,Apartment,Trichy,TN,10/16/2024,7329899,1986,2,2,A2053
P2154,Elite Towers,Apartment,Trichy,TN,10/17/2024,7762038,1551,2,2,A2054
P2155,Elite Towers,Apartment,Trichy,TN,10/18/2024,6099861,1578,2,2,A2055
P2156,Elite Towers,Apartment,Trichy,TN,10/19/2024,9167702,2424,3,2,A2056
P2157,Elite Towers,Apartment,Trichy,TN,10/20/2024,6447947,2011,2,2,A2057
P2158,Elite Towers,Apartment,Trichy,TN,10/21/2024,8317769,2382,3,2,A2058
P2159,Elite Towers,Apartment,Trichy,TN,10/22/2024,4823115,2256,2,2,A2059
P2160,Elite Towers,Apartment,Trichy,TN,10/23/2024,7914360,1818,3,2,A2060
P2161,Elite Towers,Apartment,Trichy,TN,10/24/2024,7616842,1782,2,2,A2061
P2162,Elite Towers,Apartment,Trichy,TN,10/25/2024,5399967,1634,3,2,A2062
P2163,Elite Towers,Apartment,Trichy,TN,10/26/2024,8061838,2481,3,2,A2063
P2164,Elite Towers,Apartment,Trichy,TN,10/27/2024,7271534,1975,2,2,A2064
P2165,Elite Towers,Apartment,Trichy,TN,10/28/2024,5160468,2438,3,2,A2065
P2166,Elite Towers,Apartment,Trichy,TN,10/29/2024,8245744,1524,2,2,A2066
P2167,Elite Towers,Apartment,Trichy,TN,10/30/2024,8221852,1902,2,2,A2067
P2168,Elite Towers,Apartment,Trichy,TN,10/31/2024,8315439,2477,2,2,A2068
P2169,Elite Towers,Apartment,Trichy,TN,11/1/2024,6253139,2021,3,2,A2069
P2170,Elite Towers,Apartment,Trichy,TN,11/2/2024,5296539,2401,2,2,A2070
P2171,Elite Towers,Apartment,Trichy,TN,11/3/2024,6979199,1832,3,2,A2071
P2172,Elite Towers,Apartment,Trichy,TN,11/4/2024,5187200,1712,2,2,A2072
P2173,Elite Towers,Apartment,Trichy,TN,11/5/2024,7249178,1512,2,2,A2073
P2174,Elite Towers,Apartment,Trichy,TN,11/6/2024,5436435,1746,2,2,A2074
P2175,Elite Towers,Apartment,Trichy,TN,11/7/2024,6156540,1565,2,2,A2075
P2176,Elite Towers,Apartment,Trichy,TN,11/8/2024,7417224,1715,2,2,A2076
P2177,Elite Towers,Apartment,Trichy,TN,11/9/2024,4803396,2201,2,2,A2077
P2178,Elite Towers,Apartment,Trichy,TN,11/10/2024,8951345,1922,3,2,A2078
P2179,Elite Towers,Apartment,Trichy,TN,11/11/2024,9316873,1687,3,2,A2079
P2180,Elite Towers,Apartment,Trichy,TN,11/12/2024,7666591,1516,3,2,A2080
P2181,Elite Towers,Apartment,Trichy,TN,11/13/2024,7583374,1695,3,2,A2081
P2182,Elite Towers,Apartment,Trichy,TN,11/14/2024,7202388,1518,2,2,A2082
P2183,Elite Towers,Apartment,Trichy,TN,11/15/2024,5391061,1645,2,2,A2083
P2184,Elite Towers,Apartment,Trichy,TN,11/16/2024,9123157,2241,2,2,A2084
P2185,Elite Towers,Apartment,Trichy,TN,11/17/2024,7314715,2356,3,2,A2085
P2186,Elite Towers,Apartment,Trichy,TN,11/18/2024,4994363,2150,3,2,A2086
P2187,Elite Towers,Apartment,Trichy,TN,11/19/2024,6056580,2044,3,2,A2087
P2188,Elite Towers,Apartment,Trichy,TN,11/20/2024,5600866,2304,2,2,A2088
P2189,Elite Towers,Apartment,Trichy,TN,11/21/2024,7875767,1934,2,2,A2089
P2190,Elite Towers,Apartment,Trichy,TN,11/22/2024,6330554,2169,3,2,A2090
P2191,Elite Towers,Apartment,Trichy,TN,11/23/2024,4745908,1909,2,2,A2091
P2192,Elite Towers,Apartment,Trichy,TN,11/24/2024,7019456,2477,3,2,A2092
P2193,Elite Towers,Apartment,Trichy,TN,11/25/2024,9167043,2120,2,2,A2093
P2194,Elite Towers,Apartment,Trichy,TN,11/26/2024,9182242,1931,2,2,A2094
P2195,Elite Towers,Apartment,Trichy,TN,11/27/2024,7948589,1552,2,2,A2095
P2196,Elite Towers,Apartment,Trichy,TN,11/28/2024,7260481,1506,2,2,A2096
P2197,Elite Towers,Apartment,Trichy,TN,11/29/2024,6876907,1774,2,2,A2097
P2198,Elite Towers,Apartment,Trichy,TN,11/30/2024,8036185,2478,3,2,A2098
P2199,Elite Towers,Apartment,Trichy,TN,12/1/2024,7529218,2469,3,2,A2099
P2200,Elite Towers,Apartment,Trichy,TN,12/2/2024,7552041,2404,3,2,A2100
P2201,Elite Towers,Apartment,Trichy,TN,12/3/2024,9267080,2499,3,2,A2101
P2202,Elite Towers,Apartment,Trichy,TN,12/4/2024,9470495,2323,2,2,A2102
P2203,Elite Towers,Apartment,Trichy,TN,12/5/2024,5043872,1604,3,2,A2103
P2204,Elite Towers,Apartment,Trichy,TN,12/6/2024,7931352,1739,2,2,A2104
P2205,Elite Towers,Apartment,Trichy,TN,12/7/2024,8055908,1999,2,2,A2105
P2206,Elite Towers,Apartment,Trichy,TN,12/8/2024,9300912,2383,3,2,A2106
P2207,Elite Towers,Apartment,Trichy,TN,12/9/2024,5485458,1763,2,2,A2107
P2208,Elite Towers,Apartment,Trichy,TN,12/10/2024,6208842,2468,3,2,A2108
P2209,Elite Towers,Apartment,Trichy,TN,12/11/2024,6818768,2362,2,2,A2109
P2210,Elite Towers,Apartment,Trichy,TN,12/12/2024,5051184,2225,2,2,A2110
P2211,Elite Towers,Apartment,Trichy,TN,12/13/2024,5262395,2076,3,2,A2111
P2212,Elite Towers,Apartment,Trichy,TN,12/14/2024,8619499,1928,3,2,A2112
P2213,Elite Towers,Apartment,Trichy,TN,12/15/2024,9232913,2462,2,2,A2113
P2214,Elite Towers,Apartment,Trichy,TN,12/16/2024,7411983,2374,2,2,A2114
P2215,Elite Towers,Apartment,Trichy,TN,12/17/2024,8257846,1990,2,2,A2115
P2216,Elite Towers,Apartment,Trichy,TN,12/18/2024,6025594,1590,2,2,A2116
P2217,Elite Towers,Apartment,Trichy,TN,12/19/2024,8047785,2297,3,2,A2117
P2218,Elite Towers,Apartment,Trichy,TN,12/20/2024,8889073,1558,3,2,A2118
P2219,Elite Towers,Apartment,Trichy,TN,12/21/2024,8104914,1903,2,2,A2119
P2220,Elite Towers,Apartment,Trichy,TN,12/22/2024,5683918,2075,2,2,A2120
P2221,Lakeview Villas,Villa,Trichy,TN,12/23/2024,7205040,2132,3,2,A2121
P2222,Lakeview Villas,Villa,Trichy,TN,12/24/2024,4567286,2336,3,2,A2122
P2223,Lakeview Villas,Villa,Trichy,TN,12/25/2024,5695181,2218,4,2,A2123
P2224,Lakeview Villas,Villa,Trichy,TN,12/26/2024,8029939,2790,4,2,A2124
P2225,Lakeview Villas,Villa,Trichy,TN,12/27/2024,5515449,2608,3,2,A2125
P2226,Lakeview Villas,Villa,Trichy,TN,12/28/2024,4637494,2198,3,2,A2126
P2227,Lakeview Villas,Villa,Trichy,TN,12/29/2024,4626074,2464,4,2,A2127
P2228,Lakeview Villas,Villa,Trichy,TN,12/30/2024,6898219,3768,4,2,A2128
P2229,Lakeview Villas,Villa,Trichy,TN,12/31/2024,5205185,2923,3,2,A2129
P2230,Lakeview Villas,Villa,Trichy,TN,1/1/2025,6256604,2479,3,2,A2130
P2231,Lakeview Villas,Villa,Trichy,TN,1/2/2025,8021960,4848,4,2,A2131
P2232,Lakeview Villas,Villa,Trichy,TN,1/3/2025,9460735,2307,4,2,A2132
P2233,Lakeview Villas,Villa,Trichy,TN,1/4/2025,7105007,2747,3,2,A2133
P2234,Lakeview Villas,Villa,Trichy,TN,1/5/2025,7485874,2535,3,2,A2134
P2235,Lakeview Villas,Villa,Trichy,TN,1/6/2025,6748819,4637,3,2,A2135
P2236,Lakeview Villas,Villa,Trichy,TN,1/7/2025,8043972,2659,3,2,A2136
P2237,Lakeview Villas,Villa,Trichy,TN,1/8/2025,9034768,2947,4,2,A2137
P2238,Lakeview Villas,Villa,Trichy,TN,1/9/2025,6236165,3993,4,2,A2138
P2239,Lakeview Villas,Villa,Trichy,TN,1/10/2025,6787959,2735,4,2,A2139
P2240,Lakeview Villas,Villa,Trichy,TN,1/11/2025,5247201,2650,3,2,A2140
P2241,Lakeview Villas,Villa,Trichy,TN,1/12/2025,4738301,4225,4,2,A2141
P2242,Lakeview Villas,Villa,Trichy,TN,1/13/2025,6822699,3686,3,2,A2142
P2243,Lakeview Villas,Villa,Trichy,TN,1/14/2025,4541978,4208,3,2,A2143
P2244,Lakeview Villas,Villa,Trichy,TN,1/15/2025,9330953,2819,4,2,A2144
P2245,Lakeview Villas,Villa,Trichy,TN,1/16/2025,8754438,4885,3,2,A2145
P2246,Lakeview Villas,Villa,Trichy,TN,1/17/2025,8950111,4110,3,2,A2146
P2247,Lakeview Villas,Villa,Trichy,TN,1/18/2025,6257785,2523,4,2,A2147
P2248,Lakeview Villas,Villa,Trichy,TN,1/19/2025,7589894,3996,4,2,A2148
P2249,Lakeview Villas,Villa,Trichy,TN,1/20/2025,7052955,2251,4,2,A2149
P2250,Lakeview Villas,Villa,Trichy,TN,1/21/2025,7241458,3975,3,2,A2150
P2251,Lakeview Villas,Villa,Trichy,TN,1/22/2025,7029401,2034,3,2,A2151
P2252,Lakeview Villas,Villa,Trichy,TN,1/23/2025,8642132,4744,3,2,A2152
P2253,Lakeview Villas,Villa,Trichy,TN,1/24/2025,8301435,2456,3,2,A2153
P2254,Lakeview Villas,Villa,Trichy,TN,1/25/2025,5723995,3094,3,2,A2154
P2255,Lakeview Villas,Villa,Trichy,TN,1/26/2025,7144726,2912,3,2,A2155
P2256,Lakeview Villas,Villa,Trichy,TN,1/27/2025,8156241,4705,4,2,A2156
P2257,Lakeview Villas,Villa,Trichy,TN,1/28/2025,8574837,3370,3,2,A2157
P2258,Lakeview Villas,Villa,Trichy,TN,1/29/2025,4906882,2139,4,2,A2158
P2259,Lakeview Villas,Villa,Trichy,TN,1/30/2025,5804586,4475,3,2,A2159
P2260,Lakeview Villas,Villa,Trichy,TN,1/31/2025,8781993,4280,4,2,A2160
P2261,Lakeview Villas,Villa,Trichy,TN,2/1/2025,6856828,2223,4,2,A2161
P2262,Lakeview Villas,Villa,Trichy,TN,2/2/2025,6746215,4161,3,2,A2162
P2263,Lakeview Villas,Villa,Trichy,TN,2/3/2025,6317171,4435,4,2,A2163
P2264,Lakeview Villas,Villa,Trichy,TN,2/4/2025,5311573,4319,4,2,A2164
P2265,Lakeview Villas,Villa,Trichy,TN,2/5/2025,7863991,4450,4,2,A2165
P2266,Lakeview Villas,Villa,Trichy,TN,2/6/2025,8554655,2557,4,2,A2166
P2267,Lakeview Villas,Villa,Trichy,TN,2/7/2025,7963823,2908,4,2,A2167
P2268,Lakeview Villas,Villa,Trichy,TN,2/8/2025,6343781,3939,4,2,A2168
P2269,Lakeview Villas,Villa,Trichy,TN,2/9/2025,8592742,2217,3,2,A2169
P2270,Lakeview Villas,Villa,Trichy,TN,2/10/2025,5775711,3268,3,2,A2170
P2271,Lakeview Villas,Villa,Trichy,TN,2/11/2025,8145522,2482,4,2,A2171
P2272,Lakeview Villas,Villa,Trichy,TN,2/12/2025,7315572,2665,3,2,A2172
P2273,Lakeview Villas,Villa,Trichy,TN,2/13/2025,4835673,4491,3,2,A2173
P2274,Lakeview Villas,Villa,Trichy,TN,2/14/2025,6250605,3345,4,2,A2174
P2275,Lakeview Villas,Villa,Trichy,TN,2/15/2025,4700660,2969,4,2,A2175
P2276,Lakeview Villas,Villa,Trichy,TN,2/16/2025,7715800,2534,3,2,A2176
P2277,Lakeview Villas,Villa,Trichy,TN,2/17/2025,8151559,3854,3,2,A2177
P2278,Lakeview Villas,Villa,Trichy,TN,2/18/2025,6185901,3310,3,2,A2178
P2279,Tech Park Towers,Commercial,Trichy,TN,2/19/2025,8956418,4426,4,2,A2179
P2280,Tech Park Towers,Commercial,Trichy,TN,2/20/2025,8420397,1964,4,2,A2180
P2281,Tech Park Towers,Commercial,Trichy,TN,2/21/2025,5654031,4292,4,2,A2181
P2282,Tech Park Towers,Commercial,Trichy,TN,2/22/2025,8522216,3394,3,2,A2182
P2283,Tech Park Towers,Commercial,Trichy,TN,2/23/2025,5237079,1056,3,2,A2183
P2284,Tech Park Towers,Commercial,Trichy,TN,2/24/2025,9123982,3524,3,2,A2184
P2285,Tech Park Towers,Commercial,Trichy,TN,2/25/2025,5393478,2094,4,2,A2185
P2286,Tech Park Towers,Commercial,Trichy,TN,2/26/2025,9358095,2055,3,2,A2186
P2287,Tech Park Towers,Commercial,Trichy,TN,2/27/2025,7816476,1755,4,2,A2187
P2288,Tech Park Towers,Commercial,Trichy,TN,2/28/2025,6576811,2501,3,2,A2188
P2289,Tech Park Towers,Commercial,Trichy,TN,3/1/2025,5979897,4864,4,2,A2189
P2290,Tech Park Towers,Commercial,Trichy,TN,3/2/2025,8463291,2591,3,2,A2190
P2291,Tech Park Towers,Commercial,Trichy,TN,3/3/2025,4531737,3851,4,2,A2191
P2292,Tech Park Towers,Commercial,Trichy,TN,3/4/2025,5948571,3784,3,2,A2192
P2293,Tech Park Towers,Commercial,Trichy,TN,3/5/2025,7227637,2191,3,2,A2193
P2294,Tech Park Towers,Commercial,Trichy,TN,3/6/2025,7159035,1652,3,2,A2194
P2295,Tech Park Towers,Commercial,Trichy,TN,3/7/2025,6951464,3415,4,2,A2195
P2296,Tech Park Towers,Commercial,Trichy,TN,3/8/2025,5181795,4295,3,2,A2196
P2297,Tech Park Towers,Commercial,Trichy,TN,3/9/2025,5830265,4204,3,2,A2197
P2298,Tech Park Towers,Commercial,Trichy,TN,3/10/2025,8714176,2839,4,2,A2198
P2299,Tech Park Towers,Commercial,Trichy,TN,3/11/2025,8785093,3866,3,2,A2199
P2300,Tech Park Towers,Commercial,Trichy,TN,3/12/2025,9278085,2899,3,2,A2200
P2301,Tech Park Towers,Commercial,Trichy,TN,3/13/2025,9087715,1290,4,2,A2201
P2302,Tech Park Towers,Commercial,Trichy,TN,3/14/2025,5170892,3473,3,2,A2202
P2303,Tech Park Towers,Commercial,Trichy,TN,3/15/2025,8813587,4873,4,2,A2203
P2304,Tech Park Towers,Commercial,Trichy,TN,3/16/2025,7564679,3380,4,2,A2204
P2305,Tech Park Towers,Commercial,Trichy,TN,3/17/2025,7841434,1388,3,2,A2205
P2306,Tech Park Towers,Commercial,Trichy,TN,3/18/2025,7924637,4041,3,2,A2206
P2307,Tech Park Towers,Commercial,Trichy,TN,3/19/2025,9341793,4375,3,2,A2207
P2308,Tech Park Towers,Commercial,Trichy,TN,3/20/2025,4551356,1304,4,2,A2208
P2309,Tech Park Towers,Commercial,Trichy,TN,3/21/2025,5024623,3312,3,2,A2209
P2310,Tech Park Towers,Commercial,Trichy,TN,3/22/2025,6587703,4141,3,2,A2210
P2311,Tech Park Towers,Commercial,Trichy,TN,3/23/2025,7487847,4075,3,2,A2211
P2312,Tech Park Towers,Commercial,Trichy,TN,3/24/2025,7055212,3180,4,2,A2212
P2313,Tech Park Towers,Commercial,Trichy,TN,3/25/2025,8755176,1843,3,2,A2213
P2314,Tech Park Towers,Commercial,Trichy,TN,3/26/2025,6068386,2140,3,2,A2214
P2315,Tech Park Towers,Commercial,Trichy,TN,3/27/2025,8414727,2294,3,2,A2215
P2316,Tech Park Towers,Commercial,Trichy,TN,3/28/2025,7819545,3264,4,2,A2216
P2317,Tech Park Towers,Commercial,Trichy,TN,3/29/2025,5555072,4437,3,2,A2217
P2318,Tech Park Towers,Commercial,Trichy,TN,3/30/2025,4601323,1343,3,2,A2218
P2319,Tech Park Towers,Commercial,Trichy,TN,3/31/2025,5742450,2757,3,2,A2219
P2320,Tech Park Towers,Commercial,Trichy,TN,4/1/2025,7639873,4827,4,2,A2220
P2321,Tech Park Towers,Commercial,Trichy,TN,4/2/2025,6847510,4427,4,2,A2221
P2322,Tech Park Towers,Commercial,Trichy,TN,4/3/2025,4937873,4640,3,2,A2222
P2323,Tech Park Towers,Commercial,Trichy,TN,4/4/2025,7905782,3987,3,2,A2223
P2324,Tech Park Towers,Commercial,Trichy,TN,4/5/2025,7385697,2624,3,2,A2224
P2325,Tech Park Towers,Commercial,Trichy,TN,4/6/2025,4687383,4603,4,2,A2225
P2326,Tech Park Towers,Commercial,Trichy,TN,4/7/2025,8650002,4799,4,2,A2226
P2327,Tech Park Towers,Commercial,Trichy,TN,4/8/2025,5628878,4283,4,2,A2227
P2328,Tech Park Towers,Commercial,Trichy,TN,4/9/2025,7571556,3593,4,2,A2228
P2329,Tech Park Towers,Commercial,Trichy,TN,4/10/2025,4976224,1454,4,2,A2229
P2330,Tech Park Towers,Commercial,Trichy,TN,4/11/2025,5308819,3588,3,2,A2230
P2331,Tech Park Towers,Commercial,Trichy,TN,4/12/2025,7425706,2490,4,2,A2231
P2332,Tech Park Towers,Commercial,Trichy,TN,4/13/2025,8023721,4542,4,2,A2232
P2333,Tech Park Towers,Commercial,Trichy,TN,4/14/2025,7305855,3224,4,2,A2233
P2334,Tech Park Towers,Commercial,Trichy,TN,4/15/2025,7010701,1652,3,2,A2234
P2335,Tech Park Towers,Commercial,Trichy,TN,4/16/2025,6738487,3173,4,2,A2235
P2336,Tech Park Towers,Commercial,Trichy,TN,4/17/2025,5751432,4557,3,2,A2236
P2337,Tech Park Towers,Commercial,Trichy,TN,4/18/2025,6753501,3769,4,2,A2237
P2338,Tech Park Towers,Commercial,Trichy,TN,4/19/2025,8150330,2773,3,2,A2238
P2339,Tech Park Towers,Commercial,Trichy,TN,4/20/2025,5543177,3377,3,2,A2239
P2340,Tech Park Towers,Commercial,Trichy,TN,4/21/2025,4940425,2440,3,2,A2240
P2341,Tech Park Towers,Commercial,Trichy,TN,4/22/2025,7066887,4632,3,2,A2241
P2342,Tech Park Towers,Commercial,Trichy,TN,4/23/2025,6064764,2124,4,2,A2242
P2343,Tech Park Towers,Commercial,Trichy,TN,4/24/2025,6149473,4988,3,2,A2243
P2344,Tech Park Towers,Commercial,Trichy,TN,4/25/2025,9301577,3031,3,2,A2244
P2345,Tech Park Towers,Commercial,Trichy,TN,4/26/2025,7714334,3881,4,2,A2245
P2346,Tech Park Towers,Commercial,Trichy,TN,4/27/2025,4634508,2166,3,2,A2246
P2347,Tech Park Towers,Commercial,Trichy,TN,4/28/2025,8067266,3390,4,2,A2247
P2348,Tech Park Towers,Commercial,Trichy,TN,4/29/2025,6279792,2503,3,2,A2248
P2349,Tech Park Towers,Commercial,Trichy,TN,4/30/2025,7684066,2844,4,2,A2249
P2350,Tech Park Towers,Commercial,Trichy,TN,5/1/2025,7842401,1511,4,2,A2250
P2351,Tech Park Towers,Commercial,Trichy,TN,5/2/2025,4672469,4850,4,2,A2251
P2352,Tech Park Towers,Commercial,Trichy,TN,5/3/2025,8413569,1700,3,2,A2252
P2353,Tech Park Towers,Commercial,Trichy,TN,5/4/2025,8406742,4419,3,2,A2253
P2354,Tech Park Towers,Commercial,Trichy,TN,5/5/2025,8244726,2528,4,2,A2254
P2355,Tech Park Towers,Commercial,Trichy,TN,5/6/2025,5552609,4978,4,2,A2255
P2356,Tech Park Towers,Commercial,Trichy,TN,5/7/2025,6043719,2855,3,2,A2256
P2357,Tech Park Towers,Commercial,Trichy,TN,5/8/2025,8751074,4304,4,2,A2257
P2358,Tech Park Towers,Commercial,Trichy,TN,5/9/2025,6481163,1293,4,2,A2258
P2359,Tech Park Towers,Commercial,Trichy,TN,5/10/2025,8796241,2422,4,2,A2259
P2360,Tech Park Towers,Commercial,Trichy,TN,5/11/2025,8405417,3128,3,2,A2260
P2361,Tech Park Towers,Commercial,Trichy,TN,5/12/2025,6946335,3527,3,2,A2261
P2362,Tech Park Towers,Commercial,Trichy,TN,5/13/2025,6789112,2179,3,2,A2262
P2363,Tech Park Towers,Commercial,Trichy,TN,5/14/2025,9047457,4910,4,2,A2263
P2364,Tech Park Towers,Commercial,Trichy,TN,5/15/2025,7822323,1456,3,2,A2264
P2365,Tech Park Towers,Commercial,Trichy,TN,5/16/2025,4631316,3623,3,2,A2265
P2366,Tech Park Towers,Commercial,Trichy,TN,5/17/2025,8590120,2136,4,2,A2266
P2367,Tech Park Towers,Commercial,Trichy,TN,5/18/2025,8478744,3294,3,2,A2267
P2368,Tech Park Towers,Commercial,Trichy,TN,5/19/2025,7619768,2621,3,2,A2268
P2369,Tech Park Towers,Commercial,Trichy,TN,5/20/2025,5110066,3488,4,2,A2269
P2370,Tech Park Towers,Commercial,Trichy,TN,5/21/2025,9320905,2067,3,2,A2270
P2371,Tech Park Towers,Commercial,Trichy,TN,5/22/2025,7662305,1747,3,2,A2271
P2372,Tech Park Towers,Commercial,Trichy,TN,5/23/2025,5547400,1748,3,2,A2272
P2373,Tech Park Towers,Commercial,Trichy,TN,5/24/2025,4932256,4312,4,2,A2273
P2374,Tech Park Towers,Commercial,Trichy,TN,5/25/2025,6881303,1681,3,2,A2274
P2375,Tech Park Towers,Commercial,Trichy,TN,5/26/2025,4594286,1822,3,2,A2275
P2376,Tech Park Towers,Commercial,Trichy,TN,5/27/2025,6571189,3589,4,2,A2276
P2377,Tech Park Towers,Commercial,Trichy,TN,5/28/2025,8355517,1987,3,2,A2277
P2378,Tech Park Towers,Commercial,Trichy,TN,5/29/2025,5130090,3170,3,2,A2278
P2379,Tech Park Towers,Commercial,Trichy,TN,5/30/2025,8107240,3299,4,2,A2279
P2380,Tech Park Towers,Commercial,Trichy,TN,5/31/2025,4673978,3642,3,2,A2280
P2381,Tech Park Towers,Commercial,Trichy,TN,6/1/2025,5113195,2298,4,2,A2281
P2382,Tech Park Towers,Commercial,Trichy,TN,6/2/2025,5756618,3481,3,2,A2282
P2383,Tech Park Towers,Commercial,Trichy,TN,6/3/2025,7443251,3039,3,2,A2283
P2384,Tech Park Towers,Commercial,Trichy,TN,6/4/2025,9266180,2052,4,2,A2284
P2385,Tech Park Towers,Commercial,Trichy,TN,6/5/2025,5945525,1363,4,2,A2285
P2386,Tech Park Towers,Commercial,Trichy,TN,6/6/2025,9445195,3202,3,2,A2286
P2387,Tech Park Towers,Commercial,Trichy,TN,6/7/2025,8589808,2993,3,2,A2287
P2388,Tech Park Towers,Commercial,Trichy,TN,6/8/2025,5996294,1506,3,2,A2288
P2389,Tech Park Towers,Commercial,Trichy,TN,6/9/2025,8236881,4142,4,2,A2289
P2390,Tech Park Towers,Commercial,Trichy,TN,6/10/2025,4647012,2658,3,2,A2290
P2391,Tech Park Towers,Commercial,Trichy,TN,6/11/2025,5409212,2616,3,2,A2291
P2392,Tech Park Towers,Commercial,Trichy,TN,6/12/2025,4960976,2012,3,2,A2292
P2393,Tech Park Towers,Commercial,Trichy,TN,6/13/2025,7008605,1282,4,2,A2293
P2394,Tech Park Towers,Commercial,Trichy,TN,6/14/2025,7637296,1367,3,2,A2294
P2395,Tech Park Towers,Commercial,Trichy,TN,6/15/2025,7030614,1267,4,2,A2295
P2396,Tech Park Towers,Commercial,Trichy,TN,6/16/2025,7131181,2089,4,2,A2296
P2397,Tech Park Towers,Commercial,Trichy,TN,6/17/2025,8868789,1105,3,2,A2297
P2398,Tech Park Towers,Commercial,Trichy,TN,6/18/2025,4753628,1036,4,2,A2298
P2399,Tech Park Towers,Commercial,Trichy,TN,6/19/2025,6010840,4784,4,2,A2299
P2400,Tech Park Towers,Commercial,Trichy,TN,6/20/2025,8162384,1913,3,2,A2300
P2401,Tech Park Towers,Commercial,Trichy,TN,6/21/2025,8292798,3192,3,2,A2301
P2402,Tech Park Towers,Commercial,Trichy,TN,6/22/2025,7027000,2281,4,2,A2302
P2403,Tech Park Towers,Commercial,Trichy,TN,6/23/2025,8316252,1098,3,2,A2303
P2404,Tech Park Towers,Commercial,Trichy,TN,6/24/2025,8456284,4136,3,2,A2304
P2405,Tech Park Towers,Commercial,Trichy,TN,6/25/2025,8452175,3953,3,2,A2305
P2406,Tech Park Towers,Commercial,Trichy,TN,6/26/2025,8326843,4146,3,2,A2306
P2407,Tech Park Towers,Commercial,Trichy,TN,6/27/2025,5791906,1668,4,2,A2307
P2408,Tech Park Towers,Commercial,Trichy,TN,6/28/2025,7106188,2192,3,2,A2308
P2409,Tech Park Towers,Commercial,Trichy,TN,6/29/2025,5337573,2856,3,2,A2309
P2410,Tech Park Towers,Commercial,Trichy,TN,6/30/2025,7999017,2632,4,2,A2310
P2411,Tech Park Towers,Commercial,Trichy,TN,7/1/2025,4617794,1988,3,2,A2311
P2412,Tech Park Towers,Commercial,Trichy,TN,7/2/2025,9436943,3322,4,2,A2312
P2413,Tech Park Towers,Commercial,Trichy,TN,7/3/2025,6983445,1240,3,2,A2313
P2414,Tech Park Towers,Commercial,Trichy,TN,7/4/2025,8826707,4939,3,2,A2314
P2415,Tech Park Towers,Commercial,Trichy,TN,7/5/2025,4922035,2931,3,2,A2315
P2416,Tech Park Towers,Commercial,Trichy,TN,7/6/2025,7798901,2508,3,2,A2316
P2417,Tech Park Towers,Commercial,Trichy,TN,7/7/2025,6260158,3071,3,2,A2317
P2418,Tech Park Towers,Commercial,Trichy,TN,7/8/2025,5271005,1172,3,2,A2318
P2419,Tech Park Towers,Commercial,Trichy,TN,7/9/2025,6029295,3243,4,2,A2319
P2420,Tech Park Towers,Commercial,Trichy,TN,7/10/2025,6179959,4495,3,2,A2320
P2421,Tech Park Towers,Commercial,Trichy,TN,7/11/2025,7494675,4324,4,2,A2321
P2422,Tech Park Towers,Commercial,Trichy,TN,7/12/2025,6996544,3181,3,2,A2322
P2423,Tech Park Towers,Commercial,Trichy,TN,7/13/2025,7149549,3879,3,2,A2323
P2424,Tech Park Towers,Commercial,Trichy,TN,7/14/2025,8397654,4662,4,2,A2324
P2425,Tech Park Towers,Commercial,Trichy,TN,7/15/2025,6027287,4095,4,2,A2325
P2426,Tech Park Towers,Commercial,Trichy,TN,7/16/2025,5174440,4806,3,2,A2326
P2427,Tech Park Towers,Commercial,Trichy,TN,7/17/2025,6258793,2476,3,2,A2327
P2428,Tech Park Towers,Commercial,Trichy,TN,7/18/2025,4747080,1032,4,2,A2328
P2429,Tech Park Towers,Commercial,Trichy,TN,7/19/2025,6066929,1040,3,2,A2329
P2430,Tech Park Towers,Commercial,Trichy,TN,7/20/2025,8750937,2033,4,2,A2330
P2431,Tech Park Towers,Commercial,Trichy,TN,7/21/2025,8948430,3563,3,2,A2331
P2432,Tech Park Towers,Commercial,Trichy,TN,7/22/2025,8150723,2732,3,2,A2332
P2433,Tech Park Towers,Commercial,Trichy,TN,7/23/2025,5460446,3347,3,2,A2333
P2434,Tech Park Towers,Commercial,Trichy,TN,7/24/2025,6845090,1821,4,2,A2334
P2435,Tech Park Towers,Commercial,Trichy,TN,7/25/2025,8697046,4397,3,2,A2335
P2436,Tech Park Towers,Commercial,Trichy,TN,7/26/2025,5161377,3800,3,2,A2336
P2437,Tech Park Towers,Commercial,Trichy,TN,7/27/2025,8209152,4051,3,2,A2337
P2438,Tech Park Towers,Commercial,Trichy,TN,7/28/2025,8913173,2673,4,2,A2338
P2439,Tech Park Towers,Commercial,Trichy,TN,7/29/2025,5940795,4258,3,2,A2339
P2440,Tech Park Towers,Commercial,Trichy,TN,7/30/2025,6992263,3684,3,2,A2340
P2441,Tech Park Towers,Commercial,Trichy,TN,7/31/2025,8737621,2605,4,2,A2341
P2442,Tech Park Towers,Commercial,Trichy,TN,8/1/2025,9351253,1254,4,2,A2342
P2443,Tech Park Towers,Commercial,Trichy,TN,8/2/2025,6306915,3071,4,2,A2343
P2444,Tech Park Towers,Commercial,Trichy,TN,8/3/2025,6137734,4090,4,2,A2344
P2445,Tech Park Towers,Commercial,Trichy,TN,8/4/2025,8776286,2532,4,2,A2345
P2446,Tech Park Towers,Commercial,Trichy,TN,8/5/2025,5199135,1590,4,2,A2346
P2447,Tech Park Towers,Commercial,Trichy,TN,8/6/2025,4834257,2365,3,2,A2347
P2448,Tech Park Towers,Commercial,Trichy,TN,8/7/2025,5742525,3453,3,2,A2348
P2449,Tech Park Towers,Commercial,Trichy,TN,8/8/2025,4898730,4939,3,2,A2349
P2450,Tech Park Towers,Commercial,Trichy,TN,8/9/2025,7674117,3755,3,2,A2350
P2451,Green Valley Farmhouse,Farmhouse,Trichy,TN,8/10/2025,7393911,5628,3,3,A2351
P2452,Future City Plot,Plot,Trichy,TN,8/11/2025,5874313,2185,3,2,A2352
P2453,Emerald Villas,Villa,Trichy,TN,8/12/2025,7081444,2492,3,2,A2353
P2454,Silver Oak Apartments,Apartment,Trichy,TN,8/13/2025,8281905,1748,2,2,A2354
P2455,Prime Office Space,Commercial,Trichy,TN,8/14/2025,6665239,4401,3,2,A2355
P2456,Future City Plot,Plot,Trichy,TN,8/15/2025,7857564,1892,3,2,A2356
P2457,Emerald Villas,Villa,Trichy,TN,8/16/2025,7504651,3419,4,2,A2357
P2458,Silver Oak Apartments,Apartment,Trichy,TN,8/17/2025,5228349,1634,2,2,A2358
P2459,Prime Office Space,Commercial,Trichy,TN,8/18/2025,7248408,2489,4,2,A2359
P2460,Future City Plot,Plot,Trichy,TN,8/19/2025,5298461,1700,3,2,A2360
P2461,Emerald Villas,Villa,Trichy,TN,8/20/2025,8401129,4299,4,2,A2361
P2462,Silver Oak Apartments,Apartment,Trichy,TN,8/21/2025,7679136,2141,3,2,A2362
P2463,Prime Office Space,Commercial,Trichy,TN,8/22/2025,7113675,1641,3,2,A2363
P2464,Future City Plot,Plot,Trichy,TN,8/23/2025,4829238,2673,3,2,A2364
P2465,Emerald Villas,Villa,Trichy,TN,8/24/2025,7272562,3993,3,2,A2365
P2466,Silver Oak Apartments,Apartment,Trichy,TN,8/25/2025,5601462,2202,3,2,A2366
P2467,Prime Office Space,Commercial,Trichy,TN,8/26/2025,5457069,3354,4,2,A2367
P2468,Future City Plot,Plot,Trichy,TN,8/27/2025,9002829,2141,3,2,A2368
P2469,Emerald Villas,Villa,Trichy,TN,8/28/2025,4631981,3773,3,2,A2369
P2470,Silver Oak Apartments,Apartment,Trichy,TN,8/29/2025,6979759,1898,3,2,A2370
P2471,Prime Office Space,Commercial,Trichy,TN,8/30/2025,5496772,2694,4,2,A2371
P2472,Future City Plot,Plot,Trichy,TN,8/31/2025,8028474,2460,2,2,A2372
P2473,Emerald Villas,Villa,Trichy,TN,9/1/2025,8765392,4915,3,2,A2373
P2474,Silver Oak Apartments,Apartment,Trichy,TN,9/2/2025,9083604,2213,2,2,A2374
P2475,Prime Office Space,Commercial,Trichy,TN,9/3/2025,8758932,4483,4,2,A2375
P2476,Future City Plot,Plot,Trichy,TN,9/4/2025,5755256,1972,2,2,A2376
P2477,Emerald Villas,Villa,Trichy,TN,9/5/2025,6100372,3948,3,2,A2377
P2478,Silver Oak Apartments,Apartment,Trichy,TN,9/6/2025,9452441,2336,3,2,A2378
P2479,Prime Office Space,Commercial,Trichy,TN,9/7/2025,4723027,4496,3,2,A2379
P2480,Future City Plot,Plot,Trichy,TN,9/8/2025,6381982,2411,2,2,A2380
P2481,Emerald Villas,Villa,Trichy,TN,9/9/2025,6758367,2468,3,2,A2381
P2482,Silver Oak Apartments,Apartment,Trichy,TN,9/10/2025,5194294,2041,2,2,A2382
P2483,Prime Office Space,Commercial,Trichy,TN,9/11/2025,8166441,2465,4,2,A2383
P2484,Future City Plot,Plot,Trichy,TN,9/12/2025,5015381,1530,3,2,A2384
P2485,Emerald Villas,Villa,Trichy,TN,9/13/2025,7238016,3688,3,2,A2385
P2486,Silver Oak Apartments,Apartment,Trichy,TN,9/14/2025,6047514,1850,3,2,A2386
P2487,Prime Office Space,Commercial,Trichy,TN,9/15/2025,6952339,3544,3,2,A2387
P2488,Future City Plot,Plot,Trichy,TN,9/16/2025,4832928,2738,2,2,A2388
P2489,Emerald Villas,Villa,Trichy,TN,9/17/2025,5666607,3093,4,2,A2389
P2490,Silver Oak Apartments,Apartment,Trichy,TN,9/18/2025,4806527,2027,2,2,A2390
P2491,Prime Office Space,Commercial,Trichy,TN,9/19/2025,6444478,3750,4,2,A2391
P2492,Future City Plot,Plot,Trichy,TN,9/20/2025,4660692,1091,3,2,A2392
P2493,Emerald Villas,Villa,Trichy,TN,9/21/2025,8398201,2067,4,2,A2393
P2494,Silver Oak Apartments,Apartment,Trichy,TN,9/22/2025,7945067,1717,3,2,A2394
P2495,Prime Office Space,Commercial,Trichy,TN,9/23/2025,7880548,1097,4,2,A2395
P2496,Future City Plot,Plot,Trichy,TN,9/24/2025,5526333,2182,3,2,A2396
P2497,Emerald Villas,Villa,Trichy,TN,9/25/2025,7184585,4462,3,2,A2397
P2498,Silver Oak Apartments,Apartment,Trichy,TN,9/26/2025,6852430,2329,3,2,A2398
P2499,Prime Office Space,Commercial,Trichy,TN,9/27/2025,8752166,4349,4,2,A2399
P2500,Future City Plot,Plot,Trichy,TN,9/28/2025,5609272,1472,3,2,A2400
P2501,Emerald Villas,Villa,Trichy,TN,9/29/2025,7043598,4594,3,2,A2401
P2502,Silver Oak Apartments,Apartment,Trichy,TN,9/30/2025,9130106,1576,2,2,A2402
P2503,Prime Office Space,Commercial,Trichy,TN,10/1/2025,8822745,3543,4,2,A2403
P2504,Future City Plot,Plot,Trichy,TN,10/2/2025,8496702,2653,3,2,A2404
P2505,Emerald Villas,Villa,Trichy,TN,10/3/2025,5260401,4009,3,2,A2405
P2506,Silver Oak Apartments,Apartment,Trichy,TN,10/4/2025,7389679,1547,2,2,A2406
P2507,Prime Office Space,Commercial,Trichy,TN,10/5/2025,5721549,2505,4,2,A2407
P2508,Future City Plot,Plot,Trichy,TN,10/6/2025,8284881,2672,3,2,A2408
P2509,Emerald Villas,Villa,Trichy,TN,10/7/2025,7184519,3223,4,2,A2409
P2510,Silver Oak Apartments,Apartment,Trichy,TN,10/8/2025,8225165,1679,3,2,A2410
P2511,Prime Office Space,Commercial,Trichy,TN,10/9/2025,6199013,1897,4,2,A2411
P2512,Future City Plot,Plot,Trichy,TN,10/10/2025,8551396,2901,2,2,A2412
P2513,Emerald Villas,Villa,Trichy,TN,10/11/2025,7127316,3425,4,2,A2413
P2514,Silver Oak Apartments,Apartment,Trichy,TN,10/12/2025,8968249,2286,2,2,A2414
P2515,Prime Office Space,Commercial,Trichy,TN,10/13/2025,4969333,2949,4,2,A2415
P2516,Future City Plot,Plot,Trichy,TN,10/14/2025,8716902,1214,3,2,A2416
P2517,Emerald Villas,Villa,Trichy,TN,10/15/2025,6551799,4998,3,2,A2417
P2518,Silver Oak Apartments,Apartment,Trichy,TN,10/16/2025,9108775,1591,3,2,A2418
P2519,Prime Office Space,Commercial,Trichy,TN,10/17/2025,5684515,4135,4,2,A2419
P2520,Future City Plot,Plot,Trichy,TN,10/18/2025,5875437,2871,3,2,A2420
P2521,Emerald Villas,Villa,Trichy,TN,10/19/2025,7202759,4572,4,2,A2421
P2522,Silver Oak Apartments,Apartment,Trichy,TN,10/20/2025,6967965,1520,2,2,A2422
P2523,Prime Office Space,Commercial,Trichy,TN,10/21/2025,5382399,1228,4,2,A2423
P2524,Future City Plot,Plot,Trichy,TN,10/22/2025,7052951,1782,3,2,A2424
P2525,Emerald Villas,Villa,Trichy,TN,10/23/2025,8322932,2989,3,2,A2425
P2526,Silver Oak Apartments,Apartment,Trichy,TN,10/24/2025,5455317,1902,3,2,A2426
P2527,Prime Office Space,Commercial,Trichy,TN,10/25/2025,6109289,4300,3,2,A2427
P2528,Future City Plot,Plot,Trichy,TN,10/26/2025,6356150,2765,3,2,A2428
P2529,Emerald Villas,Villa,Trichy,TN,10/27/2025,6749786,2954,3,2,A2429
P2530,Silver Oak Apartments,Apartment,Trichy,TN,10/28/2025,9424160,2500,3,2,A2430
P2531,Prime Office Space,Commercial,Trichy,TN,10/29/2025,8110591,1276,4,2,A2431
P2532,Future City Plot,Plot,Trichy,TN,10/30/2025,8486222,2899,2,2,A2432
P2533,Emerald Villas,Villa,Trichy,TN,10/31/2025,6566918,2496,4,2,A2433
P2534,Silver Oak Apartments,Apartment,Trichy,TN,11/1/2025,8479542,1575,2,2,A2434
P2535,Prime Office Space,Commercial,Trichy,TN,11/2/2025,6207886,3449,3,2,A2435
P2536,Future City Plot,Plot,Trichy,TN,11/3/2025,5075741,1753,3,2,A2436
P2537,Emerald Villas,Villa,Trichy,TN,11/4/2025,5965048,2668,4,2,A2437
P2538,Silver Oak Apartments,Apartment,Trichy,TN,11/5/2025,7879197,2213,3,2,A2438
P2539,Prime Office Space,Commercial,Trichy,TN,11/6/2025,9082721,2485,3,2,A2439
P2540,Future City Plot,Plot,Trichy,TN,11/7/2025,7620813,2610,2,2,A2440
P2541,Emerald Villas,Villa,Trichy,TN,11/8/2025,7684655,2020,4,2,A2441
P2542,Silver Oak Apartments,Apartment,Trichy,TN,11/9/2025,5571992,2306,2,2,A2442
P2543,Prime Office Space,Commercial,Trichy,TN,11/10/2025,8656336,1002,4,2,A2443
P2544,Future City Plot,Plot,Trichy,TN,11/11/2025,8528976,2509,3,2,A2444
P2545,Emerald Villas,Villa,Trichy,TN,11/12/2025,8158645,2832,4,2,A2445
P2546,Silver Oak Apartments,Apartment,Trichy,TN,11/13/2025,5065561,2060,3,2,A2446
P2547,Prime Office Space,Commercial,Trichy,TN,11/14/2025,5941537,3329,4,2,A2447
P2548,Future City Plot,Plot,Trichy,TN,11/15/2025,5356318,1107,2,2,A2448
P2549,Emerald Villas,Villa,Trichy,TN,11/16/2025,7391774,4589,3,2,A2449
P2550,Silver Oak Apartments,Apartment,Trichy,TN,11/17/2025,7272301,1820,3,2,A2450
P2551,Prime Office Space,Commercial,Trichy,TN,11/18/2025,8310705,3266,3,2,A2451
P2552,Future City Plot,Plot,Trichy,TN,11/19/2025,5030482,2836,2,2,A2452
P2553,Emerald Villas,Villa,Trichy,TN,11/20/2025,6604277,4834,3,2,A2453
P2554,Silver Oak Apartments,Apartment,Trichy,TN,11/21/2025,8842877,2385,3,2,A2454
P2555,Prime Office Space,Commercial,Trichy,TN,11/22/2025,5088242,4208,4,2,A2455
P2556,Future City Plot,Plot,Trichy,TN,11/23/2025,5319037,1546,3,2,A2456
P2557,Emerald Villas,Villa,Trichy,TN,11/24/2025,5450212,3277,3,2,A2457
P2558,Silver Oak Apartments,Apartment,Trichy,TN,11/25/2025,5277542,2361,3,2,A2458
P2559,Prime Office Space,Commercial,Trichy,TN,11/26/2025,9196252,3508,4,2,A2459
P2560,Future City Plot,Plot,Trichy,TN,11/27/2025,6123905,2431,2,2,A2460
P2561,Emerald Villas,Villa,Trichy,TN,11/28/2025,5661803,3872,3,2,A2461
P2562,Silver Oak Apartments,Apartment,Trichy,TN,11/29/2025,8388078,2217,2,2,A2462
P2563,Prime Office Space,Commercial,Trichy,TN,11/30/2025,9039232,3720,3,2,A2463
P2564,Future City Plot,Plot,Trichy,TN,12/1/2025,8889364,2756,2,2,A2464
P2565,Emerald Villas,Villa,Trichy,TN,12/2/2025,7143429,3061,3,2,A2465
P2566,Silver Oak Apartments,Apartment,Trichy,TN,12/3/2025,5620341,2074,3,2,A2466
P2567,Prime Office Space,Commercial,Trichy,TN,12/4/2025,7370925,1972,4,2,A2467
P2568,Future City Plot,Plot,Trichy,TN,12/5/2025,8257408,1216,2,2,A2468
P2569,Emerald Villas,Villa,Trichy,TN,12/6/2025,6974266,4602,3,2,A2469
P2570,Silver Oak Apartments,Apartment,Trichy,TN,12/7/2025,5489531,1923,3,2,A2470
P2571,Prime Office Space,Commercial,Trichy,TN,12/8/2025,8079999,3746,3,2,A2471
P2572,Future City Plot,Plot,Trichy,TN,12/9/2025,5484483,1226,3,2,A2472
P2573,Emerald Villas,Villa,Trichy,TN,12/10/2025,5740356,2652,4,2,A2473
P2574,Silver Oak Apartments,Apartment,Trichy,TN,12/11/2025,6859704,2122,3,2,A2474
P2575,Prime Office Space,Commercial,Trichy,TN,12/12/2025,5987952,3231,4,2,A2475
P2576,Future City Plot,Plot,Trichy,TN,12/13/2025,8128321,2068,2,2,A2476
P2577,Emerald Villas,Villa,Trichy,TN,12/14/2025,6752309,4754,3,2,A2477
P2578,Silver Oak Apartments,Apartment,Trichy,TN,12/15/2025,5521778,1653,2,2,A2478
P2579,Prime Office Space,Commercial,Trichy,TN,12/16/2025,5598015,2885,3,2,A2479
P2580,Future City Plot,Plot,Trichy,TN,12/17/2025,6071906,1061,2,2,A2480
P2581,Emerald Villas,Villa,Trichy,TN,12/18/2025,9115552,2013,4,2,A2481
P2582,Silver Oak Apartments,Apartment,Trichy,TN,12/19/2025,7338141,1732,2,2,A2482
P2583,Prime Office Space,Commercial,Trichy,TN,12/20/2025,8418732,4369,3,2,A2483
P2584,Future City Plot,Plot,Trichy,TN,12/21/2025,4536196,1514,3,2,A2484
P2585,Emerald Villas,Villa,Trichy,TN,12/22/2025,7336947,3188,4,2,A2485
P2586,Silver Oak Apartments,Apartment,Trichy,TN,12/23/2025,9040169,2330,2,2,A2486
P2587,Prime Office Space,Commercial,Trichy,TN,12/24/2025,7829890,4619,3,2,A2487
P2588,Future City Plot,Plot,Trichy,TN,12/25/2025,9022547,2668,3,2,A2488
P2589,Emerald Villas,Villa,Trichy,TN,12/26/2025,8389698,3258,4,2,A2489
P2590,Silver Oak Apartments,Apartment,Trichy,TN,12/27/2025,5340966,1844,3,2,A2490
P2591,Prime Office Space,Commercial,Trichy,TN,12/28/2025,6345873,2330,4,2,A2491
P2592,Future City Plot,Plot,Trichy,TN,12/29/2025,9438833,2311,2,2,A2492
P2593,Emerald Villas,Villa,Trichy,TN,12/30/2025,4597515,4007,3,2,A2493
P2594,Silver Oak Apartments,Apartment,Trichy,TN,12/31/2025,8993666,1800,3,2,A2494
P2595,Prime Office Space,Commercial,Trichy,TN,1/1/2026,8062007,3776,3,2,A2495
P2596,Future City Plot,Plot,Trichy,TN,1/2/2026,8947493,1665,3,2,A2496
P2597,Emerald Villas,Villa,Trichy,TN,1/3/2026,7533798,3908,4,2,A2497
P2598,Silver Oak Apartments,Apartment,Trichy,TN,1/4/2026,7122061,2042,3,2,A2498
P2599,Prime Office Space,Commercial,Trichy,TN,1/5/2026,7199474,1572,4,2,A2499
P2600,Future City Plot,Plot,Trichy,TN,1/6/2026,6504791,2583,2,2,A2500
P2601,Emerald Villas,Villa,Trichy,TN,1/7/2026,6547071,2729,3,2,A2501
P2602,Silver Oak Apartments,Apartment,Trichy,TN,1/8/2026,8271875,1668,2,2,A2502
P2603,Prime Office Space,Commercial,Trichy,TN,1/9/2026,9017511,1106,4,2,A2503
P2604,Future City Plot,Plot,Trichy,TN,1/10/2026,6755417,2595,2,2,A2504
P2605,Emerald Villas,Villa,Trichy,TN,1/11/2026,5582162,2297,3,2,A2505
P2606,Silver Oak Apartments,Apartment,Trichy,TN,1/12/2026,6601075,1580,2,2,A2506
P2607,Prime Office Space,Commercial,Trichy,TN,1/13/2026,5960494,4588,4,2,A2507
P2608,Future City Plot,Plot,Trichy,TN,1/14/2026,8366003,1166,2,2,A2508
P2609,Emerald Villas,Villa,Trichy,TN,1/15/2026,4554468,4199,4,2,A2509
P2610,Silver Oak Apartments,Apartment,Trichy,TN,1/16/2026,8335532,1539,2,2,A2510
P2611,Prime Office Space,Commercial,Trichy,TN,1/17/2026,8260286,4609,4,2,A2511
P2612,Future City Plot,Plot,Trichy,TN,1/18/2026,5763722,2486,3,2,A2512
P2613,Emerald Villas,Villa,Trichy,TN,1/19/2026,7560195,3729,3,2,A2513
P2614,Silver Oak Apartments,Apartment,Trichy,TN,1/20/2026,7163893,1847,3,2,A2514
P2615,Prime Office Space,Commercial,Trichy,TN,1/21/2026,7984180,2235,4,2,A2515
P2616,Future City Plot,Plot,Trichy,TN,1/22/2026,6501866,2001,3,2,A2516
P2617,Emerald Villas,Villa,Trichy,TN,1/23/2026,8824446,2199,3,2,A2517
P2618,Silver Oak Apartments,Apartment,Trichy,TN,1/24/2026,7081336,2336,2,2,A2518
P2619,Prime Office Space,Commercial,Trichy,TN,1/25/2026,6440430,3779,4,2,A2519
P2620,Future City Plot,Plot,Trichy,TN,1/26/2026,7466452,2188,3,2,A2520
P2621,Emerald Villas,Villa,Bangalore,KA,1/27/2026,7629074,4477,4,2,A2521
P2622,Silver Oak Apartments,Apartment,Bangalore,KA,1/28/2026,9218427,2393,2,2,A2522
P2623,Prime Office Space,Commercial,Bangalore,KA,1/29/2026,8797345,4330,3,2,A2523
P2624,Future City Plot,Plot,Bangalore,KA,1/30/2026,4606375,2761,3,2,A2524
P2625,Emerald Villas,Villa,Bangalore,KA,1/31/2026,8804492,4166,3,2,A2525
P2626,Silver Oak Apartments,Apartment,Bangalore,KA,2/1/2026,8943127,1800,3,2,A2526
P2627,Prime Office Space,Commercial,Bangalore,KA,2/2/2026,6442725,4484,4,2,A2527
P2628,Future City Plot,Plot,Bangalore,KA,2/3/2026,6654005,1630,2,2,A2528
P2629,Emerald Villas,Villa,Bangalore,KA,2/4/2026,7765062,3564,4,2,A2529
P2630,Silver Oak Apartments,Apartment,Bangalore,KA,2/5/2026,8317243,2284,2,2,A2530
P2631,Prime Office Space,Commercial,Bangalore,KA,2/6/2026,6766029,2831,3,2,A2531
P2632,Future City Plot,Plot,Bangalore,KA,2/7/2026,9384340,2589,3,2,A2532
P2633,Emerald Villas,Villa,Bangalore,KA,2/8/2026,7723734,4529,4,2,A2533
P2634,Silver Oak Apartments,Apartment,Bangalore,KA,2/9/2026,7814410,1969,3,2,A2534
P2635,Prime Office Space,Commercial,Bangalore,KA,2/10/2026,7276536,2514,3,2,A2535
P2636,Future City Plot,Plot,Bangalore,KA,2/11/2026,6792432,1589,3,2,A2536
P2637,Emerald Villas,Villa,Bangalore,KA,2/12/2026,8393686,3236,3,2,A2537
P2638,Silver Oak Apartments,Apartment,Bangalore,KA,2/13/2026,6037293,2333,3,2,A2538
P2639,Prime Office Space,Commercial,Bangalore,KA,2/14/2026,7111836,1466,4,2,A2539
P2640,Future City Plot,Plot,Bangalore,KA,2/15/2026,7259782,1576,2,2,A2540
P2641,Emerald Villas,Villa,Bangalore,KA,2/16/2026,6357030,2853,3,2,A2541
P2642,Silver Oak Apartments,Apartment,Bangalore,KA,2/17/2026,9327908,2265,2,2,A2542
P2643,Prime Office Space,Commercial,Bangalore,KA,2/18/2026,6314340,3349,4,2,A2543
P2644,Future City Plot,Plot,Bangalore,KA,2/19/2026,8440787,1702,2,2,A2544
P2645,Emerald Villas,Villa,Bangalore,KA,2/20/2026,5831040,4073,4,2,A2545
P2646,Silver Oak Apartments,Apartment,Bangalore,KA,2/21/2026,8045700,1730,3,2,A2546
P2647,Prime Office Space,Commercial,Bangalore,KA,2/22/2026,4795141,2830,3,2,A2547
P2648,Future City Plot,Plot,Bangalore,KA,2/23/2026,7895722,2796,3,2,A2548
P2649,Emerald Villas,Villa,Bangalore,KA,2/24/2026,6021160,3410,3,2,A2549
P2650,Silver Oak Apartments,Apartment,Bangalore,KA,2/25/2026,9339808,1931,2,2,A2550
P2651,Prime Office Space,Commercial,Bangalore,KA,2/26/2026,5975402,2887,4,2,A2551
P2652,Future City Plot,Plot,Bangalore,KA,2/27/2026,6908528,2841,2,2,A2552
P2653,Emerald Villas,Villa,Bangalore,KA,2/28/2026,6304861,4720,4,2,A2553
P2654,Silver Oak Apartments,Apartment,Bangalore,KA,3/1/2026,5240207,1536,2,2,A2554
P2655,Prime Office Space,Commercial,Bangalore,KA,3/2/2026,6102883,3831,3,2,A2555
P2656,Future City Plot,Plot,Bangalore,KA,3/3/2026,5107925,1994,2,2,A2556
P2657,Emerald Villas,Villa,Bangalore,KA,3/4/2026,5531966,4974,4,2,A2557
P2658,Silver Oak Apartments,Apartment,Bangalore,KA,3/5/2026,7343527,2208,3,2,A2558
P2659,Prime Office Space,Commercial,Bangalore,KA,3/6/2026,5571889,3079,4,2,A2559
P2660,Future City Plot,Plot,Bangalore,KA,3/7/2026,7081133,2737,3,2,A2560
P2661,Emerald Villas,Villa,Bangalore,KA,3/8/2026,9133963,2753,4,2,A2561
P2662,Silver Oak Apartments,Apartment,Bangalore,KA,3/9/2026,9244975,1867,2,2,A2562
P2663,Prime Office Space,Commercial,Bangalore,KA,3/10/2026,8079974,3892,4,2,A2563
P2664,Future City Plot,Plot,Bangalore,KA,3/11/2026,5600591,1303,2,2,A2564
P2665,Emerald Villas,Villa,Bangalore,KA,3/12/2026,6044676,4506,3,2,A2565
P2666,Silver Oak Apartments,Apartment,Bangalore,KA,3/13/2026,6281331,2013,3,2,A2566
P2667,Prime Office Space,Commercial,Bangalore,KA,3/14/2026,8015928,1261,3,2,A2567
P2668,Future City Plot,Plot,Bangalore,KA,3/15/2026,5560306,2838,2,2,A2568
P2669,Emerald Villas,Villa,Bangalore,KA,3/16/2026,8705398,2872,3,2,A2569
P2670,Silver Oak Apartments,Apartment,Bangalore,KA,3/17/2026,9389436,1509,3,2,A2570
P2671,Prime Office Space,Commercial,Bangalore,KA,3/18/2026,5440982,2576,3,2,A2571
P2672,Future City Plot,Plot,Bangalore,KA,3/19/2026,8469015,2842,3,2,A2572
P2673,Emerald Villas,Villa,Bangalore,KA,3/20/2026,6893191,2277,3,2,A2573
P2674,Silver Oak Apartments,Apartment,Bangalore,KA,3/21/2026,7518568,2036,3,2,A2574
P2675,Prime Office Space,Commercial,Bangalore,KA,3/22/2026,9185431,1576,4,2,A2575
P2676,Future City Plot,Plot,Bangalore,KA,3/23/2026,7659598,1580,2,2,A2576
P2677,Emerald Villas,Villa,Bangalore,KA,3/24/2026,9257957,3493,3,2,A2577
P2678,Silver Oak Apartments,Apartment,Bangalore,KA,3/25/2026,7520027,2273,3,2,A2578
P2679,Prime Office Space,Commercial,Bangalore,KA,3/26/2026,6156938,3337,3,2,A2579
P2680,Future City Plot,Plot,Bangalore,KA,3/27/2026,7567113,2227,2,2,A2580
P2681,Emerald Villas,Villa,Bangalore,KA,3/28/2026,5038805,3091,3,2,A2581
P2682,Silver Oak Apartments,Apartment,Bangalore,KA,3/29/2026,7084680,1622,2,2,A2582
P2683,Prime Office Space,Commercial,Bangalore,KA,3/30/2026,5664607,1625,3,2,A2583
P2684,Future City Plot,Plot,Bangalore,KA,3/31/2026,5833864,2266,2,2,A2584
P2685,Emerald Villas,Villa,Bangalore,KA,4/1/2026,6333180,2709,3,2,A2585
P2686,Silver Oak Apartments,Apartment,Bangalore,KA,4/2/2026,6187254,2500,3,2,A2586
P2687,Prime Office Space,Commercial,Bangalore,KA,4/3/2026,8433352,1322,3,2,A2587
P2688,Future City Plot,Plot,Bangalore,KA,4/4/2026,4697672,2159,2,2,A2588
P2689,Emerald Villas,Villa,Bangalore,KA,4/5/2026,8765138,2918,4,2,A2589
P2690,Silver Oak Apartments,Apartment,Bangalore,KA,4/6/2026,7277934,1590,3,2,A2590
P2691,Prime Office Space,Commercial,Bangalore,KA,4/7/2026,7355573,2478,4,2,A2591
P2692,Future City Plot,Plot,Bangalore,KA,4/8/2026,4649073,2620,2,2,A2592
P2693,Emerald Villas,Villa,Bangalore,KA,4/9/2026,5623090,3505,3,2,A2593
P2694,Silver Oak Apartments,Apartment,Bangalore,KA,4/10/2026,5815445,1752,2,2,A2594
P2695,Prime Office Space,Commercial,Bangalore,KA,4/11/2026,6453848,1333,3,2,A2595
P2696,Future City Plot,Plot,Bangalore,KA,4/12/2026,5192281,1106,2,2,A2596
P2697,Emerald Villas,Villa,Bangalore,KA,4/13/2026,4991992,4402,4,2,A2597
P2698,Silver Oak Apartments,Apartment,Bangalore,KA,4/14/2026,5349838,2204,3,2,A2598
P2699,Prime Office Space,Commercial,Bangalore,KA,4/15/2026,6411653,2583,4,2,A2599
P2700,Future City Plot,Plot,Bangalore,KA,4/16/2026,6064675,2740,3,2,A2600
P2701,Emerald Villas,Villa,Bangalore,KA,4/17/2026,4644002,3169,4,2,A2601
P2702,Silver Oak Apartments,Apartment,Bangalore,KA,4/18/2026,4681453,1553,3,2,A2602
P2703,Prime Office Space,Commercial,Bangalore,KA,4/19/2026,7920221,2413,3,2,A2603
P2704,Future City Plot,Plot,Bangalore,KA,4/20/2026,6683158,2063,2,2,A2604
P2705,Emerald Villas,Villa,Bangalore,KA,4/21/2026,7651973,2357,4,2,A2605
P2706,Silver Oak Apartments,Apartment,Bangalore,KA,4/22/2026,5580327,2193,3,2,A2606
P2707,Prime Office Space,Commercial,Bangalore,KA,4/23/2026,7229504,1525,4,2,A2607
P2708,Future City Plot,Plot,Bangalore,KA,4/24/2026,4983782,2378,3,2,A2608
P2709,Emerald Villas,Villa,Bangalore,KA,4/25/2026,6382960,3948,4,2,A2609
P2710,Silver Oak Apartments,Apartment,Bangalore,KA,4/26/2026,6966328,2340,2,2,A2610
P2711,Prime Office Space,Commercial,Bangalore,KA,4/27/2026,5829632,4885,3,2,A2611
P2712,Future City Plot,Plot,Bangalore,KA,4/28/2026,7574659,1097,2,2,A2612
P2713,Emerald Villas,Villa,Bangalore,KA,4/29/2026,7768848,3220,4,2,A2613
P2714,Silver Oak Apartments,Apartment,Bangalore,KA,4/30/2026,9361083,2121,3,2,A2614
P2715,Prime Office Space,Commercial,Bangalore,KA,5/1/2026,6922742,1238,4,2,A2615
P2716,Future City Plot,Plot,Bangalore,KA,5/2/2026,6908630,1878,2,2,A2616
P2717,Emerald Villas,Villa,Bangalore,KA,5/3/2026,8347717,2700,3,2,A2617
P2718,Silver Oak Apartments,Apartment,Bangalore,KA,5/4/2026,7462833,2292,2,2,A2618
P2719,Prime Office Space,Commercial,Bangalore,KA,5/5/2026,8469762,4945,4,2,A2619
P2720,Future City Plot,Plot,Bangalore,KA,5/6/2026,9361457,2982,3,2,A2620
P2721,Emerald Villas,Villa,Bangalore,KA,5/7/2026,9218099,4508,3,2,A2621
P2722,Silver Oak Apartments,Apartment,Bangalore,KA,5/8/2026,7782040,1814,2,2,A2622
P2723,Prime Office Space,Commercial,Bangalore,KA,5/9/2026,8878518,2866,3,2,A2623
P2724,Future City Plot,Plot,Bangalore,KA,5/10/2026,8699944,1007,2,2,A2624
P2725,Emerald Villas,Villa,Bangalore,KA,5/11/2026,7352642,4587,4,2,A2625
P2726,Silver Oak Apartments,Apartment,Bangalore,KA,5/12/2026,5832176,1508,3,2,A2626
P2727,Prime Office Space,Commercial,Bangalore,KA,5/13/2026,4736250,1803,3,2,A2627
P2728,Future City Plot,Plot,Bangalore,KA,5/14/2026,5867432,2425,2,2,A2628
P2729,Emerald Villas,Villa,Bangalore,KA,5/15/2026,7599355,4356,3,2,A2629
P2730,Silver Oak Apartments,Apartment,Bangalore,KA,5/16/2026,7944674,1638,3,2,A2630
P2731,Prime Office Space,Commercial,Bangalore,KA,5/17/2026,4649128,2248,4,2,A2631
P2732,Future City Plot,Plot,Bangalore,KA,5/18/2026,7008390,1084,3,2,A2632
P2733,Emerald Villas,Villa,Bangalore,KA,5/19/2026,5088362,4707,4,2,A2633
P2734,Silver Oak Apartments,Apartment,Bangalore,KA,5/20/2026,8113123,1647,3,2,A2634
P2735,Prime Office Space,Commercial,Bangalore,KA,5/21/2026,8229616,2298,3,2,A2635
P2736,Future City Plot,Plot,Bangalore,KA,5/22/2026,5186639,2547,2,2,A2636
P2737,Emerald Villas,Villa,Bangalore,KA,5/23/2026,6817630,2873,4,2,A2637
P2738,Silver Oak Apartments,Apartment,Bangalore,KA,5/24/2026,8629436,2499,2,2,A2638
P2739,Prime Office Space,Commercial,Bangalore,KA,5/25/2026,7973452,1921,3,2,A2639
P2740,Future City Plot,Plot,Bangalore,KA,5/26/2026,9452871,2616,3,2,A2640
P2741,Emerald Villas,Villa,Bangalore,KA,5/27/2026,6509282,4428,3,2,A2641
P2742,Silver Oak Apartments,Apartment,Bangalore,KA,5/28/2026,9152985,2101,3,2,A2642
P2743,Prime Office Space,Commercial,Bangalore,KA,5/29/2026,7870987,1269,4,2,A2643
P2744,Future City Plot,Plot,Bangalore,KA,5/30/2026,8044645,1226,3,2,A2644
P2745,Emerald Villas,Villa,Bangalore,KA,5/31/2026,8191252,3326,4,2,A2645
P2746,Silver Oak Apartments,Apartment,Bangalore,KA,6/1/2026,5306375,1565,2,2,A2646
P2747,Prime Office Space,Commercial,Bangalore,KA,6/2/2026,5701811,3744,4,2,A2647
P2748,Future City Plot,Plot,Bangalore,KA,6/3/2026,8304456,1469,2,2,A2648
P2749,Emerald Villas,Villa,Bangalore,KA,6/4/2026,5139689,4450,3,2,A2649
P2750,Silver Oak Apartments,Apartment,Bangalore,KA,6/5/2026,8655179,1550,2,2,A2650
P2751,Prime Office Space,Commercial,Bangalore,KA,6/6/2026,8190406,3388,3,2,A2651
P2752,Future City Plot,Plot,Bangalore,KA,6/7/2026,6663697,1158,3,2,A2652
P2753,Emerald Villas,Villa,Bangalore,KA,6/8/2026,5571169,2187,3,2,A2653
P2754,Silver Oak Apartments,Apartment,Bangalore,KA,6/9/2026,5391364,2136,3,2,A2654
P2755,Prime Office Space,Commercial,Bangalore,KA,6/10/2026,8242627,3994,3,2,A2655
P2756,Future City Plot,Plot,Bangalore,KA,6/11/2026,7538310,1609,3,2,A2656
P2757,Emerald Villas,Villa,Bangalore,KA,6/12/2026,8683759,4319,3,2,A2657
P2758,Silver Oak Apartments,Apartment,Bangalore,KA,6/13/2026,6475477,2297,2,2,A2658
P2759,Prime Office Space,Commercial,Bangalore,KA,6/14/2026,9487252,1703,3,2,A2659
P2760,Future City Plot,Plot,Bangalore,KA,6/15/2026,5032370,1701,3,2,A2660
P2761,Emerald Villas,Villa,Bangalore,KA,6/16/2026,8115782,3019,3,2,A2661
P2762,Silver Oak Apartments,Apartment,Bangalore,KA,6/17/2026,8275921,2353,3,2,A2662
P2763,Prime Office Space,Commercial,Bangalore,KA,6/18/2026,9059950,4387,3,2,A2663
P2764,Future City Plot,Plot,Bangalore,KA,6/19/2026,5776811,2574,2,2,A2664
P2765,Emerald Villas,Villa,Bangalore,KA,6/20/2026,6191080,2919,4,2,A2665
P2766,Silver Oak Apartments,Apartment,Bangalore,KA,6/21/2026,8475175,1864,2,2,A2666
P2767,Prime Office Space,Commercial,Bangalore,KA,6/22/2026,5291116,3593,3,2,A2667
P2768,Future City Plot,Plot,Bangalore,KA,6/23/2026,7358661,1538,2,2,A2668
P2769,Emerald Villas,Villa,Bangalore,KA,6/24/2026,5487860,2937,4,2,A2669
P2770,Silver Oak Apartments,Apartment,Bangalore,KA,6/25/2026,4680568,2405,3,2,A2670
P2771,Prime Office Space,Commercial,Bangalore,KA,6/26/2026,6622486,4871,3,2,A2671
P2772,Future City Plot,Plot,Bangalore,KA,6/27/2026,6780289,2748,3,2,A2672
P2773,Emerald Villas,Villa,Bangalore,KA,6/28/2026,5758079,3571,3,2,A2673
P2774,Silver Oak Apartments,Apartment,Bangalore,KA,6/29/2026,5198974,1983,2,2,A2674
P2775,Prime Office Space,Commercial,Bangalore,KA,6/30/2026,8066998,2401,4,2,A2675
P2776,Future City Plot,Plot,Bangalore,KA,7/1/2026,7013432,2899,2,2,A2676
P2777,Emerald Villas,Villa,Bangalore,KA,7/2/2026,7132039,4958,4,2,A2677
P2778,Silver Oak Apartments,Apartment,Bangalore,KA,7/3/2026,8876409,1762,3,2,A2678
P2779,Prime Office Space,Commercial,Bangalore,KA,7/4/2026,8225532,4640,4,2,A2679
P2780,Future City Plot,Plot,Bangalore,KA,7/5/2026,7796920,2238,2,2,A2680
P2781,Emerald Villas,Villa,Bangalore,KA,7/6/2026,8869478,2718,4,2,A2681
P2782,Silver Oak Apartments,Apartment,Bangalore,KA,7/7/2026,9383120,1898,2,2,A2682
P2783,Prime Office Space,Commercial,Bangalore,KA,7/8/2026,9328581,3587,3,2,A2683
P2784,Future City Plot,Plot,Bangalore,KA,7/9/2026,4980205,2654,2,2,A2684
P2785,Emerald Villas,Villa,Bangalore,KA,7/10/2026,9072134,2867,4,2,A2685
P2786,Silver Oak Apartments,Apartment,Bangalore,KA,7/11/2026,5016496,2374,2,2,A2686
P2787,Prime Office Space,Commercial,Bangalore,KA,7/12/2026,6362878,2541,3,2,A2687
P2788,Future City Plot,Plot,Bangalore,KA,7/13/2026,7333947,1579,3,2,A2688
P2789,Emerald Villas,Villa,Bangalore,KA,7/14/2026,9281417,2602,3,2,A2689
P2790,Silver Oak Apartments,Apartment,Bangalore,KA,7/15/2026,7583615,1761,2,2,A2690
P2791,Prime Office Space,Commercial,Bangalore,KA,7/16/2026,6308768,3029,4,2,A2691
P2792,Future City Plot,Plot,Bangalore,KA,7/17/2026,5892502,1701,3,2,A2692
P2793,Emerald Villas,Villa,Bangalore,KA,7/18/2026,5593393,3631,3,2,A2693
P2794,Silver Oak Apartments,Apartment,Bangalore,KA,7/19/2026,7702348,2126,3,2,A2694
P2795,Prime Office Space,Commercial,Bangalore,KA,7/20/2026,5363963,3877,4,2,A2695
P2796,Future City Plot,Plot,Bangalore,KA,7/21/2026,6651439,1007,3,2,A2696
P2797,Emerald Villas,Villa,Bangalore,KA,7/22/2026,6662100,3820,3,2,A2697
P2798,Silver Oak Apartments,Apartment,Bangalore,KA,7/23/2026,8135112,1767,3,2,A2698
P2799,Prime Office Space,Commercial,Bangalore,KA,7/24/2026,6062616,4761,3,2,A2699
P2800,Future City Plot,Plot,Bangalore,KA,7/25/2026,5382863,1822,3,2,A2700
P2801,Emerald Villas,Villa,Bangalore,KA,7/26/2026,7877415,4286,4,2,A2701
P2802,Silver Oak Apartments,Apartment,Bangalore,KA,7/27/2026,8500638,2075,3,2,A2702
P2803,Prime Office Space,Commercial,Bangalore,KA,7/28/2026,6393467,4150,3,2,A2703
P2804,Future City Plot,Plot,Bangalore,KA,7/29/2026,8195900,2558,2,2,A2704
P2805,Emerald Villas,Villa,Bangalore,KA,7/30/2026,8052756,4619,4,2,A2705
P2806,Silver Oak Apartments,Apartment,Bangalore,KA,7/31/2026,5095128,2493,3,2,A2706
P2807,Prime Office Space,Commercial,Bangalore,KA,8/1/2026,9054116,4449,4,2,A2707
P2808,Future City Plot,Plot,Bangalore,KA,8/2/2026,5705419,2691,3,2,A2708
P2809,Emerald Villas,Villa,Bangalore,KA,8/3/2026,8715259,2112,3,2,A2709
P2810,Silver Oak Apartments,Apartment,Bangalore,KA,8/4/2026,4673113,1946,2,2,A2710
P2811,Prime Office Space,Commercial,Bangalore,KA,8/5/2026,7189582,2352,3,2,A2711
P2812,Future City Plot,Plot,Bangalore,KA,8/6/2026,6064890,1995,3,2,A2712
P2813,Emerald Villas,Villa,Bangalore,KA,8/7/2026,5166643,3613,4,2,A2713
P2814,Silver Oak Apartments,Apartment,Bangalore,KA,8/8/2026,4686858,2235,3,2,A2714
P2815,Prime Office Space,Commercial,Bangalore,KA,8/9/2026,6165808,2631,4,2,A2715
P2816,Future City Plot,Plot,Bangalore,KA,8/10/2026,5613755,1987,2,2,A2716
P2817,Emerald Villas,Villa,Bangalore,KA,8/11/2026,6540103,3244,3,2,A2717
P2818,Silver Oak Apartments,Apartment,Bangalore,KA,8/12/2026,9062766,2163,3,2,A2718
P2819,Prime Office Space,Commercial,Bangalore,KA,8/13/2026,4789365,3479,3,2,A2719
P2820,Future City Plot,Plot,Bangalore,KA,8/14/2026,7237534,1746,3,2,A2720
P2821,Emerald Villas,Villa,Bangalore,KA,8/15/2026,4515477,2049,3,2,A2721
P2822,Silver Oak Apartments,Apartment,Bangalore,KA,8/16/2026,6494489,1974,2,2,A2722
P2823,Prime Office Space,Commercial,Bangalore,KA,8/17/2026,6004227,3638,3,2,A2723
P2824,Future City Plot,Plot,Bangalore,KA,8/18/2026,5244766,2586,3,2,A2724
P2825,Emerald Villas,Villa,Bangalore,KA,8/19/2026,7423485,3803,4,2,A2725
P2826,Silver Oak Apartments,Apartment,Bangalore,KA,8/20/2026,5368892,1770,2,2,A2726
P2827,Prime Office Space,Commercial,Bangalore,KA,8/21/2026,7311595,1352,4,2,A2727
P2828,Future City Plot,Plot,Bangalore,KA,8/22/2026,4824192,2505,3,2,A2728
P2829,Emerald Villas,Villa,Bangalore,KA,8/23/2026,8558634,2296,3,2,A2729
P2830,Silver Oak Apartments,Apartment,Bangalore,KA,8/24/2026,7658023,1865,3,2,A2730
P2831,Prime Office Space,Commercial,Bangalore,KA,8/25/2026,6488890,2695,4,2,A2731
P2832,Future City Plot,Plot,Bangalore,KA,8/26/2026,4731393,1098,2,2,A2732
P2833,Emerald Villas,Villa,Bangalore,KA,8/27/2026,9014463,4561,3,2,A2733
P2834,Silver Oak Apartments,Apartment,Bangalore,KA,8/28/2026,5952951,2364,2,2,A2734
P2835,Prime Office Space,Commercial,Bangalore,KA,8/29/2026,4546251,1286,3,2,A2735
P2836,Future City Plot,Plot,Bangalore,KA,8/30/2026,8897515,1497,3,2,A2736
P2837,Emerald Villas,Villa,Bangalore,KA,8/31/2026,7843670,2176,3,2,A2737
P2838,Silver Oak Apartments,Apartment,Bangalore,KA,9/1/2026,7014696,1607,3,2,A2738
P2839,Prime Office Space,Commercial,Bangalore,KA,9/2/2026,8656943,4521,3,2,A2739
P2840,Future City Plot,Plot,Bangalore,KA,9/3/2026,6329586,2190,3,2,A2740
P2841,Emerald Villas,Villa,Bangalore,KA,9/4/2026,6092109,2586,3,2,A2741
P2842,Silver Oak Apartments,Apartment,Bangalore,KA,9/5/2026,7852537,2313,3,2,A2742
P2843,Prime Office Space,Commercial,Bangalore,KA,9/6/2026,8884640,2809,4,2,A2743
P2844,Future City Plot,Plot,Bangalore,KA,9/7/2026,8995349,1924,2,2,A2744
P2845,Emerald Villas,Villa,Bangalore,KA,9/8/2026,9218069,2056,4,2,A2745
P2846,Silver Oak Apartments,Apartment,Bangalore,KA,9/9/2026,5650384,1641,2,2,A2746
P2847,Prime Office Space,Commercial,Bangalore,KA,9/10/2026,6319144,4092,3,2,A2747
P2848,Future City Plot,Plot,Bangalore,KA,9/11/2026,7717249,1049,2,2,A2748
P2849,Emerald Villas,Villa,Bangalore,KA,9/12/2026,8987029,3100,3,2,A2749
P2850,Silver Oak Apartments,Apartment,Bangalore,KA,9/13/2026,7500482,1751,2,2,A2750
P2851,Prime Office Space,Commercial,Bangalore,KA,9/14/2026,7737046,2937,4,2,A2751
P2852,Future City Plot,Plot,Bangalore,KA,9/15/2026,9230047,2449,2,2,A2752
P2853,Emerald Villas,Villa,Bangalore,KA,9/16/2026,8118198,2393,4,2,A2753
P2854,Silver Oak Apartments,Apartment,Bangalore,KA,9/17/2026,9066960,2365,2,2,A2754
P2855,Prime Office Space,Commercial,Bangalore,KA,9/18/2026,7922189,3598,4,2,A2755
P2856,Future City Plot,Plot,Bangalore,KA,9/19/2026,8763760,1199,3,2,A2756
P2857,Emerald Villas,Villa,Bangalore,KA,9/20/2026,7210028,4135,3,2,A2757
P2858,Silver Oak Apartments,Apartment,Bangalore,KA,9/21/2026,7838293,2357,3,2,A2758
P2859,Prime Office Space,Commercial,Bangalore,KA,9/22/2026,7081324,3981,4,2,A2759
P2860,Future City Plot,Plot,Bangalore,KA,9/23/2026,5525772,2385,3,2,A2760
P2861,Emerald Villas,Villa,Bangalore,KA,9/24/2026,5681239,4888,3,2,A2761
P2862,Silver Oak Apartments,Apartment,Bangalore,KA,9/25/2026,9273591,2143,3,2,A2762
P2863,Prime Office Space,Commercial,Bangalore,KA,9/26/2026,5884094,1881,3,2,A2763
P2864,Future City Plot,Plot,Bangalore,KA,9/27/2026,7740535,1323,2,2,A2764
P2865,Emerald Villas,Villa,Bangalore,KA,9/28/2026,9305779,2870,3,2,A2765
P2866,Silver Oak Apartments,Apartment,Bangalore,KA,9/29/2026,7512925,1555,2,2,A2766
P2867,Prime Office Space,Commercial,Bangalore,KA,9/30/2026,7812257,3521,4,2,A2767
P2868,Future City Plot,Plot,Bangalore,KA,10/1/2026,6773160,2268,3,2,A2768
P2869,Emerald Villas,Villa,Bangalore,KA,10/2/2026,7732214,4864,4,2,A2769
P2870,Silver Oak Apartments,Apartment,Bangalore,KA,10/3/2026,5167548,2479,3,2,A2770
P2871,Prime Office Space,Commercial,Bangalore,KA,10/4/2026,5711571,2453,3,2,A2771
P2872,Future City Plot,Plot,Bangalore,KA,10/5/2026,7827167,1651,2,2,A2772
P2873,Emerald Villas,Villa,Bangalore,KA,10/6/2026,6368675,2233,3,2,A2773
P2874,Silver Oak Apartments,Apartment,Bangalore,KA,10/7/2026,7256054,2484,2,2,A2774
P2875,Prime Office Space,Commercial,Bangalore,KA,10/8/2026,4948183,4369,4,2,A2775
P2876,Future City Plot,Plot,Bangalore,KA,10/9/2026,5313383,2300,2,2,A2776
P2877,Emerald Villas,Villa,Bangalore,KA,10/10/2026,7998654,4605,4,2,A2777
P2878,Silver Oak Apartments,Apartment,Bangalore,KA,10/11/2026,8681499,1931,2,2,A2778
P2879,Prime Office Space,Commercial,Bangalore,KA,10/12/2026,8027999,1897,4,2,A2779
P2880,Future City Plot,Plot,Bangalore,KA,10/13/2026,8657634,1681,3,2,A2780
P2881,Emerald Villas,Villa,Bangalore,KA,10/14/2026,5565271,3441,4,2,A2781
P2882,Silver Oak Apartments,Apartment,Bangalore,KA,10/15/2026,4607113,2085,2,2,A2782
P2883,Prime Office Space,Commercial,Bangalore,KA,10/16/2026,7254912,2800,3,2,A2783
P2884,Future City Plot,Plot,Bangalore,KA,10/17/2026,6818305,1824,2,2,A2784
P2885,Emerald Villas,Villa,Bangalore,KA,10/18/2026,8067262,3648,3,2,A2785
P2886,Silver Oak Apartments,Apartment,Bangalore,KA,10/19/2026,6503403,2264,2,2,A2786
P2887,Prime Office Space,Commercial,Bangalore,KA,10/20/2026,5906753,2241,3,2,A2787
P2888,Future City Plot,Plot,Bangalore,KA,10/21/2026,8192080,2308,3,2,A2788
P2889,Emerald Villas,Villa,Bangalore,KA,10/22/2026,5285449,2285,4,2,A2789
P2890,Silver Oak Apartments,Apartment,Bangalore,KA,10/23/2026,7287269,1714,2,2,A2790
P2891,Prime Office Space,Commercial,Bangalore,KA,10/24/2026,6787802,1067,3,2,A2791
P2892,Future City Plot,Plot,Bangalore,KA,10/25/2026,7828600,2880,3,2,A2792
P2893,Emerald Villas,Villa,Bangalore,KA,10/26/2026,4584184,4139,4,2,A2793
P2894,Silver Oak Apartments,Apartment,Bangalore,KA,10/27/2026,6514188,2152,2,2,A2794
P2895,Prime Office Space,Commercial,Bangalore,KA,10/28/2026,5575139,1070,3,2,A2795
P2896,Future City Plot,Plot,Bangalore,KA,10/29/2026,8229304,2304,3,2,A2796
P2897,Emerald Villas,Villa,Bangalore,KA,10/30/2026,7351930,3944,4,2,A2797
P2898,Silver Oak Apartments,Apartment,Bangalore,KA,10/31/2026,4806696,1898,2,2,A2798
P2899,Prime Office Space,Commercial,Bangalore,KA,11/1/2026,8651854,2292,3,2,A2799
P2900,Future City Plot,Plot,Bangalore,KA,11/2/2026,5172123,1407,2,2,A2800
P2901,Emerald Villas,Villa,Bangalore,KA,11/3/2026,8003999,4770,3,2,A2801
P2902,Silver Oak Apartments,Apartment,Bangalore,KA,11/4/2026,8350653,2318,3,2,A2802
P2903,Prime Office Space,Commercial,Bangalore,KA,11/5/2026,9255142,3084,4,2,A2803
P2904,Future City Plot,Plot,Bangalore,KA,11/6/2026,7176737,1413,3,2,A2804
P2905,Emerald Villas,Villa,Bangalore,KA,11/7/2026,5208491,2702,3,2,A2805
P2906,Silver Oak Apartments,Apartment,Bangalore,KA,11/8/2026,4520197,2186,2,2,A2806
P2907,Prime Office Space,Commercial,Bangalore,KA,11/9/2026,9154384,3294,4,2,A2807
P2908,Future City Plot,Plot,Bangalore,KA,11/10/2026,7405430,2084,2,2,A2808
P2909,Emerald Villas,Villa,Bangalore,KA,11/11/2026,5016960,3157,3,2,A2809
P2910,Silver Oak Apartments,Apartment,Bangalore,KA,11/12/2026,9248456,2017,3,2,A2810
P2911,Prime Office Space,Commercial,Bangalore,KA,11/13/2026,7393318,2209,4,2,A2811
P2912,Future City Plot,Plot,Bangalore,KA,11/14/2026,8758570,2247,3,2,A2812
P2913,Emerald Villas,Villa,Bangalore,KA,11/15/2026,7842992,3845,3,2,A2813
P2914,Silver Oak Apartments,Apartment,Bangalore,KA,11/16/2026,4717231,1790,2,2,A2814
P2915,Prime Office Space,Commercial,Bangalore,KA,11/17/2026,4629251,4615,3,2,A2815
P2916,Future City Plot,Plot,Bangalore,KA,11/18/2026,7701803,2321,3,2,A2816
P2917,Emerald Villas,Villa,Bangalore,KA,11/19/2026,7981024,4435,3,2,A2817
P2918,Silver Oak Apartments,Apartment,Bangalore,KA,11/20/2026,8984302,2393,3,2,A2818
P2919,Prime Office Space,Commercial,Bangalore,KA,11/21/2026,4575908,4385,3,2,A2819
P2920,Future City Plot,Plot,Bangalore,KA,11/22/2026,5954059,1148,3,2,A2820
P2921,Emerald Villas,Villa,Bangalore,KA,11/23/2026,6886181,4876,3,2,A2821
P2922,Silver Oak Apartments,Apartment,Bangalore,KA,11/24/2026,8421619,1790,3,2,A2822
P2923,Prime Office Space,Commercial,Bangalore,KA,11/25/2026,6452277,4720,3,2,A2823
P2924,Future City Plot,Plot,Bangalore,KA,11/26/2026,7197586,1374,2,2,A2824
P2925,Emerald Villas,Villa,Bangalore,KA,11/27/2026,6745536,2064,3,2,A2825
P2926,Silver Oak Apartments,Apartment,Bangalore,KA,11/28/2026,9440428,1652,3,2,A2826
P2927,Prime Office Space,Commercial,Bangalore,KA,11/29/2026,9009758,4888,4,2,A2827
P2928,Future City Plot,Plot,Bangalore,KA,11/30/2026,6565596,1906,2,2,A2828
P2929,Emerald Villas,Villa,Bangalore,KA,12/1/2026,9043096,4664,3,2,A2829
P2930,Silver Oak Apartments,Apartment,Bangalore,KA,12/2/2026,8601413,1800,2,2,A2830
P2931,Prime Office Space,Commercial,Bangalore,KA,12/3/2026,9231140,4933,3,2,A2831
P2932,Future City Plot,Plot,Bangalore,KA,12/4/2026,5784714,1182,2,2,A2832
P2933,Emerald Villas,Villa,Bangalore,KA,12/5/2026,8031987,3136,4,2,A2833
P2934,Silver Oak Apartments,Apartment,Bangalore,KA,12/6/2026,8331457,2383,3,2,A2834
P2935,Prime Office Space,Commercial,Bangalore,KA,12/7/2026,6095349,2899,3,2,A2835
P2936,Future City Plot,Plot,Bangalore,KA,12/8/2026,5324293,1851,3,2,A2836
P2937,Emerald Villas,Villa,Bangalore,KA,12/9/2026,7060655,2260,4,2,A2837
P2938,Silver Oak Apartments,Apartment,Bangalore,KA,12/10/2026,5484368,1843,3,2,A2838
P2939,Prime Office Space,Commercial,Bangalore,KA,12/11/2026,7749452,3160,4,2,A2839
P2940,Future City Plot,Plot,Bangalore,KA,12/12/2026,8746767,1682,2,2,A2840
P2941,Emerald Villas,Villa,Bangalore,KA,12/13/2026,8846375,3469,3,2,A2841
P2942,Silver Oak Apartments,Apartment,Bangalore,KA,12/14/2026,4871261,2129,2,2,A2842
P2943,Prime Office Space,Commercial,Bangalore,KA,12/15/2026,8342800,3717,3,2,A2843
P2944,Future City Plot,Plot,Bangalore,KA,12/16/2026,5348699,2776,3,2,A2844
P2945,Emerald Villas,Villa,Bangalore,KA,12/17/2026,5156050,2780,3,2,A2845
P2946,Silver Oak Apartments,Apartment,Bangalore,KA,12/18/2026,9447701,2177,3,2,A2846
P2947,Prime Office Space,Commercial,Bangalore,KA,12/19/2026,8399124,2887,3,2,A2847
P2948,Future City Plot,Plot,Bangalore,KA,12/20/2026,6790340,1418,2,2,A2848
P2949,Emerald Villas,Villa,Bangalore,KA,12/21/2026,8341345,4731,4,2,A2849
P2950,Silver Oak Apartments,Apartment,Bangalore,KA,12/22/2026,7799284,1944,3,2,A2850
P2951,Prime Office Space,Commercial,Bangalore,KA,12/23/2026,6737853,3840,4,2,A2851
P2952,Future City Plot,Plot,Bangalore,KA,12/24/2026,7659610,1656,2,2,A2852
P2953,Emerald Villas,Villa,Bangalore,KA,12/25/2026,9182738,3242,3,2,A2853
P2954,Silver Oak Apartments,Apartment,Bangalore,KA,12/26/2026,7560287,2003,2,2,A2854
P2955,Prime Office Space,Commercial,Bangalore,KA,12/27/2026,9024384,2403,3,2,A2855
P2956,Future City Plot,Plot,Bangalore,KA,12/28/2026,7692971,2241,2,2,A2856
P2957,Emerald Villas,Villa,Bangalore,KA,12/29/2026,9267326,4850,4,2,A2857
P2958,Silver Oak Apartments,Apartment,Bangalore,KA,12/30/2026,7468990,2306,2,2,A2858
P2959,Prime Office Space,Commercial,Bangalore,KA,12/31/2026,5241172,3600,4,2,A2859
P2960,Future City Plot,Plot,Bangalore,KA,1/1/2018,6096341,1370,2,2,A2860
P2961,Emerald Villas,Villa,Bangalore,KA,1/2/2018,7197062,2430,4,2,A2861
P2962,Silver Oak Apartments,Apartment,Bangalore,KA,1/3/2018,7113114,2220,2,2,A2862
P2963,Prime Office Space,Commercial,Bangalore,KA,1/4/2018,7363319,3232,4,2,A2863
P2964,Future City Plot,Plot,Bangalore,KA,1/5/2018,4840578,1483,2,2,A2864
P2965,Emerald Villas,Villa,Bangalore,KA,1/6/2018,7698514,3345,3,2,A2865
P2966,Silver Oak Apartments,Apartment,Bangalore,KA,1/7/2018,8066671,1751,3,2,A2866
P2967,Prime Office Space,Commercial,Bangalore,KA,1/8/2018,7014779,1410,4,2,A2867
P2968,Future City Plot,Plot,Bangalore,KA,1/9/2018,6588843,1756,3,2,A2868
P2969,Emerald Villas,Villa,Bangalore,KA,1/10/2018,7659298,2991,4,2,A2869
P2970,Silver Oak Apartments,Apartment,Bangalore,KA,1/11/2018,6797459,2067,3,2,A2870
P2971,Prime Office Space,Commercial,Bangalore,KA,1/12/2018,5928502,3703,3,2,A2871
P2972,Future City Plot,Plot,Bangalore,KA,1/13/2018,7514350,1556,3,2,A2872
P2973,Emerald Villas,Villa,Bangalore,KA,1/14/2018,4600839,4574,4,2,A2873
P2974,Silver Oak Apartments,Apartment,Bangalore,KA,1/15/2018,6374011,2103,3,2,A2874
P2975,Prime Office Space,Commercial,Bangalore,KA,1/16/2018,6764354,1047,3,2,A2875
P2976,Future City Plot,Plot,Bangalore,KA,1/17/2018,9207567,1263,2,2,A2876
P2977,Emerald Villas,Villa,Bangalore,KA,1/18/2018,9383545,3134,3,2,A2877
P2978,Silver Oak Apartments,Apartment,Bangalore,KA,1/19/2018,7839191,1918,3,2,A2878
P2979,Prime Office Space,Commercial,Bangalore,KA,1/20/2018,5083079,4464,4,2,A2879
P2980,Future City Plot,Plot,Bangalore,KA,1/21/2018,5876263,2326,2,2,A2880
P2981,Emerald Villas,Villa,Bangalore,KA,1/22/2018,6711346,4931,3,2,A2881
P2982,Silver Oak Apartments,Apartment,Bangalore,KA,1/23/2018,6666653,1592,2,2,A2882
P2983,Prime Office Space,Commercial,Bangalore,KA,1/24/2018,7663137,3866,3,2,A2883
P2984,Future City Plot,Plot,Bangalore,KA,1/25/2018,8023443,1253,2,2,A2884
P2985,Emerald Villas,Villa,Bangalore,KA,1/26/2018,7053249,3480,3,2,A2885
P2986,Silver Oak Apartments,Apartment,Bangalore,KA,1/27/2018,8579281,1939,2,2,A2886
P2987,Prime Office Space,Commercial,Bangalore,KA,1/28/2018,6342078,3428,3,2,A2887
P2988,Future City Plot,Plot,Bangalore,KA,1/29/2018,6943126,1415,3,2,A2888
P2989,Emerald Villas,Villa,Bangalore,KA,1/30/2018,9367704,4283,3,2,A2889
P2990,Silver Oak Apartments,Apartment,Bangalore,KA,1/31/2018,5622904,2250,2,2,A2890
P2991,Prime Office Space,Commercial,Bangalore,KA,2/1/2018,7567572,3241,4,2,A2891
P2992,Future City Plot,Plot,Bangalore,KA,2/2/2018,7321834,2367,3,2,A2892
P2993,Emerald Villas,Villa,Bangalore,KA,2/3/2018,7225147,2806,3,2,A2893
P2994,Silver Oak Apartments,Apartment,Bangalore,KA,2/4/2018,5116615,2288,2,2,A2894
P2995,Prime Office Space,Commercial,Bangalore,KA,2/5/2018,5005067,2840,3,2,A2895
P2996,Future City Plot,Plot,Bangalore,KA,2/6/2018,8916028,1841,2,2,A2896
P2997,Emerald Villas,Villa,Bangalore,KA,2/7/2018,7199240,4594,4,2,A2897
P2998,Silver Oak Apartments,Apartment,Bangalore,KA,2/8/2018,4709465,1708,3,2,A2898
P2999,Prime Office Space,Commercial,Bangalore,KA,2/9/2018,6942408,1391,3,2,A2899
P3000,Future City Plot,Plot,Bangalore,KA,2/10/2018,7551265,2707,2,2,A2900
P3001,Silver Oak Apartments,Apartment,Bangalore,KA,1/31/2018,7616006,2010,3,2,A2901
P3002,Silver Oak Apartments,Apartment,Bangalore,KA,2/1/2018,8463403,1652,3,2,A2902
P3003,Silver Oak Apartments,Apartment,Bangalore,KA,2/2/2018,8716505,2347,2,2,A2903
P3004,Silver Oak Apartments,Apartment,Bangalore,KA,2/3/2018,7573533,2072,3,2,A2904
P3005,Silver Oak Apartments,Apartment,Bangalore,KA,2/4/2018,8056117,2264,2,2,A2905
P3006,Silver Oak Apartments,Apartment,Bangalore,KA,2/5/2018,7722260,2100,2,2,A2906
P3007,Silver Oak Apartments,Apartment,Bangalore,KA,2/6/2018,8451750,2088,2,2,A2907
P3008,Silver Oak Apartments,Apartment,Bangalore,KA,2/7/2018,5200520,2106,2,2,A2908
P3009,Silver Oak Apartments,Apartment,Bangalore,KA,2/8/2018,6539244,2291,3,2,A2909
P3010,Silver Oak Apartments,Apartment,Bangalore,KA,2/9/2018,9297868,1814,2,2,A2910
P3011,Silver Oak Apartments,Apartment,Bangalore,KA,2/10/2018,8800888,1840,3,2,A2911
P3012,Silver Oak Apartments,Apartment,Bangalore,KA,2/11/2018,8956774,1729,3,2,A2912
P3013,Silver Oak Apartments,Apartment,Bangalore,KA,2/12/2018,8438160,1673,3,2,A2913
P3014,Silver Oak Apartments,Apartment,Bangalore,KA,2/13/2018,9453000,2131,3,2,A2914
P3015,Silver Oak Apartments,Apartment,Bangalore,KA,2/14/2018,7831970,2294,2,2,A2915
P3016,Silver Oak Apartments,Apartment,Bangalore,KA,2/15/2018,6007601,1814,2,2,A2916
P3017,Silver Oak Apartments,Apartment,Bangalore,KA,2/16/2018,9033817,2112,2,2,A2917
P3018,Silver Oak Apartments,Apartment,Bangalore,KA,2/17/2018,8023146,1859,2,2,A2918
P3019,Silver Oak Apartments,Apartment,Bangalore,KA,2/18/2018,6558241,1683,2,2,A2919
P3020,Silver Oak Apartments,Apartment,Bangalore,KA,2/19/2018,9102886,2095,3,2,A2920
P3021,Silver Oak Apartments,Apartment,Bangalore,KA,2/20/2018,7608747,1722,3,2,A2921
P3022,Silver Oak Apartments,Apartment,Bangalore,KA,2/21/2018,8445872,2305,2,2,A2922
P3023,Silver Oak Apartments,Apartment,Bangalore,KA,2/22/2018,5851498,1576,3,2,A2923
P3024,Silver Oak Apartments,Apartment,Bangalore,KA,2/23/2018,9090489,1683,2,2,A2924
P3025,Silver Oak Apartments,Apartment,Bangalore,KA,2/24/2018,6576000,2443,3,2,A2925
P3026,Silver Oak Apartments,Apartment,Bangalore,KA,2/25/2018,6128730,1604,2,2,A2926
P3027,Silver Oak Apartments,Apartment,Bangalore,KA,2/26/2018,5697724,2268,2,2,A2927
P3028,Silver Oak Apartments,Apartment,Bangalore,KA,2/27/2018,6548770,2100,3,2,A2928
P3029,Silver Oak Apartments,Apartment,Bangalore,KA,2/28/2018,6838541,1737,3,2,A2929
P3030,Silver Oak Apartments,Apartment,Bangalore,KA,3/1/2018,4780075,1946,2,2,A2930
P3031,Silver Oak Apartments,Apartment,Bangalore,KA,3/2/2018,5781636,1697,3,2,A2931
P3032,Silver Oak Apartments,Apartment,Bangalore,KA,3/3/2018,9255945,1530,3,2,A2932
P3033,Silver Oak Apartments,Apartment,Bangalore,KA,3/4/2018,7141556,2098,3,2,A2933
P3034,Silver Oak Apartments,Apartment,Bangalore,KA,3/5/2018,6871504,2290,3,2,A2934
P3035,Silver Oak Apartments,Apartment,Bangalore,KA,3/6/2018,5004075,1950,2,2,A2935
P3036,Silver Oak Apartments,Apartment,Bangalore,KA,3/7/2018,8273498,2135,3,2,A2936
P3037,Silver Oak Apartments,Apartment,Bangalore,KA,3/8/2018,8561505,1749,2,2,A2937
P3038,Silver Oak Apartments,Apartment,Bangalore,KA,3/9/2018,5467364,2076,3,2,A2938
P3039,Silver Oak Apartments,Apartment,Bangalore,KA,3/10/2018,4792948,1595,3,2,A2939
P3040,Silver Oak Apartments,Apartment,Bangalore,KA,3/11/2018,8741289,1748,3,2,A2940
P3041,Silver Oak Apartments,Apartment,Bangalore,KA,3/12/2018,5307597,1696,3,2,A2941
P3042,Silver Oak Apartments,Apartment,Bangalore,KA,3/13/2018,8015109,1596,2,2,A2942
P3043,Silver Oak Apartments,Apartment,Bangalore,KA,3/14/2018,5813758,1507,3,2,A2943
P3044,Silver Oak Apartments,Apartment,Bangalore,KA,3/15/2018,8049548,2004,3,2,A2944
P3045,Silver Oak Apartments,Apartment,Bangalore,KA,3/16/2018,6572408,2041,2,2,A2945
P3046,Silver Oak Apartments,Apartment,Bangalore,KA,3/17/2018,7531886,1985,3,2,A2946
P3047,Silver Oak Apartments,Apartment,Bangalore,KA,3/18/2018,9372773,2303,3,2,A2947
P3048,Silver Oak Apartments,Apartment,Bangalore,KA,3/19/2018,5303855,2317,3,2,A2948
P3049,Silver Oak Apartments,Apartment,Bangalore,KA,3/20/2018,5306647,2327,2,2,A2949
P3050,Silver Oak Apartments,Apartment,Bangalore,KA,3/21/2018,9012834,2052,2,2,A2950
P3051,Silver Oak Apartments,Apartment,Bangalore,KA,3/22/2018,7205569,1702,2,2,A2951
P3052,Silver Oak Apartments,Apartment,Bangalore,KA,3/23/2018,7913816,1529,3,2,A2952
P3053,Silver Oak Apartments,Apartment,Bangalore,KA,3/24/2018,4637933,2189,2,2,A2953
P3054,Silver Oak Apartments,Apartment,Bangalore,KA,3/25/2018,6758007,2332,3,2,A2954
P3055,Silver Oak Apartments,Apartment,Bangalore,KA,3/26/2018,9173007,2280,3,2,A2955
P3056,Silver Oak Apartments,Apartment,Bangalore,KA,3/27/2018,7184507,2157,2,2,A2956
P3057,Silver Oak Apartments,Apartment,Bangalore,KA,3/28/2018,7095087,2444,3,2,A2957
P3058,Silver Oak Apartments,Apartment,Bangalore,KA,3/29/2018,6331935,2334,2,2,A2958
P3059,Silver Oak Apartments,Apartment,Bangalore,KA,3/30/2018,6819560,1584,3,2,A2959
P3060,Silver Oak Apartments,Apartment,Bangalore,KA,3/31/2018,5713147,1561,2,2,A2960
P3061,Silver Oak Apartments,Apartment,Bangalore,KA,4/1/2018,6712608,2135,3,2,A2961
P3062,Silver Oak Apartments,Apartment,Bangalore,KA,4/2/2018,7383996,1797,3,2,A2962
P3063,Silver Oak Apartments,Apartment,Bangalore,KA,4/3/2018,8382237,2069,3,2,A2963
P3064,Silver Oak Apartments,Apartment,Bangalore,KA,4/4/2018,8595310,2442,2,2,A2964
P3065,Silver Oak Apartments,Apartment,Bangalore,KA,4/5/2018,5026022,2439,2,2,A2965
P3066,Silver Oak Apartments,Apartment,Bangalore,KA,4/6/2018,7661546,1529,2,2,A2966
P3067,Silver Oak Apartments,Apartment,Bangalore,KA,4/7/2018,7550207,2137,3,2,A2967
P3068,Silver Oak Apartments,Apartment,Bangalore,KA,4/8/2018,9285930,2338,2,2,A2968
P3069,Silver Oak Apartments,Apartment,Bangalore,KA,4/9/2018,5134479,2007,3,2,A2969
P3070,Silver Oak Apartments,Apartment,Bangalore,KA,4/10/2018,6431417,2144,3,2,A2970
P3071,Silver Oak Apartments,Apartment,Bangalore,KA,4/11/2018,7784762,2252,3,2,A2971
P3072,Silver Oak Apartments,Apartment,Bangalore,KA,4/12/2018,7688858,1680,2,2,A2972
P3073,Silver Oak Apartments,Apartment,Bangalore,KA,4/13/2018,7069618,1709,3,2,A2973
P3074,Silver Oak Apartments,Apartment,Bangalore,KA,4/14/2018,7508479,1558,2,2,A2974
P3075,Silver Oak Apartments,Apartment,Bangalore,KA,4/15/2018,7826182,1692,2,2,A2975
P3076,Silver Oak Apartments,Apartment,Bangalore,KA,4/16/2018,9097424,2478,2,2,A2976
P3077,Silver Oak Apartments,Apartment,Bangalore,KA,4/17/2018,8680861,1760,2,2,A2977
P3078,Silver Oak Apartments,Apartment,Bangalore,KA,4/18/2018,6915634,2178,2,2,A2978
P3079,Silver Oak Apartments,Apartment,Bangalore,KA,4/19/2018,8771160,2455,2,2,A2979
P3080,Silver Oak Apartments,Apartment,Bangalore,KA,4/20/2018,6058386,1590,2,2,A2980
P3081,Silver Oak Apartments,Apartment,Bangalore,KA,4/21/2018,7086416,1959,3,2,A2981
P3082,Silver Oak Apartments,Apartment,Bangalore,KA,4/22/2018,6300729,1508,2,2,A2982
P3083,Silver Oak Apartments,Apartment,Bangalore,KA,4/23/2018,6684223,2222,3,2,A2983
P3084,Silver Oak Apartments,Apartment,Bangalore,KA,4/24/2018,5681756,1853,2,2,A2984
P3085,Silver Oak Apartments,Apartment,Bangalore,KA,4/25/2018,7559001,2246,2,2,A2985
P3086,Silver Oak Apartments,Apartment,Bangalore,KA,4/26/2018,4729177,2489,2,2,A2986
P3087,Silver Oak Apartments,Apartment,Bangalore,KA,4/27/2018,5443161,2022,3,2,A2987
P3088,Silver Oak Apartments,Apartment,Bangalore,KA,4/28/2018,4640386,1855,2,2,A2988
P3089,Silver Oak Apartments,Apartment,Bangalore,KA,4/29/2018,5886096,1773,3,2,A2989
P3090,Silver Oak Apartments,Apartment,Bangalore,KA,4/30/2018,5213432,1570,3,2,A2990
P3091,Silver Oak Apartments,Apartment,Bangalore,KA,5/1/2018,8079897,2479,2,2,A2991
P3092,Silver Oak Apartments,Apartment,Bangalore,KA,5/2/2018,6377668,1981,3,2,A2992
P3093,Silver Oak Apartments,Apartment,Bangalore,KA,5/3/2018,7928389,2079,3,2,A2993
P3094,Silver Oak Apartments,Apartment,Bangalore,KA,5/4/2018,6874120,1653,2,2,A2994
P3095,Silver Oak Apartments,Apartment,Bangalore,KA,5/5/2018,7985811,1741,3,2,A2995
P3096,Silver Oak Apartments,Apartment,Bangalore,KA,5/6/2018,7185039,1592,2,2,A2996
P3097,Silver Oak Apartments,Apartment,Bangalore,KA,5/7/2018,5875147,2464,3,2,A2997
P3098,Silver Oak Apartments,Apartment,Bangalore,KA,5/8/2018,8796028,2125,3,2,A2998
P3099,Silver Oak Apartments,Apartment,Bangalore,KA,5/9/2018,6594135,1902,2,2,A2999
P3100,Silver Oak Apartments,Apartment,Bangalore,KA,5/10/2018,7655878,2448,3,2,A3000
