sale_id,property_id,sale_date,sale_price,buyer_name,payment_method
S001,P101,2/2/2025,6271541,Merle Ingram,Cash
S002,P102,2/3/2025,7500508,John Mayes,Bank Loan
S003,P103,2/4/2025,5812486,Carlos Wille,EMI
S004,P104,2/5/2025,8968866,Michael Bryant,Cheque
S005,P105,2/6/2025,5336196,Paula Douglas,Cash
S006,P106,2/7/2025,7239577,Michael Irving,Bank Loan
S007,P107,2/8/2025,4912856,Marcelle Campbell,EMI
S008,P108,2/9/2025,5150044,Glenda Leal,Cheque
S009,P109,2/10/2025,9207139,Walter Williams,Cash
S010,P110,2/11/2025,4723260,Vanessa Songer,Bank Loan
S011,P111,2/12/2025,5846572,Caitlin Mayhugh,EMI
S012,P112,2/13/2025,4727905,Peter Paris,Cheque
S013,P113,2/14/2025,4514857,Lionel Elsea,Cash
S014,P114,2/15/2025,7236819,Alice Elvin,Bank Loan
S015,P115,2/16/2025,6137583,Carolyn Bell,EMI
S016,P116,2/17/2025,5208319,Robert Stewart,Cheque
S017,P117,2/18/2025,6227418,Josefina Johnson,Cash
S018,P118,2/19/2025,6134350,Mary Abraham,Bank Loan
S019,P119,2/20/2025,4573874,Charles Williams,EMI
S020,P120,2/21/2025,6609599,Michael Mccombs,Cheque
S021,P121,2/22/2025,6312811,Janeen Crume,Cash
S022,P122,2/23/2025,7338539,Delores Parrish,Bank Loan
S023,P123,2/24/2025,6166061,Jim Blue,EMI
S024,P124,2/25/2025,7561983,Anthony Galvan,Cheque
S025,P125,2/26/2025,8683723,Gregory Watts,Cash
S026,P126,2/27/2025,8635938,Susan Kim,Bank Loan
S027,P127,2/28/2025,6663579,Virginia Jean,EMI
S028,P128,3/1/2025,7601841,Latosha Steiner,Cheque
S029,P129,3/2/2025,6943625,Nathanael Nielsen,Cash
S030,P130,3/3/2025,8883697,Ricky Tizon,Bank Loan
S031,P131,3/4/2025,7262775,Doris Ardon,EMI
S032,P132,3/5/2025,5867510,Elaine Pryor,Cheque
S033,P133,3/6/2025,7293379,Craig Nelson,Cash
S034,P134,3/7/2025,7145942,Estella Bynum,Bank Loan
S035,P135,3/8/2025,4896570,William Atherton,EMI
S036,P136,3/9/2025,7740061,Joseph Brown,Cheque
S037,P137,3/10/2025,7715671,Eric Brund,Cash
S038,P138,3/11/2025,5277607,Deon Kidd,Bank Loan
S039,P139,3/12/2025,7635120,Lisa Morris,EMI
S040,P140,3/13/2025,5459300,Jay Anderson,Cheque
S041,P141,3/14/2025,7576706,Lindsey Davila,Cash
S042,P142,3/15/2025,7816101,Robert Boynton,Bank Loan
S043,P143,3/16/2025,9347413,Gregory Stumpff,EMI
S044,P144,3/17/2025,5712178,Carol Waugh,Cheque
S045,P145,3/18/2025,6485404,John Bain,Cash
S046,P146,3/19/2025,9006603,Christopher Harris,Bank Loan
S047,P147,3/20/2025,7921901,Carla Ranieri,EMI
S048,P148,3/21/2025,4937911,Nathan Gonzalez,Cheque
S049,P149,3/22/2025,6521186,Betty Sellner,Cash
S050,P150,3/23/2025,5292000,Maria Isch,Bank Loan
S051,P151,3/24/2025,5289681,Jeremy Primus,EMI
S052,P152,3/25/2025,9094144,Tammy Alvarado,Cheque
S053,P153,3/26/2025,8808023,Kathleen Conner,Cash
S054,P154,3/27/2025,8770465,Michael Cantrell,Bank Loan
S055,P155,3/28/2025,5334479,William Lopez,EMI
S056,P156,3/29/2025,7284072,Christine Carnevale,Cheque
S057,P157,3/30/2025,7047868,Elizabeth Preister,Cash
S058,P158,3/31/2025,5433955,Mary Tillman,Bank Loan
S059,P159,4/1/2025,8079431,Matthew Womack,EMI
S060,P160,4/2/2025,6424050,Patrick Gaylord,Cheque
S061,P161,4/3/2025,7323680,Carson Hess,Cash
S062,P162,4/4/2025,6931665,Paula Linke,Bank Loan
S063,P163,4/5/2025,8602181,Cathy Griffin,EMI
S064,P164,4/6/2025,8072018,Margaret Towne,Cheque
S065,P165,4/7/2025,7675641,Guillermo Daniels,Cash
S066,P166,4/8/2025,4952795,Terry Parks,Bank Loan
S067,P167,4/9/2025,7501480,Curtis Matney,EMI
S068,P168,4/10/2025,9321751,Raleigh Holmes,Cheque
S069,P169,4/11/2025,8393940,James Saleado,Cash
S070,P170,4/12/2025,7447455,Brian Ferris,Bank Loan
S071,P171,4/13/2025,5834360,Patricia Tuplano,EMI
S072,P172,4/14/2025,6539548,Robert Jaynes,Cheque
S073,P173,4/15/2025,8345358,Pilar Brittain,Cash
S074,P174,4/16/2025,5105647,Enrique Daugherty,Bank Loan
S075,P175,4/17/2025,4984964,Amy Kennedy,EMI
S076,P176,4/18/2025,7331078,Rosalyn Wright,Cheque
S077,P177,4/19/2025,9088487,Mark Scott,Cash
S078,P178,4/20/2025,6941554,Mark Turner,Bank Loan
S079,P179,4/21/2025,6916995,Laura Ortiz,EMI
S080,P180,4/22/2025,7787714,Irvin Hubbard,Cheque
S081,P181,4/23/2025,6943853,Robert Danielson,Cash
S082,P182,4/24/2025,7785557,Edgar Salinas,Bank Loan
S083,P183,4/25/2025,8533536,Jeremy Thompson,EMI
S084,P184,4/26/2025,8060037,Lee Manning,Cheque
S085,P185,4/27/2025,8841461,Jennifer Herrera,Cash
S086,P186,4/28/2025,6542185,Ryan Hand,Bank Loan
S087,P187,4/29/2025,5752561,Freddie Smith,EMI
S088,P188,4/30/2025,6534091,William Fetterolf,Cheque
S089,P189,5/1/2025,6731143,David Knowles,Cash
S090,P190,5/2/2025,5519834,Peggy Campbell,Bank Loan
S091,P191,5/3/2025,9270947,Janice Markis,EMI
S092,P192,5/4/2025,5730063,Ted Peyton,Cheque
S093,P193,5/5/2025,5516731,Marcella Jose,Cash
S094,P194,5/6/2025,6727669,Winifred Miller,Bank Loan
S095,P195,5/7/2025,7330915,Christopher Johns,EMI
S096,P196,5/8/2025,4642467,William Kelly,Cheque
S097,P197,5/9/2025,7763923,Jeanette Sanpedro,Cash
S098,P198,5/10/2025,5238711,Harold Infante,Bank Loan
S099,P199,5/11/2025,7124214,Mary Brown,EMI
S100,P200,5/12/2025,7463347,Susan Brown,Cheque
S101,P201,5/13/2025,5711932,Jenifer Paquette,Cash
S102,P202,5/14/2025,6215847,James Rodriquez,Bank Loan
S103,P203,5/15/2025,5282819,Larry Blaze,EMI
S104,P204,5/16/2025,9348847,Aaron Davis,Cheque
S105,P205,5/17/2025,8763076,Marvin Powers,Cash
S106,P206,5/18/2025,8809346,Donald Norris,Bank Loan
S107,P207,5/19/2025,5420002,Sean Uribe,EMI
S108,P208,5/20/2025,6419621,Carol Sortore,Cheque
S109,P209,5/21/2025,9038442,Jeremy Hoffmann,Cash
S110,P210,5/22/2025,6168350,James Mcintyre,Bank Loan
S111,P211,5/23/2025,6765177,Ashley Lane,EMI
S112,P212,5/24/2025,8163725,Ray Schmidt,Cheque
S113,P213,5/25/2025,6014523,Margaret Thomas,Cash
S114,P214,5/26/2025,5484226,Roselyn Nix,Bank Loan
S115,P215,5/27/2025,7235184,Charles West,EMI
S116,P216,5/28/2025,7629763,Anderson Carter,Cheque
S117,P217,5/29/2025,9336550,Maria Steger,Cash
S118,P218,5/30/2025,7122275,Helen Peltz,Bank Loan
S119,P219,5/31/2025,9314407,Edward Larson,EMI
S120,P220,6/1/2025,6228951,Lillie Reddout,Cheque
S121,P221,6/2/2025,8690639,Keith Scherr,Cash
S122,P222,6/3/2025,9026718,Verla Kelly,Bank Loan
S123,P223,6/4/2025,6398747,Margaret Kramer,EMI
S124,P224,6/5/2025,6303628,Doris Verdin,Cheque
S125,P225,6/6/2025,6922776,David Robinson,Cash
S126,P226,6/7/2025,6600927,Evelyn Villarreal,Bank Loan
S127,P227,6/8/2025,9275477,Christine Urbina,EMI
S128,P228,6/9/2025,5729248,Jennifer Lee,Cheque
S129,P229,6/10/2025,9127199,Angel Nicely,Cash
S130,P230,6/11/2025,9043677,Elizabeth Sandow,Bank Loan
S131,P231,6/12/2025,9358582,Maurice Clark,EMI
S132,P232,6/13/2025,7795595,Jerry Dubay,Cheque
S133,P233,6/14/2025,6715938,Migdalia Barbeau,Cash
S134,P234,6/15/2025,6761015,Edward Baxley,Bank Loan
S135,P235,6/16/2025,6791007,Emily Cantrell,EMI
S136,P236,6/17/2025,6151571,Malinda Mckinney,Cheque
S137,P237,6/18/2025,5742837,James Thomas,Cash
S138,P238,6/19/2025,8287836,Linda Mccarthy,Bank Loan
S139,P239,6/20/2025,7871317,Barbara Somma,EMI
S140,P240,6/21/2025,9495889,Denise Dickens,Cheque
S141,P241,6/22/2025,5434297,Mary Carroll,Cash
S142,P242,6/23/2025,9100773,Susan Olsen,Bank Loan
S143,P243,6/24/2025,9291657,Joanne Brady,EMI
S144,P244,6/25/2025,4561764,Benjamin Glass,Cheque
S145,P245,6/26/2025,4506540,David Spencer,Cash
S146,P246,6/27/2025,8798995,Francis Kelly,Bank Loan
S147,P247,6/28/2025,8879943,Ernest Goodier,EMI
S148,P248,6/29/2025,8251176,Robert Ault,Cheque
S149,P249,6/30/2025,4560022,Tanya Chappel,Cash
S150,P250,7/1/2025,4706393,Austin Webb,Bank Loan
S151,P251,7/2/2025,4794425,Mario Mcdiarmid,EMI
S152,P252,7/3/2025,7918374,Ryan Schwartzkopf,Cheque
S153,P253,7/4/2025,7979403,James Bogucki,Cash
S154,P254,7/5/2025,7901797,Avery Hogan,Bank Loan
S155,P255,7/6/2025,5466086,Bart Foust,EMI
S156,P256,7/7/2025,8086385,John Sanders,Cheque
S157,P257,7/8/2025,6276420,Barbara Woodhams,Cash
S158,P258,7/9/2025,6323318,Andrew Ward,Bank Loan
S159,P259,7/10/2025,6957885,David Hollis,EMI
S160,P260,7/11/2025,7097772,William Atkins,Cheque
S161,P261,7/12/2025,6454511,James Encarnacion,Cash
S162,P262,7/13/2025,5055230,Billie Pitts,Bank Loan
S163,P263,7/14/2025,9215025,Ronald Bailey,EMI
S164,P264,7/15/2025,5929849,Ronald Wiggins,Cheque
S165,P265,7/16/2025,8872631,Trina Snider,Cash
S166,P266,7/17/2025,9374668,Johnie Adams,Bank Loan
S167,P267,7/18/2025,4766363,Bradley Glover,EMI
S168,P268,7/19/2025,4854847,Robert Bui,Cheque
S169,P269,7/20/2025,9275982,Tina Bombard,Cash
S170,P270,7/21/2025,7655882,Eddie Pearce,Bank Loan
S171,P271,7/22/2025,9089549,Joann Armwood,EMI
S172,P272,7/23/2025,5165835,Nicolas Freese,Cheque
S173,P273,7/24/2025,4789242,Salvatore Goodness,Cash
S174,P274,7/25/2025,5510397,Richard Sanders,Bank Loan
S175,P275,7/26/2025,5825137,Buck Defoor,EMI
S176,P276,7/27/2025,5863432,Sherry Beasley,Cheque
S177,P277,7/28/2025,5293969,Matthew Bellamy,Cash
S178,P278,7/29/2025,4794307,Mabel Davis,Bank Loan
S179,P279,7/30/2025,9186798,Michele Daley,EMI
S180,P280,7/31/2025,8661800,Sandra Braden,Cheque
S181,P281,8/1/2025,7174480,Sue Alexander,Cash
S182,P282,8/2/2025,7915286,Jean Mcrae,Bank Loan
S183,P283,8/3/2025,9072840,Lois Dabbs,EMI
S184,P284,8/4/2025,8386353,Frank Hylan,Cheque
S185,P285,8/5/2025,9099058,Bertha Bush,Cash
S186,P286,8/6/2025,9245248,Joseph Hagood,Bank Loan
S187,P287,8/7/2025,4958746,Barbara Rushing,EMI
S188,P288,8/8/2025,8537379,John Gilman,Cheque
S189,P289,8/9/2025,9411293,Joyce Tucker,Cash
S190,P290,8/10/2025,5555626,Bobby Phillips,Bank Loan
S191,P291,8/11/2025,7214205,Mary Turner,EMI
S192,P292,8/12/2025,6614502,John Becton,Cheque
S193,P293,8/13/2025,5655119,Rose Leider,Cash
S194,P294,8/14/2025,8092256,Beverley Henrick,Bank Loan
S195,P295,8/15/2025,7712844,Rebecca Cho,EMI
S196,P296,8/16/2025,7583162,Jean Claassen,Cheque
S197,P297,8/17/2025,6730378,Mark Daniel,Cash
S198,P298,8/18/2025,8600633,Anthony Speer,Bank Loan
S199,P299,8/19/2025,4593138,Victor Mcclain,EMI
S200,P300,8/20/2025,4900606,Miguel Bethke,Cheque
S201,P301,8/21/2025,8087901,Peggy Burleigh,Cash
S202,P302,8/22/2025,6068704,Alexandra Hart,Bank Loan
S203,P303,8/23/2025,8140198,Miles Sansone,EMI
S204,P304,8/24/2025,4726880,Margaret Smith,Cheque
S205,P305,8/25/2025,6664948,Raymond Glynn,Cash
S206,P306,8/26/2025,8101248,Earl Nichols,Bank Loan
S207,P307,8/27/2025,5625457,Cindy Hadley,EMI
S208,P308,8/28/2025,7756381,Ingrid Mallin,Cheque
S209,P309,8/29/2025,4634453,Cynthia Do,Cash
S210,P310,8/30/2025,9367718,Doris Vreeland,Bank Loan
S211,P311,8/31/2025,6148168,George Ramsey,EMI
S212,P312,9/1/2025,6878826,Gloria Biederman,Cheque
S213,P313,9/2/2025,9283480,Andres Firkins,Cash
S214,P314,9/3/2025,7782442,Charles Johnson,Bank Loan
S215,P315,9/4/2025,5178692,Peggy Owen,EMI
S216,P316,9/5/2025,6975550,Keith Merino,Cheque
S217,P317,9/6/2025,5295067,Minnie Halloran,Cash
S218,P318,9/7/2025,7879495,Dennis Ewald,Bank Loan
S219,P319,9/8/2025,7315379,Everett Beaver,EMI
S220,P320,9/9/2025,9027529,Leonard Garmon,Cheque
S221,P321,9/10/2025,9433389,Margery Masin,Cash
S222,P322,9/11/2025,4769635,Charles Johnston,Bank Loan
S223,P323,9/12/2025,5548801,Fredric Jenson,EMI
S224,P324,9/13/2025,5695243,Lenore Howell,Cheque
S225,P325,9/14/2025,9342198,Betty Payne,Cash
S226,P326,9/15/2025,6347270,Michael Chapman,Bank Loan
S227,P327,9/16/2025,4662236,Charles Webb,EMI
S228,P328,9/17/2025,8445224,Teresa Hyland,Cheque
S229,P329,9/18/2025,8503090,Autumn Johnson,Cash
S230,P330,9/19/2025,8149796,Jonathan Johnson,Bank Loan
S231,P331,9/20/2025,5043090,James Bowman,EMI
S232,P332,9/21/2025,9344531,Albert Ness,Cheque
S233,P333,9/22/2025,9360643,Janis Sahara,Cash
S234,P334,9/23/2025,5846667,Donna Gunnerson,Bank Loan
S235,P335,9/24/2025,5353123,Roosevelt Leonhardt,EMI
S236,P336,9/25/2025,9228295,Barbara Trigg,Cheque
S237,P337,9/26/2025,4731617,Michael Mann,Cash
S238,P338,9/27/2025,8968019,Neal Gonzalez,Bank Loan
S239,P339,9/28/2025,4919494,Jeffrey Campbell,EMI
S240,P340,9/29/2025,5720845,Troy Dupes,Cheque
S241,P341,9/30/2025,4922055,Lisa Hart,Cash
S242,P342,10/1/2025,8676515,Jacqueline Henricks,Bank Loan
S243,P343,10/2/2025,9027713,Michael Chalmers,EMI
S244,P344,10/3/2025,8613481,Maria Fairley,Cheque
S245,P345,10/4/2025,4957500,Kathryn Morales,Cash
S246,P346,10/5/2025,6683355,Delia Thompson,Bank Loan
S247,P347,10/6/2025,7348650,Joshua Gonzales,EMI
S248,P348,10/7/2025,7104513,Charles Childers,Cheque
S249,P349,10/8/2025,6067761,Kelly Southerland,Cash
S250,P350,10/9/2025,6730034,Jona Hooks,Bank Loan
S251,P351,10/10/2025,7562621,Sarah Trask,EMI
S252,P352,10/11/2025,5188621,Anita Sutton,Cheque
S253,P353,10/12/2025,6859735,Jeffrey Stallings,Cash
S254,P354,10/13/2025,8142929,Eric Bustos,Bank Loan
S255,P355,10/14/2025,5191906,Juan Happel,EMI
S256,P356,10/15/2025,5200127,Eunice Watts,Cheque
S257,P357,10/16/2025,7405174,Charles Hartman,Cash
S258,P358,10/17/2025,8294081,Maria Hildreth,Bank Loan
S259,P359,10/18/2025,7028312,Mallory Riley,EMI
S260,P360,10/19/2025,7524117,Cassandra Luckenbach,Cheque
S261,P361,2/14/2026,5689827,Jesse Bingaman,Cash
S262,P362,2/15/2026,6299402,Margaret Kellar,Bank Loan
S263,P363,2/16/2026,6465409,Stacy Correia,EMI
S264,P364,2/17/2026,7775437,Kevin Murphy,Cheque
S265,P365,2/18/2026,8530261,Van Brandt,Cash
S266,P366,2/19/2026,6808997,Denise Mullis,Bank Loan
S267,P367,2/20/2026,8446369,Miguel Davis,EMI
S268,P368,2/21/2026,6365917,Suzanne Mcmahan,Cheque
S269,P369,2/22/2026,5774850,Kimberly Talamantes,Cash
S270,P370,2/23/2026,7841306,Christine Fehrenbach,Bank Loan
S271,P371,2/24/2026,4693918,John Sosebee,EMI
S272,P372,2/25/2026,5862966,Shannon Norton,Cheque
S273,P373,2/26/2026,8751690,John Brock,Cash
S274,P374,2/27/2026,4611020,Alexandra Pigg,Bank Loan
S275,P375,2/28/2026,8973830,Betty Moreland,EMI
S276,P376,3/1/2026,8711421,Jean Dyson,Cheque
S277,P377,3/2/2026,7787946,Joel Bowen,Cash
S278,P378,3/3/2026,6092476,Jesse Hesseltine,Bank Loan
S279,P379,3/4/2026,9248760,Stella Neal,EMI
S280,P380,3/5/2026,6148870,Betty Strauser,Cheque
S281,P381,3/6/2026,4951176,Rene Anderson,Cash
S282,P382,3/7/2026,7578729,Zachary Bell,Bank Loan
S283,P383,3/8/2026,6630768,Anna Meyer,EMI
S284,P384,3/9/2026,7793840,Rachael Hofman,Cheque
S285,P385,3/10/2026,7240921,Linda Ritter,Cash
S286,P386,3/11/2026,6805562,Martha Mcdavid,Bank Loan
S287,P387,3/12/2026,7943547,Lawrence Quintana,EMI
S288,P388,3/13/2026,4870218,John Bowser,Cheque
S289,P389,3/14/2026,5631799,Marlo Girton,Cash
S290,P390,3/15/2026,8212980,Lavenia Baker,Bank Loan
S291,P391,3/16/2026,7747211,Kristi Garces,EMI
S292,P392,3/17/2026,8795228,Gary Tefera,Cheque
S293,P393,3/18/2026,7038283,Ray Atwood,Cash
S294,P394,3/19/2026,5660017,Paula Williams,Bank Loan
S295,P395,3/20/2026,8557021,Petra Shiroma,EMI
S296,P396,3/21/2026,4569638,Shannon Kujawski,Cheque
S297,P397,3/22/2026,7866506,Lester Gale,Cash
S298,P398,3/23/2026,8088488,Gloria Vajgrt,Bank Loan
S299,P399,3/24/2026,6514255,Wanda Romero,EMI
S300,P400,3/25/2026,7777155,Maria Garland,Cheque
S301,P401,3/26/2026,4840342,Diane Grisham,Cash
S302,P402,3/27/2026,5599524,Christina Swavely,Bank Loan
S303,P403,3/28/2026,7580997,David Riedel,EMI
S304,P404,3/29/2026,8183107,Florence Schott,Cheque
S305,P405,3/30/2026,5854598,Robert Butterfield,Cash
S306,P406,3/31/2026,6833293,Alissa Hubert,Bank Loan
S307,P407,4/1/2026,6040923,George Soria,EMI
S308,P408,4/2/2026,6294299,Robert Shinn,Cheque
S309,P409,4/3/2026,9342161,Marlin Newberg,Cash
S310,P410,4/4/2026,7702833,Valerie Leblanc,Bank Loan
S311,P411,4/5/2026,5886723,Geraldine Fontenot,EMI
S312,P412,4/6/2026,8024829,Tiffany Monson,Cheque
S313,P413,4/7/2026,9474357,Alice Grove,Cash
S314,P414,4/8/2026,6421724,Patricia Huff,Bank Loan
S315,P415,4/9/2026,8909828,George Jung,EMI
S316,P416,4/10/2026,9446911,Frances Fay,Cheque
S317,P417,4/11/2026,8734697,Anthony Shute,Cash
S318,P418,4/12/2026,7739168,Nicholas Denton,Bank Loan
S319,P419,4/13/2026,6371060,Gladis Bartholomew,EMI
S320,P420,4/14/2026,5736258,David Torres,Cheque
S321,P421,4/15/2026,8418027,Susan Robinson,Cash
S322,P422,4/16/2026,7759966,Melissa Cain,Bank Loan
S323,P423,4/17/2026,5874059,Troy Clay,EMI
S324,P424,4/18/2026,5204307,William Durham,Cheque
S325,P425,4/19/2026,7837938,Francis Krampitz,Cash
S326,P426,4/20/2026,5911028,Samantha Acevedo,Bank Loan
S327,P427,4/21/2026,6698503,Ira Ramos,EMI
S328,P428,4/22/2026,7412642,Mario Weinbauer,Cheque
S329,P429,4/23/2026,8798997,Sue Doan,Cash
S330,P430,4/24/2026,8217947,Jack Foushee,Bank Loan
S331,P431,4/25/2026,8578707,Debra Casanova,EMI
S332,P432,4/26/2026,7214706,Michael George,Cheque
S333,P433,4/27/2026,8829570,John Roush,Cash
S334,P434,4/28/2026,4848419,Tiffany Mccann,Bank Loan
S335,P435,4/29/2026,5533178,Stanley Ruggles,EMI
S336,P436,4/30/2026,6552640,Cedric Lindsey,Cheque
S337,P437,5/1/2026,5427969,Mary Finegan,Cash
S338,P438,5/2/2026,8424246,Mary Noriega,Bank Loan
S339,P439,5/3/2026,5251685,Theodora Ouellette,EMI
S340,P440,5/4/2026,5931943,Willie Foster,Cheque
S341,P441,5/5/2026,6833383,Larry Arreola,Cash
S342,P442,5/6/2026,7962041,Riley Larosa,Bank Loan
S343,P443,5/7/2026,6666786,Vanessa Sharp,EMI
S344,P444,5/8/2026,8216815,Gerald Mayes,Cheque
S345,P445,5/9/2026,5477602,Kevin Sawyer,Cash
S346,P446,5/10/2026,5725944,Gail Trombley,Bank Loan
S347,P447,5/11/2026,5172458,Adrien Lindelof,EMI
S348,P448,5/12/2026,7588594,Wen Arnold,Cheque
S349,P449,5/13/2026,9224354,Richard Briggs,Cash
S350,P450,5/14/2026,9386875,Samantha Davenport,Bank Loan
S351,P451,5/15/2026,8869517,Jacquelin Hickey,EMI
S352,P452,5/16/2026,6755732,Antonio Frank,Cheque
S353,P453,5/17/2026,7833391,Rita Adams,Cash
S354,P454,5/18/2026,6995588,Christopher Henriques,Bank Loan
S355,P455,5/19/2026,6742919,Shelly Allen,EMI
S356,P456,5/20/2026,7912884,Gladys Wint,Cheque
S357,P457,5/21/2026,7050616,Wilfred Burton,Cash
S358,P458,5/22/2026,5183703,Joseph Wiersma,Bank Loan
S359,P459,5/23/2026,5923322,Cathy Holley,EMI
S360,P460,5/24/2026,9353897,Beatriz Joyce,Cheque
S361,P461,5/25/2026,8147630,Penney Christmas,Cash
S362,P462,5/26/2026,8280823,Kenneth Paton,Bank Loan
S363,P463,5/27/2026,6281414,Charlotte Hernandez,EMI
S364,P464,5/28/2026,7275359,Carlos Hardy,Cheque
S365,P465,5/29/2026,7136528,Brittney Ruiz,Cash
S366,P466,5/30/2026,8945599,Bertha Smith,Bank Loan
S367,P467,5/31/2026,6417208,Eric Stinett,EMI
S368,P468,6/1/2026,6089471,Matthew Benet,Cheque
S369,P469,6/2/2026,8742156,Angie Payne,Cash
S370,P470,6/3/2026,7360528,Shaun Bernhardt,Bank Loan
S371,P471,6/4/2026,9111713,Odessa Morley,EMI
S372,P472,6/5/2026,9375103,Coralie Shell,Cheque
S373,P473,6/6/2026,7185022,Stephen Johnson,Cash
S374,P474,6/7/2026,5072090,Tara Marine,Bank Loan
S375,P475,6/8/2026,6326779,Kenneth Stride,EMI
S376,P476,6/9/2026,8000184,Cathy Trahan,Cheque
S377,P477,6/10/2026,9108179,Daniel Johnson,Cash
S378,P478,6/11/2026,6299079,Elizabeth Cook,Bank Loan
S379,P479,6/12/2026,6618111,Elizabeth Ferrero,EMI
S380,P480,6/13/2026,8922739,Theodore Curtis,Cheque
S381,P481,6/14/2026,9421707,Daisy Hackley,Cash
S382,P482,6/15/2026,8337916,Carmen Kluemper,Bank Loan
S383,P483,6/16/2026,8783792,Justin Moochler,EMI
S384,P484,6/17/2026,5534745,Ernesto Mcmillian,Cheque
S385,P485,6/18/2026,5468362,Nancy King,Cash
S386,P486,6/19/2026,5004941,Jo Delatorre,Bank Loan
S387,P487,6/20/2026,9472720,Ollie Lallo,EMI
S388,P488,6/21/2026,5757616,John Williams,Cheque
S389,P489,6/22/2026,4865892,Jason Jones,Cash
S390,P490,6/23/2026,8160517,Sarah Scurry,Bank Loan
S391,P491,6/24/2026,8184720,Carlos Walker,EMI
S392,P492,6/25/2026,7562783,Gary Maas,Cheque
S393,P493,6/26/2026,8020534,Elva Blow,Cash
S394,P494,6/27/2026,9136078,Marceline Barnes,Bank Loan
S395,P495,6/28/2026,6096794,Liane Moreno,EMI
S396,P496,6/29/2026,4846841,Niki Rich,Cheque
S397,P497,6/30/2026,8569811,Amy Lear,Cash
S398,P498,7/1/2026,4604656,Gretchen Loop,Bank Loan
S399,P499,7/2/2026,4739144,James Doran,EMI
S400,P500,7/3/2026,5620448,Luis Yamada,Cheque
S401,P501,7/4/2026,8988503,Vera Wapp,Cash
S402,P502,7/5/2026,6963981,Edmond Sherman,Bank Loan
S403,P503,7/6/2026,7278121,David Brown,EMI
S404,P504,7/7/2026,7442644,Sharon Tarwater,Cheque
S405,P505,7/8/2026,6406873,Judie Reyes,Cash
S406,P506,7/9/2026,7274846,Salvatore Newman,Bank Loan
S407,P507,7/10/2026,7626487,Freda Brunke,EMI
S408,P508,7/11/2026,6209190,Dorothy Riordan,Cheque
S409,P509,7/12/2026,6665526,Bette Osteen,Cash
S410,P510,7/13/2026,7895917,Willie Pulley,Bank Loan
S411,P511,7/14/2026,9296713,Robert Olson,EMI
S412,P512,7/15/2026,5265786,Helen Sims,Cheque
S413,P513,7/16/2026,7595331,Juliana Freeders,Cash
S414,P514,7/17/2026,8742425,Jennifer Bui,Bank Loan
S415,P515,7/18/2026,9402828,Paula Jamison,EMI
S416,P516,7/19/2026,5496339,Margaret Castle,Cheque
S417,P517,7/20/2026,9153816,Michelle Shapiro,Cash
S418,P518,7/21/2026,4539885,Michael Moorman,Bank Loan
S419,P519,7/22/2026,6375344,Shari Grove,EMI
S420,P520,7/23/2026,5179841,Sarah Friesenhahn,Cheque
S421,P521,7/24/2026,9231312,Richard Ellsworth,Cash
S422,P522,7/25/2026,7018537,Lela Lee,Bank Loan
S423,P523,7/26/2026,9279485,Rafael Mancini,EMI
S424,P524,7/27/2026,8413898,Andrew Ferrara,Cheque
S425,P525,7/28/2026,6387917,Denise Harsh,Cash
S426,P526,7/29/2026,5314777,Alfredo Suzuki,Bank Loan
S427,P527,7/30/2026,8089005,Jessica Maxwell,EMI
S428,P528,7/31/2026,9343099,Gretchen Smith,Cheque
S429,P529,8/1/2026,5123487,Harold Pollard,Cash
S430,P530,8/2/2026,6249996,William Lawless,Bank Loan
S431,P531,8/3/2026,9064290,Patricia Hunt,EMI
S432,P532,8/4/2026,6148457,William Stewarts,Cheque
S433,P533,8/5/2026,8550576,Scott Jeffrie,Cash
S434,P534,8/6/2026,6676322,Albert Gonzales,Bank Loan
S435,P535,8/7/2026,6746657,David Wright,EMI
S436,P536,8/8/2026,5084450,Daniel Davis,Cheque
S437,P537,8/9/2026,6270153,Jimmy Fogel,Cash
S438,P538,8/10/2026,7052615,Jone Lucas,Bank Loan
S439,P539,8/11/2026,5106958,Helen Sanders,EMI
S440,P540,8/12/2026,4723744,Jason Clark,Cheque
S441,P541,8/13/2026,4504421,Lori Wright,Cash
S442,P542,8/14/2026,8960539,Billy Eberts,Bank Loan
S443,P543,8/15/2026,6585115,James Smith,EMI
S444,P544,8/16/2026,6534199,Elma Mcbride,Cheque
S445,P545,8/17/2026,7801187,Jose Parker,Cash
S446,P546,8/18/2026,5053876,Edwin Montoya,Bank Loan
S447,P547,8/19/2026,9154007,Barbara Bailey,EMI
S448,P548,8/20/2026,5798582,Curtis Pak,Cheque
S449,P549,8/21/2026,9025038,Edward Kelleher,Cash
S450,P550,8/22/2026,6294718,Annie Stierwalt,Bank Loan
S451,P551,8/23/2026,6067119,Joe Tan,EMI
S452,P552,8/24/2026,6173472,Vicky Eddy,Cheque
S453,P553,8/25/2026,7691488,Joanna Collinsworth,Cash
S454,P554,8/26/2026,8767279,Monica Lopez,Bank Loan
S455,P555,8/27/2026,9470419,Nicolasa Fulford,EMI
S456,P556,8/28/2026,7081282,Victor Merry,Cheque
S457,P557,8/29/2026,7704507,Albertine Debarros,Cash
S458,P558,8/30/2026,8215592,Nelle Avilla,Bank Loan
S459,P559,8/31/2026,5790530,Cameron Cook,EMI
S460,P560,9/1/2026,7693249,Clarence Holifeild,Cheque
S461,P561,9/2/2026,9320685,Amy Lear,Cash
S462,P562,9/3/2026,5614557,William Grier,Bank Loan
S463,P563,9/4/2026,7933109,Ana Odell,EMI
S464,P564,9/5/2026,5817629,Mary Marsden,Cheque
S465,P565,9/6/2026,5787330,Lisa Modafferi,Cash
S466,P566,9/7/2026,4653674,Carolyn Emerson,Bank Loan
S467,P567,9/8/2026,8302087,Eric Dominguez,EMI
S468,P568,9/9/2026,6649014,Ashley Limbrick,Cheque
S469,P569,9/10/2026,8732157,Preston Brock,Cash
S470,P570,9/11/2026,6258720,Beth Osegueda,Bank Loan
S471,P571,9/12/2026,8517633,James Hobbs,EMI
S472,P572,9/13/2026,6178240,Sylvia Wageman,Cheque
S473,P573,9/14/2026,4984234,Brandon Winn,Cash
S474,P574,9/15/2026,9277916,Dwayne Evans,Bank Loan
S475,P575,9/16/2026,8178896,Jimmy Fischer,EMI
S476,P576,9/17/2026,4846937,Sarah Thiel,Cheque
S477,P577,9/18/2026,6129861,Eric Robuck,Cash
S478,P578,9/19/2026,6657049,Iva Souvannavong,Bank Loan
S479,P579,9/20/2026,9156983,Lora Paul,EMI
S480,P580,9/21/2026,4908615,Barbara Taub,Cheque
S481,P581,9/22/2026,8178959,Heather Schwalb,Cash
S482,P582,9/23/2026,8936098,Theresa Henning,Bank Loan
S483,P583,9/24/2026,6514277,Alice Garcia,EMI
S484,P584,9/25/2026,6005412,Deborah Saltsman,Cheque
S485,P585,9/26/2026,9390479,Alicia Hamilton,Cash
S486,P586,9/27/2026,8995811,Alfonso Contreras,Bank Loan
S487,P587,9/28/2026,6549805,Eva Bryant,EMI
S488,P588,9/29/2026,4739974,Cynthia Kellerman,Cheque
S489,P589,9/30/2026,8099357,Sherry Riley,Cash
S490,P590,10/1/2026,9161109,Melissa Smith,Bank Loan
S491,P591,10/2/2026,8027459,Margaret Johnson,EMI
S492,P592,10/3/2026,6086397,Gerald Blumenfeld,Cheque
S493,P593,10/4/2026,8692607,Joseph Harper,Cash
S494,P594,10/5/2026,8708421,Douglas Brown,Bank Loan
S495,P595,10/6/2026,6634335,Marcel Washington,EMI
S496,P596,10/7/2026,6858327,Charles Gordon,Cheque
S497,P597,10/8/2026,8481986,Cheryl Pridgeon,Cash
S498,P598,10/9/2026,7916695,Wilma Clark,Bank Loan
S499,P599,10/10/2026,5928220,Ashley Hanover,EMI
S500,P600,10/11/2026,5931457,John Jones,Cheque
S501,P601,10/12/2026,9095539,Anthony Walden,Cash
S502,P602,10/13/2026,8420285,David Benton,Bank Loan
S503,P603,10/14/2026,6826570,Mary King,EMI
S504,P604,10/15/2026,6749217,Travis Mathison,Cheque
S505,P605,10/16/2026,6894075,Denise Pickhardt,Cash
S506,P606,10/17/2026,6739992,Kelly Dalton,Bank Loan
S507,P607,10/18/2026,9264936,Susan Ross,EMI
S508,P608,10/19/2026,8225426,Aaron Switzer,Cheque
S509,P609,10/20/2026,5004796,Manuel Ramirez,Cash
S510,P610,10/21/2026,9439336,Fred Morrison,Bank Loan
S511,P611,10/22/2026,5323810,Johnnie Swann,EMI
S512,P612,10/23/2026,5545487,Eldridge Niemczyk,Cheque
S513,P613,10/24/2026,5976496,Mike Squires,Cash
S514,P614,10/25/2026,4513744,James Childers,Bank Loan
S515,P615,10/26/2026,6264713,Kenneth Frankel,EMI
S516,P616,10/27/2026,5799430,Jane Millender,Cheque
S517,P617,10/28/2026,4767612,Paula Gerbatz,Cash
S518,P618,10/29/2026,6753300,Annie Lee,Bank Loan
S519,P619,10/30/2026,4532607,Phillip Andon,EMI
S520,P620,10/31/2026,7261970,Eric Wise,Cheque
S521,P621,11/1/2026,8230457,Earl Leroy,Cash
S522,P622,11/2/2026,8185107,Richard Dobkins,Bank Loan
S523,P623,11/3/2026,6564048,Robert Machado,EMI
S524,P624,11/4/2026,6868824,Donald Collins,Cheque
S525,P625,11/5/2026,7918331,Ellis Brown,Cash
S526,P626,11/6/2026,7447872,Dina Ingram,Bank Loan
S527,P627,11/7/2026,7038074,Coral Conrad,EMI
S528,P628,11/8/2026,5220864,Anthony Majors,Cheque
S529,P629,11/9/2026,8349464,Dolores Maddox,Cash
S530,P630,11/10/2026,8200542,Stephen Heling,Bank Loan
S531,P631,11/11/2026,5063267,Justin Collins,EMI
S532,P632,11/12/2026,5585031,Eric Sams,Cheque
S533,P633,11/13/2026,8045200,Norman Polizio,Cash
S534,P634,11/14/2026,9158547,Dana Holmes,Bank Loan
S535,P635,11/15/2026,5321554,Pamela Brehmer,EMI
S536,P636,11/16/2026,6889561,David Cline,Cheque
S537,P637,11/17/2026,8048149,Joseph Patry,Cash
S538,P638,11/18/2026,5846025,Carol Roy,Bank Loan
S539,P639,11/19/2026,4755068,Sandy Glennon,EMI
S540,P640,11/20/2026,7833488,John Lindsey,Cheque
S541,P641,11/21/2026,5592120,Cecilia Munoz,Cash
S542,P642,11/22/2026,8972935,Elmer Bird,Bank Loan
S543,P643,11/23/2026,8689459,Roger Voigt,EMI
S544,P644,11/24/2026,6779190,Dorothy Holmes,Cheque
S545,P645,11/25/2026,8335345,Mary Duncan,Cash
S546,P646,11/26/2026,6095370,Stacy Palomo,Bank Loan
S547,P647,11/27/2026,9144355,David Pool,EMI
S548,P648,11/28/2026,4541075,Stephanie Nickerson,Cheque
S549,P649,11/29/2026,6472623,Richard Rash,Cash
S550,P650,11/30/2026,6793109,Daniel Courson,Bank Loan
S551,P651,12/1/2026,8165327,Rhonda Ray,EMI
S552,P652,12/2/2026,7947693,Anthony Blake,Cheque
S553,P653,12/3/2026,5085577,Scott Swatzell,Cash
S554,P654,12/4/2026,6457764,William Dawson,Bank Loan
S555,P655,12/5/2026,7078566,Richard Simon,EMI
S556,P656,12/6/2026,8359223,Mary Warrior,Cheque
S557,P657,12/7/2026,7869157,Arthur Harris,Cash
S558,P658,12/8/2026,5836069,Yvonne Monroe,Bank Loan
S559,P659,12/9/2026,6828220,Tony Rosas,EMI
S560,P660,12/10/2026,9004959,Carolyn Hackney,Cheque
S561,P661,12/11/2026,8325528,Mary Turner,Cash
S562,P662,12/12/2026,6231118,Bradley Gamez,Bank Loan
S563,P663,12/13/2026,7244668,Phyllis Isbell,EMI
S564,P664,12/14/2026,8504748,Vickie Rainforth,Cheque
S565,P665,12/15/2026,5108952,Susan Barnes,Cash
S566,P666,12/16/2026,6614415,Todd Palmer,Bank Loan
S567,P667,12/17/2026,7545643,Charlene Whish,EMI
S568,P668,12/18/2026,7688375,Ronnie Prater,Cheque
S569,P669,12/19/2026,7936033,Angela Jackson,Cash
S570,P670,12/20/2026,4882172,Francis Tippin,Bank Loan
S571,P671,12/21/2026,4957891,Otha Ware,EMI
S572,P672,12/22/2026,6838570,Janet Brice,Cheque
S573,P673,12/23/2026,6582531,Mark Good,Cash
S574,P674,12/24/2026,5434417,Dan Gibson,Bank Loan
S575,P675,12/25/2026,6879137,Elisa Jones,EMI
S576,P676,12/26/2026,5218858,Normand Oliphant,Cheque
S577,P677,12/27/2026,7997435,Guillermo Wall,Cash
S578,P678,12/28/2026,8163112,Herman Long,Bank Loan
S579,P679,12/29/2026,6809489,Eric Farrell,EMI
S580,P680,12/30/2026,8054920,Richard Roman,Cheque
S581,P681,12/31/2026,7449222,Eric Vannoy,Cash
S582,P682,2/9/2018,6625049,Paula Mccrary,Bank Loan
S583,P683,2/12/2018,9100539,Richard Yates,EMI
S584,P684,2/13/2018,9052754,Cristi Kerns,Cheque
S585,P685,2/14/2018,4797186,Roland Besecker,Cash
S586,P686,2/15/2018,8630556,Joe Wooten,Bank Loan
S587,P687,2/16/2018,7756530,Grace Gonzalez,EMI
S588,P688,2/19/2018,4904638,Steven Welling,Cheque
S589,P689,2/2/2018,5225352,Evelyn Otting,Cash
S590,P690,2/5/2018,8277568,Anthony Francis,Bank Loan
S591,P691,2/6/2018,6662015,Joel Jolicoeur,EMI
S592,P692,2/7/2018,7277353,Heriberto Wood,Cheque
S593,P693,2/8/2018,6206138,Lidia Hudson,Cash
S594,P694,2/9/2018,4527713,Johnnie Johnson,Bank Loan
S595,P695,2/12/2018,8412398,Laura Hood,EMI
S596,P696,2/13/2018,6152929,David Gautier,Cheque
S597,P697,2/14/2018,5803050,Robert Garcia,Cash
S598,P698,2/15/2018,7351316,Dan Houser,Bank Loan
S599,P699,2/16/2018,6452061,Patricia Parks,EMI
S600,P700,2/19/2018,8140981,Rene Delfuente,Cheque
S601,P701,2/2/2018,6115266,Joyce Hobson,Cash
S602,P702,2/5/2018,6741235,Francesco Clayton,Bank Loan
S603,P703,2/6/2018,5114286,Evelyn Danforth,EMI
S604,P704,2/7/2018,7920795,Diane Corley,Cheque
S605,P705,2/8/2018,6882640,Barbara Apple,Cash
S606,P706,2/9/2018,9343215,Thomas Jandreau,Bank Loan
S607,P707,2/12/2018,6658915,Edward Davenport,EMI
S608,P708,2/13/2018,6233608,Joan Garza,Cheque
S609,P709,2/14/2018,6072254,Terry Johns,Cash
S610,P710,2/15/2018,8148441,Patrick Mastrangelo,Bank Loan
S611,P711,2/16/2018,7382541,Miguel Renfroe,EMI
S612,P712,2/19/2018,4581900,Angela Bruce,Cheque
S613,P713,2/2/2018,8828128,Robert Settle,Cash
S614,P714,2/5/2018,6551494,George Cosby,Bank Loan
S615,P715,2/6/2018,8295548,Joel Roberts,EMI
S616,P716,2/7/2018,5020743,Clyde Wells,Cheque
S617,P717,2/8/2018,8607335,Patricia Brown,Cash
S618,P718,2/9/2018,8168526,Marjorie Jones,Bank Loan
S619,P719,2/12/2018,5216343,Jeanette Shelby,EMI
S620,P720,2/13/2018,6658364,Jamie Booker,Cheque
S621,P721,2/14/2018,6360903,Paul Fernandez,Cash
S622,P722,2/15/2018,6115902,John Schwieger,Bank Loan
S623,P723,2/16/2018,7049565,Dorothy Avila,EMI
S624,P724,2/19/2018,9142124,Michael Weeks,Cheque
S625,P725,2/2/2018,8502590,Maura Rodriquez,Cash
S626,P726,2/5/2018,5304882,Michael Payne,Bank Loan
S627,P727,2/6/2018,6004780,Emily Fernandez,EMI
S628,P728,2/7/2018,9213948,Domingo Cardenas,Cheque
S629,P729,2/8/2018,9087619,Janice Casey,Cash
S630,P730,2/9/2018,8518116,Alan Long,Bank Loan
S631,P731,2/12/2018,6079296,Daniel Chapman,EMI
S632,P732,2/13/2018,5926850,Leon Williams,Cheque
S633,P733,2/14/2018,5218921,Margo Brunk,Cash
S634,P734,2/15/2018,5687525,Lori Ware,Bank Loan
S635,P735,2/16/2018,6751006,Robert Garvey,EMI
S636,P736,2/19/2018,5869734,Marjorie Ralph,Cheque
S637,P737,2/2/2018,4736175,Delores Moore,Cash
S638,P738,2/5/2018,5675311,Aaron Leonard,Bank Loan
S639,P739,2/6/2018,5252415,Renee Puckett,EMI
S640,P740,2/7/2018,6458530,Jack Smith,Cheque
S641,P741,2/8/2018,4746092,Opal Ferraro,Cash
S642,P742,2/9/2018,7866766,Lee Lopez,Bank Loan
S643,P743,2/12/2018,5609506,Teresa Dew,EMI
S644,P744,2/13/2018,5813377,Deidra Palomino,Cheque
S645,P745,2/14/2018,7762838,Linda Everson,Cash
S646,P746,2/15/2018,4615860,Osvaldo Donoghue,Bank Loan
S647,P747,2/16/2018,5801863,Yolanda Clark,EMI
S648,P748,2/19/2018,4875137,Beverly Burrowes,Cheque
S649,P749,2/2/2018,4725478,Jonathan Bustos,Cash
S650,P750,2/5/2018,5225196,Ruby Mccartney,Bank Loan
S651,P751,2/6/2018,8567056,Karen Gray,EMI
S652,P752,2/7/2018,7264868,Tammy Persing,Cheque
S653,P753,2/8/2018,8025251,Irene Killingsworth,Cash
S654,P754,2/9/2018,7620106,Gregory Shaw,Bank Loan
S655,P755,2/12/2018,7155803,Frances Williams,EMI
S656,P756,2/13/2018,5190394,Lori Whitten,Cheque
S657,P757,2/14/2018,9113631,Randy Douglas,Cash
S658,P758,2/15/2018,8407635,Marjorie Townsend,Bank Loan
S659,P759,2/16/2018,7850304,Michael Baumbach,EMI
S660,P760,2/19/2018,5577501,Walter Bachleda,Cheque
S661,P761,2/2/2018,5581957,Terry Price,Cash
S662,P762,2/5/2018,5529252,Andera David,Bank Loan
S663,P763,2/6/2018,6517551,Ricardo Jaremka,EMI
S664,P764,2/7/2018,5337794,Mary Givens,Cheque
S665,P765,2/8/2018,5981277,William Larmon,Cash
S666,P766,2/9/2018,7644527,Troy Robinson,Bank Loan
S667,P767,2/12/2018,4761856,Kimberly Mcmahon,EMI
S668,P768,2/13/2018,4598356,Richard Puffinburger,Cheque
S669,P769,2/14/2018,8538949,Regina Mosher,Cash
S670,P770,2/15/2018,7198979,Carlos Barnett,Bank Loan
S671,P771,2/16/2018,4642885,Kathy Flores,EMI
S672,P772,2/19/2018,5779563,William Soto,Cheque
S673,P773,2/2/2018,7450441,Jean Whitfield,Cash
S674,P774,2/5/2018,8878518,Alfredo Blessing,Bank Loan
S675,P775,2/6/2018,9474571,Salvador Fenton,EMI
S676,P776,2/7/2018,9038314,Patricia Murphy,Cheque
S677,P777,2/8/2018,7249609,Tyrone Cepero,Cash
S678,P778,2/9/2018,7395607,David Sosa,Bank Loan
S679,P779,2/12/2018,7730488,Ida Wilson,EMI
S680,P780,2/13/2018,9249107,Aubrey Witman,Cheque
S681,P781,2/14/2018,5483720,Frances Zweifel,Cash
S682,P782,2/15/2018,4531256,Amberly Stevens,Bank Loan
S683,P783,2/16/2018,6713965,Ann Johnson,EMI
S684,P784,2/19/2018,6116083,James Clancy,Cheque
S685,P785,2/2/2018,5851331,Mary Thompson,Cash
S686,P786,2/5/2018,5068997,Trinidad Altman,Bank Loan
S687,P787,2/6/2018,9133698,Rex Strassel,EMI
S688,P788,2/7/2018,4677551,Cheri Atkinson,Cheque
S689,P789,2/8/2018,6566848,Mitchell Conover,Cash
S690,P790,2/9/2018,6127747,Norma Gregory,Bank Loan
S691,P791,2/12/2018,6185780,Cheryl Lutz,EMI
S692,P792,2/13/2018,7120094,Margaret Sliva,Cheque
S693,P793,2/14/2018,9034339,Jean Allen,Cash
S694,P794,2/15/2018,7425821,Christopher Sosa,Bank Loan
S695,P795,2/16/2018,6911628,Frank Chagoya,EMI
S696,P796,2/19/2018,6934158,Cathy Reaves,Cheque
S697,P797,2/2/2018,6416116,Paul Reddish,Cash
S698,P798,2/5/2018,5526052,Grace Doyle,Bank Loan
S699,P799,2/6/2018,8638348,Thomas Lee,EMI
S700,P800,2/7/2018,6928455,Gregory Stroman,Cheque
S701,P801,2/8/2018,8812735,Jean Smith,Cash
S702,P802,2/9/2018,8093026,Alma Gobel,Bank Loan
S703,P803,2/12/2018,7120942,Oscar Williams,EMI
S704,P804,2/13/2018,7446973,Crystal Lehmann,Cheque
S705,P805,2/14/2018,6353839,Joann Wolfinger,Cash
S706,P806,2/15/2018,7426303,Linda Ross,Bank Loan
S707,P807,2/16/2018,6595667,Ellen Crawford,EMI
S708,P808,2/19/2018,8658485,Shirley Denise,Cheque
S709,P809,2/2/2018,8098945,Stephanie Lanno,Cash
S710,P810,2/5/2018,6808016,Kevin Langley,Bank Loan
S711,P811,2/6/2018,8509751,Walter Whitener,EMI
S712,P812,2/7/2018,7871559,William Mcnally,Cheque
S713,P813,2/8/2018,8216599,Lois Walker,Cash
S714,P814,2/9/2018,8042339,Sung Crowley,Bank Loan
S715,P815,2/12/2018,4957351,Robert Yeager,EMI
S716,P816,2/13/2018,6215076,Mirna Phillips,Cheque
S717,P817,2/14/2018,8862391,Levi Hamill,Cash
S718,P818,2/15/2018,8585814,Malissa Hay,Bank Loan
S719,P819,2/16/2018,6755092,Brian Gomez,EMI
S720,P820,2/19/2018,9459295,Anita Martino,Cheque
S721,P821,2/2/2018,7955209,Teresa Vickers,Cash
S722,P822,2/5/2018,5212175,Philip Ruiz,Bank Loan
S723,P823,2/6/2018,7139365,Terrence Frink,EMI
S724,P824,2/7/2018,8449564,Charles Sanders,Cheque
S725,P825,2/8/2018,8761314,Judy Davis,Cash
S726,P826,2/9/2018,6833948,Jose Martin,Bank Loan
S727,P827,2/12/2018,4842357,Gordon Desrochers,EMI
S728,P828,2/13/2018,6510966,Paul Barnes,Cheque
S729,P829,2/14/2018,5063325,James Webb,Cash
S730,P830,2/15/2018,6734801,Phyllis Gully,Bank Loan
S731,P831,2/16/2018,5773582,Catherine Lair,EMI
S732,P832,2/19/2018,4543833,Brian Bilski,Cheque
S733,P833,2/2/2018,4929444,Donna Rodriguez,Cash
S734,P834,2/5/2018,5110300,Shawn Hayden,Bank Loan
S735,P835,2/6/2018,6541456,Lula Brantley,EMI
S736,P836,2/7/2018,9415932,Alex Saddler,Cheque
S737,P837,2/8/2018,6281684,Andrew Davis,Cash
S738,P838,2/9/2018,6653848,Mark Langehennig,Bank Loan
S739,P839,2/12/2018,7244351,Mary Gentile,EMI
S740,P840,2/13/2018,5060216,Lavonne Murphy,Cheque
S741,P841,2/14/2018,5145926,Susan Hendrix,Cash
S742,P842,2/15/2018,5086642,Joi Dewick,Bank Loan
S743,P843,2/16/2018,4574200,Christopher Hume,EMI
S744,P844,2/19/2018,5798987,Alexa Cash,Cheque
S745,P845,2/2/2018,7865573,Barbara Usrey,Cash
S746,P846,2/5/2018,4581977,James Stone,Bank Loan
S747,P847,2/6/2018,8873500,Marie Johnstonbaugh,EMI
S748,P848,2/7/2018,4984449,Joshua Kent,Cheque
S749,P849,2/8/2018,7686677,Robert Cole,Cash
S750,P850,2/9/2018,4915914,Ashlee Montgomery,Bank Loan
S751,P851,2/12/2018,8079916,Delia Darden,EMI
S752,P852,2/13/2018,7792966,Geraldine Bernard,Cheque
S753,P853,2/14/2018,7220769,Michael Pelletier,Cash
S754,P854,2/15/2018,8484230,Mark Arnett,Bank Loan
S755,P855,2/16/2018,8738393,Charles Brown,EMI
S756,P856,2/19/2018,7245649,Denise Jackson,Cheque
S757,P857,2/2/2018,8215960,Nancy Do,Cash
S758,P858,2/5/2018,4519336,Carol Goins,Bank Loan
S759,P859,2/6/2018,7211417,Cindy Patterson,EMI
S760,P860,2/7/2018,8603813,Cathy Burke,Cheque
S761,P861,2/8/2018,9291375,Winston Jackson,Cash
S762,P862,2/9/2018,8541106,Lora Cohen,Bank Loan
S763,P863,2/12/2018,5476174,Christine King,EMI
S764,P864,2/13/2018,4643178,Mattie Foster,Cheque
S765,P865,2/14/2018,5219362,Lucille Joseph,Cash
S766,P866,2/15/2018,4796755,Kenneth Johnson,Bank Loan
S767,P867,2/16/2018,6084445,William Beale,EMI
S768,P868,2/19/2018,8522440,Hugh Fallon,Cheque
S769,P869,2/2/2018,5112691,Victoria Green,Cash
S770,P870,2/5/2018,6531002,Steve Ortiz,Bank Loan
S771,P871,2/6/2018,6577851,Edna Foster,EMI
S772,P872,2/7/2018,6125419,Eddie Salazar,Cheque
S773,P873,2/8/2018,7541400,Walter Tillery,Cash
S774,P874,2/9/2018,6745944,Brian Zuchelkowski,Bank Loan
S775,P875,2/12/2018,5533642,Richard Emery,EMI
S776,P876,2/13/2018,6379946,Theresa Garcia,Cheque
S777,P877,2/14/2018,5551459,Frances Nichols,Cash
S778,P878,2/15/2018,7172583,Celestine Gustafson,Bank Loan
S779,P879,2/16/2018,8930589,Kelli Orphey,EMI
S780,P880,2/19/2018,7250265,Kathy Barnes,Cheque
S781,P881,2/2/2018,7014350,Ben Raheja,Cash
S782,P882,2/5/2018,4999045,Mary Melendez,Bank Loan
S783,P883,2/6/2018,5677431,David Rivera,EMI
S784,P884,2/7/2018,5878029,Steven Mcsherry,Cheque
S785,P885,2/8/2018,9472750,Richard Villanueva,Cash
S786,P886,2/9/2018,6615594,Vickie Lyons,Bank Loan
S787,P887,2/12/2018,8512735,Richard Kut,EMI
S788,P888,2/13/2018,4771028,Jeffrey Cooper,Cheque
S789,P889,2/14/2018,6477544,Jonathan Kirkpatrick,Cash
S790,P890,2/15/2018,7146386,Deborah Shannon,Bank Loan
S791,P891,2/16/2018,6028564,Jessie Esquibel,EMI
S792,P892,2/19/2018,4657936,Mark Lawrence,Cheque
S793,P893,2/2/2018,6977717,Sonia Bow,Cash
S794,P894,2/5/2018,6426756,Christina Gibbs,Bank Loan
S795,P895,2/6/2018,8852259,Eugene Hughes,EMI
S796,P896,2/7/2018,8718395,Willard Dorsey,Cheque
S797,P897,2/8/2018,8122685,Dustin Hernandez,Cash
S798,P898,2/9/2018,5667279,Nina Long,Bank Loan
S799,P899,2/12/2018,4783961,Jerry Foster,EMI
S800,P900,2/13/2018,9261752,Laura Lee,Cheque
S801,P901,2/14/2018,8714411,Danny Perez,Cash
S802,P902,2/15/2018,7979159,Millicent Tosh,Bank Loan
S803,P903,2/16/2018,5885235,Vernon Roberts,EMI
S804,P904,2/19/2018,8866410,Kimberly Bartholomew,Cheque
S805,P905,2/2/2018,8130242,Joe Ettinger,Cash
S806,P906,2/5/2018,9140183,Shannon Stout,Bank Loan
S807,P907,2/6/2018,5901777,Darlene Garcia,EMI
S808,P908,2/7/2018,5003376,Josephine Bevan,Cheque
S809,P909,2/8/2018,6797445,Renee Selkirk,Cash
S810,P910,2/9/2018,8256181,Catherine Su,Bank Loan
S811,P911,2/12/2018,9293109,Donnie Baker,EMI
S812,P912,2/13/2018,5332738,Julie Johnson,Cheque
S813,P913,2/14/2018,9248600,Darlene Boaz,Cash
S814,P914,2/15/2018,6135740,Polly Araujo,Bank Loan
S815,P915,2/16/2018,5634163,Joe Upshaw,EMI
S816,P916,2/19/2018,8138870,Herman Matson,Cheque
S817,P917,2/2/2018,8826650,Marcelle Sloan,Cash
S818,P918,2/5/2018,5745414,Douglas Yamamoto,Bank Loan
S819,P919,2/6/2018,5858288,Noah Sandoval,EMI
S820,P920,2/7/2018,7779352,Carlos Tenebruso,Cheque
S821,P921,2/8/2018,9172252,Marcus Rock,Cash
S822,P922,2/9/2018,7625468,Michele Welch,Bank Loan
S823,P923,2/12/2018,5642291,John Dombeck,EMI
S824,P924,2/13/2018,4585624,Carol Keener,Cheque
S825,P925,2/14/2018,5728694,Steven Arbogast,Cash
S826,P926,2/15/2018,7996578,Christopher Davis,Bank Loan
S827,P927,2/16/2018,5416031,Candace Begay,EMI
S828,P928,2/19/2018,4540191,Harold Swan,Cheque
S829,P929,2/2/2018,4679183,William Coach,Cash
S830,P930,2/5/2018,8358894,Connie Thomas,Bank Loan
S831,P931,2/6/2018,5164421,Misty Cosby,EMI
S832,P932,2/7/2018,6318655,Marc Tacker,Cheque
S833,P933,2/8/2018,5400464,Aimee Turnage,Cash
S834,P934,2/9/2018,8703341,Katelyn Rutland,Bank Loan
S835,P935,2/12/2018,6290816,Manuel Knight,EMI
S836,P936,2/13/2018,6599159,Zachary Lanser,Cheque
S837,P937,2/14/2018,5238184,Victoria Reynolds,Cash
S838,P938,2/15/2018,6724854,Alicia Conners,Bank Loan
S839,P939,2/16/2018,7470744,Charles Gloria,EMI
S840,P940,2/19/2018,6594842,Samuel Martin,Cheque
S841,P941,2/2/2018,7371846,Roger Barton,Cash
S842,P942,2/5/2018,9070917,Justin Rood,Bank Loan
S843,P943,2/6/2018,6232722,Roderick Simmons,EMI
S844,P944,2/7/2018,8927747,Bernard Meade,Cheque
S845,P945,2/8/2018,8161139,Philip Ramirez,Cash
S846,P946,2/9/2018,6011423,Teresa Forrester,Bank Loan
S847,P947,2/12/2018,7384136,Alejandro Manuel,EMI
S848,P948,2/13/2018,6032269,John Pace,Cheque
S849,P949,2/14/2018,9371518,Robin Hottel,Cash
S850,P950,2/15/2018,5705966,Russell Rivers,Bank Loan
S851,P951,2/16/2018,5643531,Karen Price,EMI
S852,P952,2/19/2018,5623361,Darlene Outman,Cheque
S853,P953,2/2/2018,5699753,Valerie Keller,Cash
S854,P954,2/5/2018,8541164,James Calhoun,Bank Loan
S855,P955,2/6/2018,7110468,John Jeffers,EMI
S856,P956,2/7/2018,7477603,Marcus Simon,Cheque
S857,P957,2/8/2018,7083961,Tim Henry,Cash
S858,P958,2/9/2018,6928065,Susie Thrill,Bank Loan
S859,P959,2/12/2018,7824224,Jesse Walker,EMI
S860,P960,2/13/2018,7890607,Emma Bell,Cheque
S861,P961,2/14/2018,9242250,Michael Wager,Cash
S862,P962,2/15/2018,5475318,Gabriel Robyn,Bank Loan
S863,P963,2/16/2018,8039910,Randy Sea,EMI
S864,P964,2/19/2018,5851004,James Jones,Cheque
S865,P965,2/2/2018,7995648,Mia Obleton,Cash
S866,P966,2/5/2018,5103843,Olga Richardson,Bank Loan
S867,P967,2/6/2018,5830934,Wyatt Gonzalez,EMI
S868,P968,2/7/2018,5901707,Barbara Pineda,Cheque
S869,P969,2/8/2018,9308037,Norman Clark,Cash
S870,P970,2/9/2018,7087421,Theodore Garland,Bank Loan
S871,P971,2/12/2018,5845126,Michiko Ochs,EMI
S872,P972,2/13/2018,8132269,David Hess,Cheque
S873,P973,2/14/2018,7762987,Edward Smith,Cash
S874,P974,2/15/2018,9022278,Gloria Curley,Bank Loan
S875,P975,2/16/2018,6494954,Jack Haile,EMI
S876,P976,2/19/2018,6092472,Edda Montoya,Cheque
S877,P977,2/2/2018,5773396,Bobbie Cornett,Cash
S878,P978,2/5/2018,9091586,Kathleen Skaggs,Bank Loan
S879,P979,2/6/2018,5442393,Keith Vass,EMI
S880,P980,2/7/2018,8066803,Frank Ostrowski,Cheque
S881,P981,2/8/2018,7869114,Patricia Upchurch,Cash
S882,P982,2/9/2018,7853019,Patricia Reed,Bank Loan
S883,P983,2/12/2018,4801005,Alden Lane,EMI
S884,P984,2/13/2018,8221055,Marvin Benson,Cheque
S885,P985,2/14/2018,8936683,Kim Keh,Cash
S886,P986,2/15/2018,4642648,Carlos Charles,Bank Loan
S887,P987,2/16/2018,9386017,Karen Johnson,EMI
S888,P988,2/19/2018,5449742,Velma Schmal,Cheque
S889,P989,2/2/2018,5875587,Devin Gault,Cash
S890,P990,2/5/2018,8115646,Susan White,Bank Loan
S891,P991,2/6/2018,6401214,Charles Cleghorn,EMI
S892,P992,2/7/2018,7720995,James Frederick,Cheque
S893,P993,2/8/2018,7383640,Shannon Maddox,Cash
S894,P994,2/9/2018,4788963,Lisa Gilbert,Bank Loan
S895,P995,2/12/2018,7846321,Lisa Herrin,EMI
S896,P996,2/13/2018,5355656,Kris Segrest,Cheque
S897,P997,2/14/2018,5625449,Mary Watson,Cash
S898,P998,2/15/2018,4554570,Diane Hernandez,Bank Loan
S899,P999,2/16/2018,5545559,Kaci Parham,EMI
S900,P1000,2/19/2018,6805776,Christopher George,Cheque
S901,P1001,2/2/2018,4678127,Lillian Norris,Cash
S902,P1002,2/5/2018,7538178,Betty Sierra,Bank Loan
S903,P1003,2/6/2018,5516035,Carmen Mcguire,EMI
S904,P1004,2/7/2018,8251248,Samuel Harris,Cheque
S905,P1005,2/8/2018,4913194,Shirley Carpenter,Cash
S906,P1006,2/9/2018,4716016,Joan Nale,Bank Loan
S907,P1007,2/12/2018,8755573,Dianne Whitfield,EMI
S908,P1008,2/13/2018,8754026,Doris Abel,Cheque
S909,P1009,2/14/2018,4753100,Russell Caballero,Cash
S910,P1010,2/15/2018,9421214,Crystal Otis,Bank Loan
S911,P1011,2/16/2018,4511786,Marion Strong,EMI
S912,P1012,2/19/2018,8668255,Martha Parnell,Cheque
S913,P1013,2/2/2018,9184517,Janet Ramos,Cash
S914,P1014,2/5/2018,8366158,Gerald Balado,Bank Loan
S915,P1015,2/6/2018,5579743,Jennifer Marro,EMI
S916,P1016,2/7/2018,8275293,Tamela Galyen,Cheque
S917,P1017,2/8/2018,7132382,Richard Mcconnell,Cash
S918,P1018,2/9/2018,8331572,Jo Malloy,Bank Loan
S919,P1019,2/12/2018,5954281,Jose Martin,EMI
S920,P1020,2/13/2018,5920850,Emily Sietsma,Cheque
S921,P1021,2/14/2018,9083215,Ruth Busby,Cash
S922,P1022,2/15/2018,7060484,Teresa Turner,Bank Loan
S923,P1023,2/16/2018,9268906,Charles Cutright,EMI
S924,P1024,2/19/2018,8543992,Eva Dean,Cheque
S925,P1025,2/2/2018,8925636,Robert Lozano,Cash
S926,P1026,2/5/2018,8525669,Dolores Mohead,Bank Loan
S927,P1027,2/6/2018,7666448,Kathleen George,EMI
S928,P1028,2/7/2018,8173043,Rosemary Barger,Cheque
S929,P1029,2/8/2018,7357124,Jannie Davis,Cash
S930,P1030,2/9/2018,7951722,Gary Uhrig,Bank Loan
S931,P1031,2/12/2018,6616141,Samuel Hacker,EMI
S932,P1032,2/13/2018,6352817,Alissa Norton,Cheque
S933,P1033,2/14/2018,7669133,Duane Hunt,Cash
S934,P1034,2/15/2018,8935819,Rubie Fritts,Bank Loan
S935,P1035,2/16/2018,8772725,Leo Shaw,EMI
S936,P1036,2/19/2018,5072785,James Medved,Cheque
S937,P1037,2/2/2018,5444357,Frank Ma,Cash
S938,P1038,2/5/2018,8798902,Elizabeth Johson,Bank Loan
S939,P1039,2/6/2018,8832134,Perry Marquez,EMI
S940,P1040,2/7/2018,8711112,Jose Apel,Cheque
S941,P1041,2/8/2018,9345804,Kenny Ortiz,Cash
S942,P1042,2/9/2018,9485288,Andrew Morris,Bank Loan
S943,P1043,2/12/2018,6391134,Susan Lovelady,EMI
S944,P1044,2/13/2018,5912452,Frank Viola,Cheque
S945,P1045,2/14/2018,7112941,Janet Devine,Cash
S946,P1046,2/15/2018,4655287,Stacey Brawer,Bank Loan
S947,P1047,2/16/2018,9273968,Stacy Boyd,EMI
S948,P1048,2/19/2018,6668482,Helen Duane,Cheque
S949,P1049,2/2/2018,7488601,John Rich,Cash
S950,P1050,2/5/2018,8147594,Millicent Mossman,Bank Loan
S951,P1051,2/6/2018,9471944,Doris Vigil,EMI
S952,P1052,2/7/2018,6290439,Alline Anderson,Cheque
S953,P1053,2/8/2018,5591529,Heather Payne,Cash
S954,P1054,2/9/2018,4694653,Doris Hiemstra,Bank Loan
S955,P1055,2/12/2018,9415074,Gregory Turner,EMI
S956,P1056,2/13/2018,7275406,Rachelle Alexander,Cheque
S957,P1057,2/14/2018,4872114,Virginia Frank,Cash
S958,P1058,2/15/2018,6945930,Daniel Watts,Bank Loan
S959,P1059,2/16/2018,5602625,Robert Cope,EMI
S960,P1060,2/19/2018,7412712,James Baker,Cheque
S961,P1061,2/2/2018,6143994,Todd Coleman,Cash
S962,P1062,2/5/2018,6548003,Carl Johnson,Bank Loan
S963,P1063,2/6/2018,8397315,Linda Morris,EMI
S964,P1064,2/7/2018,5224136,Larry Ingram,Cheque
S965,P1065,2/8/2018,4573705,Kristine Hunter,Cash
S966,P1066,2/9/2018,4652582,David Bussell,Bank Loan
S967,P1067,2/12/2018,7034859,Brandon Coaxum,EMI
S968,P1068,2/13/2018,7289766,Helen Denson,Cheque
S969,P1069,2/14/2018,7504736,Betty Hutchings,Cash
S970,P1070,2/15/2018,6260337,William Mccray,Bank Loan
S971,P1071,2/16/2018,5547929,Cheryl Schultz,EMI
S972,P1072,2/19/2018,5141218,Robert Gamba,Cheque
S973,P1073,2/2/2018,5114790,Morris Wood,Cash
S974,P1074,2/5/2018,6844873,Mark Blake,Bank Loan
S975,P1075,2/6/2018,8602612,William Kimbrough,EMI
S976,P1076,2/7/2018,9005997,Lucius Vasser,Cheque
S977,P1077,2/8/2018,9347242,Shawnee Johnston,Cash
S978,P1078,2/9/2018,7445589,Jeffery Fujii,Bank Loan
S979,P1079,2/12/2018,4579718,Joan Williams,EMI
S980,P1080,2/13/2018,5087049,Melinda Dickey,Cheque
S981,P1081,2/14/2018,5825067,Gene Angulo,Cash
S982,P1082,2/15/2018,8221127,Eileen Norton,Bank Loan
S983,P1083,2/16/2018,8228979,Craig Smith,EMI
S984,P1084,2/19/2018,6049167,Kami Jackson,Cheque
S985,P1085,2/2/2018,6125016,Jesse Massengale,Cash
S986,P1086,2/5/2018,8970542,Susan Plemons,Bank Loan
S987,P1087,2/6/2018,5938183,Richard Roark,EMI
S988,P1088,2/7/2018,9294228,Michael Hardy,Cheque
S989,P1089,2/8/2018,9074760,James Carter,Cash
S990,P1090,2/9/2018,8578180,Amanda Pierce,Bank Loan
S991,P1091,2/12/2018,8855679,James Miller,EMI
S992,P1092,2/13/2018,5601334,Evelyn Cooley,Cheque
S993,P1093,2/14/2018,7149414,Latonya Perritt,Cash
S994,P1094,2/15/2018,6886883,Rikki Jackson,Bank Loan
S995,P1095,2/16/2018,8170185,Michael Mccray,EMI
S996,P1096,2/19/2018,5542605,Elton Trudeau,Cheque
S997,P1097,2/2/2018,4668725,Andrew West,Cash
S998,P1098,2/5/2018,9182988,Kim Fierro,Bank Loan
S999,P1099,2/6/2018,9334262,Charles Milne,EMI
S1000,P1100,2/7/2018,7629055,Sharon Hendrix,Cheque
S1001,P1101,2/8/2018,6203261,Philip Hart,Bank Loan
S1002,P1102,2/9/2018,8480083,Mildred Rainwater,Bank Loan
S1003,P1103,2/12/2018,7188256,Kenneth Mitchell,Bank Loan
S1004,P1104,2/13/2018,8311809,Clyde Griffith,Bank Loan
S1005,P1105,2/14/2018,8982789,Kenneth Killion,Bank Loan
S1006,P1106,2/15/2018,7643822,Burton Evans,Bank Loan
S1007,P1107,2/16/2018,4713165,Stanley Hinson,Bank Loan
S1008,P1108,2/19/2018,8643615,Thomas Nebergall,Bank Loan
S1009,P1109,2/2/2018,8295924,Robert Velasquez,Bank Loan
S1010,P1110,2/5/2018,4850249,Alice Olague,Bank Loan
S1011,P1111,2/6/2018,9221683,Marla Ogami,Bank Loan
S1012,P1112,2/7/2018,9450580,Kari Payton,Bank Loan
S1013,P1113,2/8/2018,5382518,Jack Cason,Bank Loan
S1014,P1114,2/9/2018,7443909,Linda Carter,Bank Loan
S1015,P1115,2/12/2018,4727228,Theron Coffman,Bank Loan
S1016,P1116,2/13/2018,6147271,Gerald Honokaupu,Bank Loan
S1017,P1117,2/14/2018,7962819,Eric Zucker,Bank Loan
S1018,P1118,2/15/2018,5926659,Helen Carver,Bank Loan
S1019,P1119,2/16/2018,5923039,Andrea Congress,Bank Loan
S1020,P1120,2/19/2018,7733367,Frederick Asuncion,Bank Loan
S1021,P1121,2/2/2018,5477729,Linda Weingard,Bank Loan
S1022,P1122,2/5/2018,8624093,Diane Berry,Bank Loan
S1023,P1123,2/6/2018,6057548,Christi Clements,Bank Loan
S1024,P1124,2/7/2018,6631907,Gloria Beck,Bank Loan
S1025,P1125,2/8/2018,5472511,Willie Hannah,Bank Loan
S1026,P1126,2/9/2018,5902829,Lloyd Ryan,Bank Loan
S1027,P1127,2/12/2018,8525846,Jeremy Rocque,Bank Loan
S1028,P1128,2/13/2018,8983713,Donald Stephens,Bank Loan
S1029,P1129,2/14/2018,7529122,Justine Yanchik,Bank Loan
S1030,P1130,2/15/2018,8049530,Marlene Miah,Bank Loan
S1031,P1131,2/16/2018,6663712,Tiffany Peak,Bank Loan
S1032,P1132,2/19/2018,6620247,Barbara Banks,Bank Loan
S1033,P1133,2/2/2018,7367825,Joseph Amato,Bank Loan
S1034,P1134,2/5/2018,8088163,Mirella Thornburg,Bank Loan
S1035,P1135,2/6/2018,8227130,Dwight Lanzilotta,Bank Loan
S1036,P1136,2/7/2018,6494978,Bobbie Henrick,Bank Loan
S1037,P1137,2/8/2018,8625350,Kimberly Galindo,Bank Loan
S1038,P1138,2/9/2018,6339072,Patricia Johnson,Bank Loan
S1039,P1139,2/12/2018,8934063,Kristen Blocker,Bank Loan
S1040,P1140,2/13/2018,5256011,Arlene Gannon,Bank Loan
S1041,P1141,2/14/2018,4766958,Dennis Craig,Bank Loan
S1042,P1142,2/15/2018,4834403,Bessie Chavez,Bank Loan
S1043,P1143,2/16/2018,9174474,Tom Cade,Bank Loan
S1044,P1144,2/19/2018,6822285,Justin Rios,Bank Loan
S1045,P1145,2/2/2018,9203902,Daniel Martin,Bank Loan
S1046,P1146,2/5/2018,9385505,Justin Harper,Bank Loan
S1047,P1147,2/6/2018,8607558,Eric Washington,Bank Loan
S1048,P1148,2/7/2018,5488408,Timothy Haaby,Bank Loan
S1049,P1149,2/8/2018,8413586,Ethel Breland,Bank Loan
S1050,P1150,2/9/2018,5406037,Sandra Sullivan,Bank Loan
S1051,P1151,2/12/2018,7884791,Cory Boes,Bank Loan
S1052,P1152,2/13/2018,5309033,Russell Thomas,Bank Loan
S1053,P1153,2/14/2018,4542707,Ana Blanton,Bank Loan
S1054,P1154,2/15/2018,5294705,James Rhew,Bank Loan
S1055,P1155,2/16/2018,8972816,Barbara Priolean,Bank Loan
S1056,P1156,2/19/2018,5893730,Earl Murphy,Bank Loan
S1057,P1157,2/2/2018,6129215,Helen Jones,Bank Loan
S1058,P1158,2/5/2018,4609151,Mary Gardner,Bank Loan
S1059,P1159,2/6/2018,8606628,Georgianna Bard,Bank Loan
S1060,P1160,2/7/2018,5041572,Mark Kelly,Bank Loan
S1061,P1161,2/8/2018,8268690,James Lee,Bank Loan
S1062,P1162,2/9/2018,5957305,Randolph Mckay,Bank Loan
S1063,P1163,2/12/2018,8680224,William Estrada,Bank Loan
S1064,P1164,2/13/2018,6637924,Jolene Hillman,Bank Loan
S1065,P1165,2/14/2018,6512984,Antonio Miller,Bank Loan
S1066,P1166,2/15/2018,6567970,Heather Brown,Bank Loan
S1067,P1167,2/16/2018,6759513,Herbert Bearden,Bank Loan
S1068,P1168,2/19/2018,5758825,Erik Kimbler,Bank Loan
S1069,P1169,2/2/2018,5623542,Wayne Crosley,Bank Loan
S1070,P1170,2/5/2018,5108617,Linda Schiffman,Bank Loan
S1071,P1171,2/6/2018,5977474,Henry Rothstein,Bank Loan
S1072,P1172,2/7/2018,7404180,Kathy Rodriquez,Bank Loan
S1073,P1173,2/8/2018,7465775,Edwina Bannister,Bank Loan
S1074,P1174,2/9/2018,7691055,Richard Martino,Bank Loan
S1075,P1175,2/12/2018,8279379,Eric Poindexter,Bank Loan
S1076,P1176,2/13/2018,9489067,Gretchen Benson,Bank Loan
S1077,P1177,2/14/2018,5410512,Louis Watson,Bank Loan
S1078,P1178,2/15/2018,7757735,Jodie Hamrick,Bank Loan
S1079,P1179,2/16/2018,8620062,Rick Justice,Bank Loan
S1080,P1180,2/19/2018,8205925,Betty Savory,Bank Loan
S1081,P1181,2/2/2018,7403978,Piper Mallat,Bank Loan
S1082,P1182,2/5/2018,7770125,Christopher Carpentier,Bank Loan
S1083,P1183,2/6/2018,9313911,Christopher Cobian,Bank Loan
S1084,P1184,2/7/2018,7993049,Alex Corral,Bank Loan
S1085,P1185,2/8/2018,7518085,Bertha Ice,Bank Loan
S1086,P1186,2/9/2018,8666893,Theodore Erickson,Bank Loan
S1087,P1187,2/12/2018,5855263,Pedro Ferguson,Bank Loan
S1088,P1188,2/13/2018,8430305,Marian Gregory,Bank Loan
S1089,P1189,2/14/2018,4960104,Marjorie Curran,Bank Loan
S1090,P1190,2/15/2018,6481488,Henry Richards,Bank Loan
S1091,P1191,2/16/2018,5824465,Paula Koger,Bank Loan
S1092,P1192,2/19/2018,5706447,Floyd Maloney,Bank Loan
S1093,P1193,2/2/2018,6233827,Jorge Hill,Bank Loan
S1094,P1194,2/5/2018,7487409,Margaret Marble,Bank Loan
S1095,P1195,2/6/2018,8162093,Joanne Bisonette,Bank Loan
S1096,P1196,2/7/2018,9419193,Ingrid Watkins,Bank Loan
S1097,P1197,2/8/2018,9132820,Tyler Mortenson,Bank Loan
S1098,P1198,2/9/2018,9355226,Cynthia Guest,Bank Loan
S1099,P1199,2/12/2018,9098513,Lawrence Sanders,Bank Loan
S1100,P1200,2/13/2018,7831122,Julie Ortiz,Bank Loan
S1101,P1201,2/14/2018,7714457,Teresa Maiden,Bank Loan
S1102,P1202,2/15/2018,8893752,Lois Delao,Bank Loan
S1103,P1203,2/16/2018,8931728,Vern Moss,Bank Loan
S1104,P1204,2/19/2018,7119816,June Doctor,Bank Loan
S1105,P1205,2/2/2018,6344237,Sharon Flood,Bank Loan
S1106,P1206,2/5/2018,6556337,Reta Erlebach,Bank Loan
S1107,P1207,2/6/2018,8605872,William Engle,Bank Loan
S1108,P1208,2/7/2018,5086625,Latarsha Dean,Bank Loan
S1109,P1209,2/8/2018,8793251,Oscar Fowler,Bank Loan
S1110,P1210,2/9/2018,5235271,Wilfred Henderson,Bank Loan
S1111,P1211,2/12/2018,6648702,Gordon Weintraub,Bank Loan
S1112,P1212,2/13/2018,4771743,Evelyn Albrecht,Bank Loan
S1113,P1213,2/14/2018,4940956,Ariel Beringer,Bank Loan
S1114,P1214,2/15/2018,6674720,Addie Baez,Bank Loan
S1115,P1215,2/16/2018,6134513,Frederick Levenstein,Bank Loan
S1116,P1216,2/19/2018,5907705,Walter Flint,Bank Loan
S1117,P1217,2/2/2018,8805752,Saundra Doyle,Bank Loan
S1118,P1218,2/5/2018,4822805,Taylor Thomas,Bank Loan
S1119,P1219,2/6/2018,6533809,Humberto Welch,Bank Loan
S1120,P1220,2/7/2018,7054235,Gerald Griffin,Bank Loan
S1121,P1221,2/8/2018,6471092,Nancy Yates,Bank Loan
S1122,P1222,2/9/2018,8193550,Robert Cummings,Bank Loan
S1123,P1223,2/12/2018,6105880,Brian Haller,Bank Loan
S1124,P1224,2/13/2018,8633273,Mona Montano,Bank Loan
S1125,P1225,2/14/2018,6374580,Jeffery Bradford,Bank Loan
S1126,P1226,2/15/2018,6241058,Christopher Ford,Bank Loan
S1127,P1227,2/16/2018,5638643,Angela Walton,Bank Loan
S1128,P1228,2/19/2018,4950700,Leroy Cummins,Bank Loan
S1129,P1229,2/2/2018,8924198,William Putnam,Bank Loan
S1130,P1230,2/5/2018,7535613,Edgar Oley,Bank Loan
S1131,P1231,2/6/2018,6056463,Ben Dewitt,Bank Loan
S1132,P1232,2/7/2018,8757431,Laverne Folwell,Bank Loan
S1133,P1233,2/8/2018,4812974,Kim Gainer,Bank Loan
S1134,P1234,2/9/2018,5012190,Jeff Cooper,Bank Loan
S1135,P1235,2/12/2018,4978111,Sadie Greenhoward,Bank Loan
S1136,P1236,2/13/2018,8227047,Timothy Le,Bank Loan
S1137,P1237,2/14/2018,6074761,Elizabeth Marrin,Bank Loan
S1138,P1238,2/15/2018,8051467,Stephen Valerio,Bank Loan
S1139,P1239,2/16/2018,8480983,Addie Kraus,Bank Loan
S1140,P1240,2/19/2018,8077546,Eleanor Hight,Bank Loan
S1141,P1241,2/2/2018,6163555,Miguel Rocha,Bank Loan
S1142,P1242,2/5/2018,5690757,Fern Patel,Bank Loan
S1143,P1243,2/6/2018,7870683,Kenneth Philbrick,Bank Loan
S1144,P1244,2/7/2018,8238583,Courtney Muller,Bank Loan
S1145,P1245,2/8/2018,6188888,Robert Smith,Bank Loan
S1146,P1246,2/9/2018,4883010,Daniel Orms,Bank Loan
S1147,P1247,2/12/2018,7810880,Agnes Newman,Bank Loan
S1148,P1248,2/13/2018,6680125,Steven Gonzales,Bank Loan
S1149,P1249,2/14/2018,4666642,Mark Jacobs,Bank Loan
S1150,P1250,2/15/2018,9162594,Kenneth Dexter,Bank Loan
S1151,P1251,2/16/2018,8249353,Sally Moody,Bank Loan
S1152,P1252,2/19/2018,5301326,Joshua Karnes,Bank Loan
S1153,P1253,2/2/2018,7084269,Mildred Brill,Bank Loan
S1154,P1254,2/5/2018,8193993,Lorena Rhoads,Bank Loan
S1155,P1255,2/6/2018,5996469,Adam Hirst,Bank Loan
S1156,P1256,2/7/2018,8971500,Ashley Kendrick,Bank Loan
S1157,P1257,2/8/2018,5190973,Hubert Niswander,Bank Loan
S1158,P1258,2/9/2018,4985964,Gale Caraballo,Bank Loan
S1159,P1259,2/12/2018,6113139,Cindy Garman,Bank Loan
S1160,P1260,2/13/2018,7326209,Mary Fortune,Bank Loan
S1161,P1261,2/14/2018,7946679,Mamie Turner,Bank Loan
S1162,P1262,2/15/2018,6274985,Tabatha Ebling,Bank Loan
S1163,P1263,2/16/2018,8964382,Mark Vandenbosch,Bank Loan
S1164,P1264,2/19/2018,6892108,Rachel Green,Bank Loan
S1165,P1265,2/2/2018,6179442,Virginia Cloer,Bank Loan
S1166,P1266,2/5/2018,8841029,Andrew Levins,Bank Loan
S1167,P1267,2/6/2018,6977258,Erica Wynn,Bank Loan
S1168,P1268,2/7/2018,5361315,Laura Fullerton,Bank Loan
S1169,P1269,2/8/2018,7996465,Clara Bishop,Bank Loan
S1170,P1270,2/9/2018,6848230,Jason Evans,Bank Loan
S1171,P1271,2/12/2018,5140222,Robert Terkelsen,Bank Loan
S1172,P1272,2/13/2018,6474591,James Taylor,Bank Loan
S1173,P1273,2/14/2018,6083169,Elizabeth Beach,Bank Loan
S1174,P1274,2/15/2018,8004679,Barbara Bell,Bank Loan
S1175,P1275,2/16/2018,5524003,Esmeralda Chavez,Bank Loan
S1176,P1276,2/19/2018,9058447,Anthony Robinson,Bank Loan
S1177,P1277,2/2/2018,8500459,Juliana Mcginnis,Bank Loan
S1178,P1278,2/5/2018,5400428,William Little,Bank Loan
S1179,P1279,2/6/2018,7855495,Robert Wilson,Bank Loan
S1180,P1280,2/7/2018,8866441,Dennis Evans,Bank Loan
S1181,P1281,2/8/2018,4757684,Harry Hernandez,Bank Loan
S1182,P1282,2/9/2018,6682306,Luciano Kenoyer,Bank Loan
S1183,P1283,2/12/2018,7118454,James Webb,Bank Loan
S1184,P1284,2/13/2018,5222800,Desiree Watkins,Bank Loan
S1185,P1285,2/14/2018,7732854,Gary Marshall,Bank Loan
S1186,P1286,2/15/2018,7359294,Gregory Williams,Bank Loan
S1187,P1287,2/16/2018,5265363,Jeremiah Olds,Bank Loan
S1188,P1288,2/19/2018,6112136,Robin Godfrey,Bank Loan
S1189,P1289,2/2/2018,4513790,Alan Smith,Bank Loan
S1190,P1290,2/5/2018,6708131,Terri Radford,Bank Loan
S1191,P1291,2/6/2018,5951513,Lisa Ingle,Bank Loan
S1192,P1292,2/7/2018,8780456,Brian Gonzales,Bank Loan
S1193,P1293,2/8/2018,6729855,Lynn Longsdorf,Bank Loan
S1194,P1294,2/9/2018,9234446,Ross Rigsby,Bank Loan
S1195,P1295,2/12/2018,6449799,Jonathan Richardson,Bank Loan
S1196,P1296,2/13/2018,5748439,Debbie Nery,Bank Loan
S1197,P1297,2/14/2018,9370568,Jason Chaney,Bank Loan
S1198,P1298,2/15/2018,5192318,Paul Weiler,Bank Loan
S1199,P1299,2/16/2018,5582179,Becky Vasquez,Bank Loan
S1200,P1300,2/19/2018,5936087,Fred Vanhoose,Bank Loan
S1201,P1301,2/2/2018,4903052,Robert Parsons,Bank Loan
S1202,P1302,2/5/2018,6939591,Willie King,Bank Loan
S1203,P1303,2/6/2018,7834637,Ann Knisley,Bank Loan
S1204,P1304,2/7/2018,8414785,Charles Martinez,Bank Loan
S1205,P1305,2/8/2018,8833279,Donald Flores,Bank Loan
S1206,P1306,2/9/2018,9359874,Mark Rinks,Bank Loan
S1207,P1307,2/12/2018,5297379,Flora Seymour,Bank Loan
S1208,P1308,2/13/2018,6813780,Joe Delarosa,Bank Loan
S1209,P1309,2/14/2018,9361285,Taylor Shiels,Bank Loan
S1210,P1310,2/15/2018,7135314,Betty Webster,Bank Loan
S1211,P1311,2/16/2018,7146802,Billy Hollis,Bank Loan
S1212,P1312,2/19/2018,8377069,Billy Tripp,Bank Loan
S1213,P1313,2/2/2018,8522434,Maximo Walker,Bank Loan
S1214,P1314,2/5/2018,8537324,Shannon Duque,Bank Loan
S1215,P1315,2/6/2018,8186898,Josefina Ewing,Bank Loan
S1216,P1316,2/7/2018,4790130,Diego Davis,Bank Loan
S1217,P1317,2/8/2018,4716175,Autumn Welsh,Bank Loan
S1218,P1318,2/9/2018,8739205,John Mccormick,Bank Loan
S1219,P1319,2/12/2018,8986739,Aline French,Bank Loan
S1220,P1320,2/13/2018,5722369,Jennifer Weiner,Bank Loan
S1221,P1321,2/14/2018,5592045,Reginald Jones,Bank Loan
S1222,P1322,2/15/2018,4834749,Pearly Wiseman,Bank Loan
S1223,P1323,2/16/2018,6053376,Donnie Rome,Bank Loan
S1224,P1324,2/19/2018,6747687,Floyd Molina,Bank Loan
S1225,P1325,2/2/2018,7585022,Nichole Martin,Bank Loan
S1226,P1326,2/5/2018,4801950,Robert Falcon,Bank Loan
S1227,P1327,2/6/2018,7695875,Lila Miner,Bank Loan
S1228,P1328,2/7/2018,5789142,Nicole Hattaway,Bank Loan
S1229,P1329,2/8/2018,7940386,Robert Nykiel,Bank Loan
S1230,P1330,2/9/2018,5417776,Myra Rose,Bank Loan
S1231,P1331,2/12/2018,7211509,Carolyn Zeinert,Bank Loan
S1232,P1332,2/13/2018,8648991,Casey Szeto,Bank Loan
S1233,P1333,2/14/2018,9416085,Robert Vanegas,Bank Loan
S1234,P1334,2/15/2018,8341666,Michael Harbaugh,Bank Loan
S1235,P1335,2/16/2018,7211925,Carmen Reeve,Bank Loan
S1236,P1336,2/19/2018,7738737,Janet Hanson,Bank Loan
S1237,P1337,2/2/2018,6925332,Richard Samuel,Bank Loan
S1238,P1338,2/5/2018,6394795,Robert Kline,Bank Loan
S1239,P1339,2/6/2018,6989346,Roy Little,Bank Loan
S1240,P1340,2/7/2018,5554075,Nathaniel Stephens,Bank Loan
S1241,P1341,2/8/2018,6429041,Edna Hanson,Bank Loan
S1242,P1342,2/9/2018,7713499,Mary Sandoval,Bank Loan
S1243,P1343,2/12/2018,8999697,Jonathan Caneva,Bank Loan
S1244,P1344,2/13/2018,4779703,Christina Biles,Bank Loan
S1245,P1345,2/14/2018,9427262,William Lagnese,Bank Loan
S1246,P1346,2/15/2018,8220540,Donald Hiller,Bank Loan
S1247,P1347,2/16/2018,8165459,Edward Morris,Bank Loan
S1248,P1348,2/19/2018,8653770,Vera Vargas,Bank Loan
S1249,P1349,2/2/2018,6668241,Ryan Sarris,Bank Loan
S1250,P1350,2/5/2018,5963913,Dorothy Fuoco,Bank Loan
S1251,P1351,2/6/2018,7013048,Luther Taylor,Bank Loan
S1252,P1352,2/7/2018,6851616,Ana Wilder,Bank Loan
S1253,P1353,2/8/2018,8942712,Ellen Bass,Bank Loan
S1254,P1354,2/9/2018,7124722,John Wright,Bank Loan
S1255,P1355,2/12/2018,7111845,Wanda Cox,Bank Loan
S1256,P1356,2/13/2018,6944208,Jody Hinkle,Bank Loan
S1257,P1357,2/14/2018,6915792,Monica Allen,Bank Loan
S1258,P1358,2/15/2018,7720679,Christina Roman,Bank Loan
S1259,P1359,2/16/2018,8828976,Lauretta Burke,Bank Loan
S1260,P1360,2/19/2018,7723884,Sandra Phelps,Bank Loan
S1261,P1361,2/2/2018,6682425,Maryjane Garza,Bank Loan
S1262,P1362,2/5/2018,6181043,Daniel Young,Bank Loan
S1263,P1363,2/6/2018,8661990,Diane Harris,Bank Loan
S1264,P1364,2/7/2018,5046973,Joseph Drane,Bank Loan
S1265,P1365,2/8/2018,7827103,James Speer,Bank Loan
S1266,P1366,2/9/2018,9409846,Walter Williams,Bank Loan
S1267,P1367,2/12/2018,7576302,Robert Duncan,Bank Loan
S1268,P1368,2/13/2018,6899577,Vera Vandiver,Bank Loan
S1269,P1369,2/14/2018,4670934,Rachael Taylor,Bank Loan
S1270,P1370,2/15/2018,5070401,Jose Sinclair,Bank Loan
S1271,P1371,2/16/2018,5228328,Phyllis Kissell,Bank Loan
S1272,P1372,2/19/2018,5827597,Kim Griffin,Bank Loan
S1273,P1373,2/2/2018,5729416,Fabiola Duncan,Bank Loan
S1274,P1374,2/5/2018,7567951,Danny Kuhn,Bank Loan
S1275,P1375,2/6/2018,7547240,Frank Gonzalez,Bank Loan
S1276,P1376,2/7/2018,7201678,Jimmy Hill,Bank Loan
S1277,P1377,2/8/2018,5214659,Roy Bray,Bank Loan
S1278,P1378,2/9/2018,7588698,Vicki Mcgee,Bank Loan
S1279,P1379,2/12/2018,9270814,Brian Scott,Bank Loan
S1280,P1380,2/13/2018,5180729,Andrea Willis,Bank Loan
S1281,P1381,2/14/2018,8882473,Bobbie Cruz,Bank Loan
S1282,P1382,2/15/2018,5797698,Mary Little,Bank Loan
S1283,P1383,2/16/2018,7443023,Edward Carns,Bank Loan
S1284,P1384,2/19/2018,6959066,Fernanda Huff,Bank Loan
S1285,P1385,2/2/2018,8033683,Catherine Mcdonald,Bank Loan
S1286,P1386,2/5/2018,9391353,Janet Patterson,Bank Loan
S1287,P1387,2/6/2018,6001895,Debbie Baker,Bank Loan
S1288,P1388,2/7/2018,8378971,Amy Franks,Bank Loan
S1289,P1389,2/8/2018,5143598,Lindsey Mckinley,Bank Loan
S1290,P1390,2/9/2018,4520745,Debra Mullins,Bank Loan
S1291,P1391,2/12/2018,5361600,Harold Sampson,Bank Loan
S1292,P1392,2/13/2018,8416140,Carolina Hughes,Bank Loan
S1293,P1393,2/14/2018,6794643,Carolyn Matson,Bank Loan
S1294,P1394,2/15/2018,6017647,Jeri Farr,Bank Loan
S1295,P1395,2/16/2018,5292060,Ronnie Adams,Bank Loan
S1296,P1396,2/19/2018,9385778,Brooke Helms,Bank Loan
S1297,P1397,2/2/2018,6598605,Oscar Posey,Bank Loan
S1298,P1398,2/5/2018,6610630,Adele Fields,Bank Loan
S1299,P1399,2/6/2018,7406445,Eric Mays,Bank Loan
S1300,P1400,2/7/2018,8024948,Richard Harris,Bank Loan
S1301,P1401,2/8/2018,4600453,Norma Reyna,Bank Loan
S1302,P1402,2/9/2018,5339872,Betty Stine,Bank Loan
S1303,P1403,2/12/2018,4528422,Jerry Guajardo,Bank Loan
S1304,P1404,2/13/2018,9407386,Debra Hayzlett,Bank Loan
S1305,P1405,2/14/2018,6492898,Michael Arnold,Bank Loan
S1306,P1406,2/15/2018,6781014,Mike Guttmann,Bank Loan
S1307,P1407,2/16/2018,8892854,Jay Rodriguez,Bank Loan
S1308,P1408,2/19/2018,5100334,Cynthia Emerson,Bank Loan
S1309,P1409,2/2/2018,8365169,Rodney Sorenson,Bank Loan
S1310,P1410,2/5/2018,5133219,Janice Blaize,Bank Loan
S1311,P1411,2/6/2018,6803879,Gerald Gilfillan,Bank Loan
S1312,P1412,2/7/2018,8750097,Mary Nolin,Bank Loan
S1313,P1413,2/8/2018,4916584,Ava Nice,Bank Loan
S1314,P1414,2/9/2018,6955829,Katrice Fenn,Bank Loan
S1315,P1415,2/12/2018,7417980,George Covington,Bank Loan
S1316,P1416,2/13/2018,7074679,William White,Bank Loan
S1317,P1417,2/14/2018,6368677,Justin Hanisch,Bank Loan
S1318,P1418,2/15/2018,8476448,Frank Foust,Bank Loan
S1319,P1419,2/16/2018,8840420,Brian Sedrakyan,Bank Loan
S1320,P1420,2/19/2018,8565368,Robert Lee,Bank Loan
S1321,P1421,2/2/2018,8230773,Mary Bailey,Bank Loan
S1322,P1422,2/5/2018,9138259,Catherine Lindner,Bank Loan
S1323,P1423,2/6/2018,5413690,Stephanie Marshall,Bank Loan
S1324,P1424,2/7/2018,7211327,Jennifer Adair,Bank Loan
S1325,P1425,2/8/2018,6474957,Debra Cotto,Bank Loan
S1326,P1426,2/9/2018,7521682,Jason Moore,Bank Loan
S1327,P1427,2/12/2018,7186718,Scott Vanmeter,Bank Loan
S1328,P1428,2/13/2018,4793636,Andrew Chicas,Bank Loan
S1329,P1429,2/14/2018,8620884,David Jenkins,Bank Loan
S1330,P1430,2/15/2018,9274885,Willie Langevin,Bank Loan
S1331,P1431,2/16/2018,7356971,Kenneth Yocom,Bank Loan
S1332,P1432,2/19/2018,6354497,Craig Mercer,Bank Loan
S1333,P1433,2/2/2018,7769520,Cheryl Bullock,Bank Loan
S1334,P1434,2/5/2018,4793306,Robin Lee,Bank Loan
S1335,P1435,2/6/2018,6565178,Jennifer Archer,Bank Loan
S1336,P1436,2/7/2018,8718192,Laura Burgess,Bank Loan
S1337,P1437,2/8/2018,6699345,Robert Pool,Bank Loan
S1338,P1438,2/9/2018,6678080,Tami Stafford,Bank Loan
S1339,P1439,2/12/2018,6881392,Martha Thomas,Bank Loan
S1340,P1440,2/13/2018,8567302,Andrew Soares,Bank Loan
S1341,P1441,2/14/2018,6245346,Lawrence Cohrs,Bank Loan
S1342,P1442,2/15/2018,6789510,Suzie Yerkes,Bank Loan
S1343,P1443,2/16/2018,5774264,Emilio Tomasini,Bank Loan
S1344,P1444,2/19/2018,5362957,Betty Netterville,Bank Loan
S1345,P1445,2/2/2018,7692658,Jennifer Powell,Bank Loan
S1346,P1446,2/5/2018,5824801,Tia Richardson,Bank Loan
S1347,P1447,2/6/2018,8026439,Norman Armbruster,Bank Loan
S1348,P1448,2/7/2018,8867600,Ola Brei,Bank Loan
S1349,P1449,2/8/2018,5022633,Vernon Elem,Bank Loan
S1350,P1450,2/9/2018,9011714,Michael Downey,Bank Loan
S1351,P1451,2/12/2018,4815674,Derrick Gunn,Bank Loan
S1352,P1452,2/13/2018,4966635,Robert Teasley,Bank Loan
S1353,P1453,2/14/2018,8998073,Bryan Banks,Bank Loan
S1354,P1454,2/15/2018,7874906,William Kiani,Bank Loan
S1355,P1455,2/16/2018,7232885,Richard Varel,Bank Loan
S1356,P1456,2/19/2018,7330115,Mary Feth,Bank Loan
S1357,P1457,2/2/2018,9231023,Beverly Laureano,Bank Loan
S1358,P1458,2/5/2018,6723987,Juan Dennison,Bank Loan
S1359,P1459,2/6/2018,5938585,Robin Lim,Bank Loan
S1360,P1460,2/7/2018,5705183,Judy Ponce,Bank Loan
S1361,P1461,2/8/2018,6939767,Jessica Gaines,Bank Loan
S1362,P1462,2/9/2018,6741332,Frances Thayer,Bank Loan
S1363,P1463,2/12/2018,5641871,Raymond Zhong,Bank Loan
S1364,P1464,2/13/2018,8106917,Billy Belizaire,Bank Loan
S1365,P1465,2/14/2018,4749721,Shawna Pointer,Bank Loan
S1366,P1466,2/15/2018,8408501,Trisha Lorentz,Bank Loan
S1367,P1467,2/16/2018,5370450,Annie Combs,Bank Loan
S1368,P1468,2/19/2018,8256120,Ruth Couch,Bank Loan
S1369,P1469,2/2/2018,5715029,Fred Conlin,Bank Loan
S1370,P1470,2/5/2018,6099943,Dwayne Shrader,Bank Loan
S1371,P1471,2/6/2018,5391158,Mark Bergeson,Bank Loan
S1372,P1472,2/7/2018,6724183,Libby Mccarthy,Bank Loan
S1373,P1473,2/8/2018,7690308,Norma Durham,Bank Loan
S1374,P1474,2/9/2018,7841249,Andre Dawson,Bank Loan
S1375,P1475,2/12/2018,7640965,Valerie Whitson,Bank Loan
S1376,P1476,2/13/2018,7495968,Andrea Webb,Bank Loan
S1377,P1477,2/14/2018,5011796,Dan Ryans,Bank Loan
S1378,P1478,2/15/2018,8191202,Deborah Wilcher,Bank Loan
S1379,P1479,2/16/2018,8068952,Laura Gillard,Bank Loan
S1380,P1480,2/19/2018,7611928,Larry Lawson,Bank Loan
S1381,P1481,2/2/2018,8733832,Doris Miller,Bank Loan
S1382,P1482,2/5/2018,9470318,Alexander Helzer,Bank Loan
S1383,P1483,2/6/2018,7626889,Angelica Brown,Bank Loan
S1384,P1484,2/7/2018,8119256,Ricky White,Bank Loan
S1385,P1485,2/8/2018,8135577,Erin Herzog,Bank Loan
S1386,P1486,2/9/2018,5608331,Lillian Phillips,Bank Loan
S1387,P1487,2/12/2018,5583218,Clinton Avendano,Bank Loan
S1388,P1488,2/13/2018,7837210,Kimberly Price,Bank Loan
S1389,P1489,2/14/2018,4875018,James Hall,Bank Loan
S1390,P1490,2/15/2018,5173663,Bernice Goodemote,Bank Loan
S1391,P1491,2/16/2018,6875428,Cynthia Anderson,Bank Loan
S1392,P1492,2/19/2018,6200472,Rick Jones,Bank Loan
S1393,P1493,2/2/2018,7324767,Kathy Brownfield,Bank Loan
S1394,P1494,2/5/2018,8357247,Sylvia Roy,Bank Loan
S1395,P1495,2/6/2018,5678938,Michael Anglea,Bank Loan
S1396,P1496,2/7/2018,4687502,Lillie Mertz,Bank Loan
S1397,P1497,2/8/2018,5871379,Eric Lopez,Bank Loan
S1398,P1498,2/9/2018,6654012,Glenna Fields,Bank Loan
S1399,P1499,2/12/2018,7157495,Ramon Iuliucci,Bank Loan
S1400,P1500,2/13/2018,6868317,Curtis Flanagan,Bank Loan
S1401,P1501,2/14/2018,5747762,Teresa Mann,Bank Loan
S1402,P1502,2/15/2018,8334999,Herbert Harling,Bank Loan
S1403,P1503,2/16/2018,9001701,John Belcher,Bank Loan
S1404,P1504,2/19/2018,6702242,Juanita Skaggs,Bank Loan
S1405,P1505,2/2/2018,7128112,Carolyn Meadows,Bank Loan
S1406,P1506,2/5/2018,5012499,Donald Heyde,Bank Loan
S1407,P1507,2/6/2018,5037464,Marvin Willis,Bank Loan
S1408,P1508,2/7/2018,5409128,Christopher Dixon,Bank Loan
S1409,P1509,2/8/2018,5979647,Audra Lambert,Bank Loan
S1410,P1510,2/9/2018,8324612,Sandra Vichidvongsa,Bank Loan
S1411,P1511,2/12/2018,9174266,Donna Sanchez,Bank Loan
S1412,P1512,2/13/2018,5943982,Barbara Woolfolk,Bank Loan
S1413,P1513,2/14/2018,6245416,Sandra Stevens,Bank Loan
S1414,P1514,2/15/2018,7371432,Dale Crocker,Bank Loan
S1415,P1515,2/16/2018,4839934,Donald Smythe,Bank Loan
S1416,P1516,2/19/2018,8452066,Andrew Adler,Bank Loan
S1417,P1517,2/2/2018,8297688,Charles Montalvo,Bank Loan
S1418,P1518,2/5/2018,6979488,Rodney Ahuna,Bank Loan
S1419,P1519,2/6/2018,7584546,Joseph Clay,Bank Loan
S1420,P1520,2/7/2018,6806724,Hellen Katechis,Bank Loan
S1421,P1521,2/8/2018,8248646,Tamara Do,Bank Loan
S1422,P1522,2/9/2018,8140361,Arnold Delong,Bank Loan
S1423,P1523,2/12/2018,5124028,Delores Kilgore,Bank Loan
S1424,P1524,2/13/2018,4639959,John Pisano,Bank Loan
S1425,P1525,2/14/2018,8915110,Stephanie Dray,Bank Loan
S1426,P1526,2/15/2018,6881663,Gary Sparks,Bank Loan
S1427,P1527,2/16/2018,5013538,Wayne Jones,Bank Loan
S1428,P1528,2/19/2018,6391625,Jason Obryon,Bank Loan
S1429,P1529,2/2/2018,6842251,Danny Duncan,Bank Loan
S1430,P1530,2/5/2018,6080432,Susan Perez,Bank Loan
S1431,P1531,2/6/2018,5374521,Mary Williams,Bank Loan
S1432,P1532,2/7/2018,7662917,Lawanda Anker,Bank Loan
S1433,P1533,2/8/2018,7856425,Fred Mccarthy,Bank Loan
S1434,P1534,2/9/2018,4506177,Mildred Sova,Bank Loan
S1435,P1535,2/12/2018,6941332,Pamela Diamantopoulo,Bank Loan
S1436,P1536,2/13/2018,7046988,Darryl Hudson,Bank Loan
S1437,P1537,2/14/2018,5048215,William Posey,Bank Loan
S1438,P1538,2/15/2018,5013742,Marilyn Franco,Bank Loan
S1439,P1539,2/16/2018,8511942,Kenneth Wyland,Bank Loan
S1440,P1540,2/19/2018,7315122,Derrick Lusk,Bank Loan
S1441,P1541,2/2/2018,9034584,Katy Owen,Bank Loan
S1442,P1542,2/5/2018,6279811,Thelma Gehrke,Bank Loan
S1443,P1543,2/6/2018,8133399,Sherryl Pontiff,Bank Loan
S1444,P1544,2/7/2018,4723345,Debra Re,Bank Loan
S1445,P1545,2/8/2018,6947562,Joseph Gonzales,Bank Loan
S1446,P1546,2/9/2018,7793044,Willie Sholders,Bank Loan
S1447,P1547,2/12/2018,5811462,Charles Angotti,Bank Loan
S1448,P1548,2/13/2018,6931953,Amber Lorino,Bank Loan
S1449,P1549,2/14/2018,5069953,Steven Dart,Bank Loan
S1450,P1550,2/15/2018,5351021,Donald White,Bank Loan
S1451,P1551,2/16/2018,7067689,Juanita Manning,Bank Loan
S1452,P1552,2/19/2018,8791339,Denise Standish,Bank Loan
S1453,P1553,2/2/2018,5690887,Donna Goble,Bank Loan
S1454,P1554,2/5/2018,5076868,John Cleveland,Bank Loan
S1455,P1555,2/6/2018,5408151,Michael Briggs,Bank Loan
S1456,P1556,2/7/2018,5030780,Michael Keller,Bank Loan
S1457,P1557,2/8/2018,9200872,Roy Walker,Bank Loan
S1458,P1558,2/9/2018,5937804,Dorothy Garrett,Bank Loan
S1459,P1559,2/12/2018,7581528,Amy Johnson,Bank Loan
S1460,P1560,2/13/2018,5544275,Timothy Williams,Bank Loan
S1461,P1561,2/14/2018,6972639,Wesley Vida,Bank Loan
S1462,P1562,2/15/2018,8153577,Frank Harris,Bank Loan
S1463,P1563,2/16/2018,6951154,Mary Schlagel,Bank Loan
S1464,P1564,2/19/2018,7368089,Inez Guerra,Bank Loan
S1465,P1565,2/2/2018,5884168,Irene Barnes,Bank Loan
S1466,P1566,2/5/2018,7671938,April Kuntz,Bank Loan
S1467,P1567,2/6/2018,8813512,Denise Baker,Bank Loan
S1468,P1568,2/7/2018,7889333,Ruby Baker,Bank Loan
S1469,P1569,2/8/2018,9350625,Jennifer Lugo,Bank Loan
S1470,P1570,2/9/2018,6821834,Paul Barnett,Bank Loan
S1471,P1571,2/12/2018,6327568,Jerry Williams,Bank Loan
S1472,P1572,2/13/2018,6414792,Brian Morris,Bank Loan
S1473,P1573,2/14/2018,8553626,Anne Biller,Bank Loan
S1474,P1574,2/15/2018,4815595,Amanda Moore,Bank Loan
S1475,P1575,2/16/2018,4968081,Gabriel Jones,Bank Loan
S1476,P1576,2/19/2018,6535392,Jane Trout,Bank Loan
S1477,P1577,2/2/2018,7652139,Bernice Hitzeman,Bank Loan
S1478,P1578,2/5/2018,7912109,Bette Schaper,Bank Loan
S1479,P1579,2/6/2018,8400789,Kevin Welch,Bank Loan
S1480,P1580,2/7/2018,9328590,Hayden Rodriguez,Bank Loan
S1481,P1581,2/8/2018,5868801,Linda Jones,Bank Loan
S1482,P1582,2/9/2018,7927047,Caroline Stromberg,Bank Loan
S1483,P1583,2/12/2018,8976185,Estela Cherry,Bank Loan
S1484,P1584,2/13/2018,6096275,Edith Alvarado,Bank Loan
S1485,P1585,2/14/2018,5493066,Arthur Auclair,Bank Loan
S1486,P1586,2/15/2018,5833469,Mark Battiste,Bank Loan
S1487,P1587,2/16/2018,4722210,David Hogg,Bank Loan
S1488,P1588,2/19/2018,5318150,Jane Brooks,Bank Loan
S1489,P1589,2/2/2018,5606105,Rhonda Graf,Bank Loan
S1490,P1590,2/5/2018,8379139,Matthew Hansen,Bank Loan
S1491,P1591,2/6/2018,7828698,James Hoppe,Bank Loan
S1492,P1592,2/7/2018,6140325,Jennifer Bryan,Bank Loan
S1493,P1593,2/8/2018,7293388,Brenda Hodges,Bank Loan
S1494,P1594,2/9/2018,9156322,Christine Mannings,Bank Loan
S1495,P1595,2/12/2018,7151053,Ronald Lechler,Bank Loan
S1496,P1596,2/13/2018,6032042,James Batista,Bank Loan
S1497,P1597,2/14/2018,7469888,Lazaro Evans,Bank Loan
S1498,P1598,2/15/2018,8617947,Robert Carrasco,Bank Loan
S1499,P1599,2/16/2018,5807594,Robert Dubinsky,Bank Loan
S1500,P1600,2/19/2018,7605409,Vernon Gross,Bank Loan
S1501,P1601,2/2/2018,8851109,Mary Davis,Bank Loan
S1502,P1602,2/5/2018,5873110,Donna Matlock,Bank Loan
S1503,P1603,2/6/2018,5906687,Stuart Machado,Bank Loan
S1504,P1604,2/7/2018,7649944,Luke Walker,Bank Loan
S1505,P1605,2/8/2018,7592634,Ralph Sause,Bank Loan
S1506,P1606,2/9/2018,4615222,Gene Johnson,Bank Loan
S1507,P1607,2/12/2018,5930322,Donna Ricks,Bank Loan
S1508,P1608,2/13/2018,6341629,Catherine Maltie,Bank Loan
S1509,P1609,2/14/2018,6108723,Alan Mcqueen,Bank Loan
S1510,P1610,2/15/2018,8787442,Frances Parker,Bank Loan
S1511,P1611,2/16/2018,7149404,Johnathan Cresswell,Bank Loan
S1512,P1612,2/19/2018,6703350,Maynard Church,Bank Loan
S1513,P1613,2/2/2018,7740327,James Hudgins,Bank Loan
S1514,P1614,2/5/2018,5056228,Latoria Eggers,Bank Loan
S1515,P1615,2/6/2018,7492072,Danny Wilkinson,Bank Loan
S1516,P1616,2/7/2018,6060327,John Wills,Bank Loan
S1517,P1617,2/8/2018,4964103,Madeline Hudson,Bank Loan
S1518,P1618,2/9/2018,9065673,Jesse Urey,Bank Loan
S1519,P1619,2/12/2018,7605240,James Perkins,Bank Loan
S1520,P1620,2/13/2018,5479882,Jerome Radtke,Bank Loan
S1521,P1621,2/14/2018,6550617,Theresa Campbell,Bank Loan
S1522,P1622,2/15/2018,7502094,Billy Ross,Bank Loan
S1523,P1623,2/16/2018,8963681,Christopher Rowell,Bank Loan
S1524,P1624,2/19/2018,7147161,Troy Sims,Bank Loan
S1525,P1625,2/2/2018,9187522,Alexander Turner,Bank Loan
S1526,P1626,2/5/2018,6548599,Rhoda Lowe,Bank Loan
S1527,P1627,2/6/2018,7690706,Leroy Summerfield,Bank Loan
S1528,P1628,2/7/2018,7922544,Daniel Laureano,Bank Loan
S1529,P1629,2/8/2018,4764499,Amy Brown,Bank Loan
S1530,P1630,2/9/2018,9176387,Kelvin Gross,Bank Loan
S1531,P1631,2/22/2019,4631064,Agustina Mojica,Bank Loan
S1532,P1632,2/25/2019,8299322,David Peterson,Bank Loan
S1533,P1633,2/26/2019,9046686,Cecelia Phelan,Bank Loan
S1534,P1634,2/27/2019,5910559,Marilyn Hines,Bank Loan
S1535,P1635,2/28/2019,9007948,Raul Gillaspie,Bank Loan
S1536,P1636,3/1/2019,6809438,David Oneil,Bank Loan
S1537,P1637,3/4/2019,6724881,Douglas Deluca,Bank Loan
S1538,P1638,3/5/2019,8377630,Terry Streeter,Bank Loan
S1539,P1639,3/6/2019,6062598,Tracy Rodriguez,Bank Loan
S1540,P1640,3/7/2019,4624031,George Wilcutt,Bank Loan
S1541,P1641,3/8/2019,6862808,April Kron,Bank Loan
S1542,P1642,3/11/2019,6943625,Marguerite Krause,Bank Loan
S1543,P1643,2/22/2019,9182988,Edwin Anderson,Bank Loan
S1544,P1644,2/25/2019,8782054,Daniel Park,Bank Loan
S1545,P1645,2/26/2019,6604114,David Tran,Bank Loan
S1546,P1646,2/27/2019,4965096,Sharon Ransom,Bank Loan
S1547,P1647,2/28/2019,7445445,Julio Jenkins,Bank Loan
S1548,P1648,3/1/2019,5956769,Betty Kelley,Bank Loan
S1549,P1649,3/4/2019,6931615,Jayne Wignall,Bank Loan
S1550,P1650,3/5/2019,5191928,Della Harris,Bank Loan
S1551,P1651,3/6/2019,5992580,Thomas Marek,Bank Loan
S1552,P1652,3/7/2019,4744167,Anna Peters,Bank Loan
S1553,P1653,3/8/2019,6418521,Brian Jordon,Bank Loan
S1554,P1654,3/11/2019,6601727,Peter Villegas,Bank Loan
S1555,P1655,2/22/2019,9156480,John Neff,Bank Loan
S1556,P1656,2/25/2019,7522441,Richard Foster,Bank Loan
S1557,P1657,2/26/2019,6952749,Joseph Ward,Bank Loan
S1558,P1658,2/27/2019,5595838,Mark Dick,Bank Loan
S1559,P1659,2/28/2019,7238476,Jeremy Solian,Bank Loan
S1560,P1660,3/1/2019,9223830,Roy Johnson,Bank Loan
S1561,P1661,3/4/2019,5928510,Michael Carpenter,Bank Loan
S1562,P1662,3/5/2019,7110139,Sergio Liu,Bank Loan
S1563,P1663,3/6/2019,5514687,Cecil Anderson,Bank Loan
S1564,P1664,3/7/2019,6390233,Pamela Weiner,Bank Loan
S1565,P1665,3/8/2019,6192452,Benny Bailey,Bank Loan
S1566,P1666,3/11/2019,8563437,Rosie White,Bank Loan
S1567,P1667,2/22/2019,4506814,Dora Lainhart,Bank Loan
S1568,P1668,2/25/2019,6502497,Mary Sharpe,Bank Loan
S1569,P1669,2/26/2019,7033962,Doug Peters,Bank Loan
S1570,P1670,2/27/2019,6771642,Janet Nickerson,Bank Loan
S1571,P1671,2/28/2019,5349350,Mary Tingle,Bank Loan
S1572,P1672,3/1/2019,9070316,Phyllis Taylor,Bank Loan
S1573,P1673,3/4/2019,6970153,Graciela Mcgill,Bank Loan
S1574,P1674,3/5/2019,5163098,Robert Christy,Bank Loan
S1575,P1675,3/6/2019,7765164,Bettye Mckinney,Bank Loan
S1576,P1676,3/7/2019,7565821,Floyd Lawson,Bank Loan
S1577,P1677,3/8/2019,6888326,Doris Peters,Bank Loan
S1578,P1678,3/11/2019,7119553,James Hulse,Bank Loan
S1579,P1679,2/22/2019,8566091,Jaime Purnell,Bank Loan
S1580,P1680,2/25/2019,6124166,Margaret Mitchell,Bank Loan
S1581,P1681,2/26/2019,8556953,Susan Zhang,Bank Loan
S1582,P1682,2/27/2019,8765078,Marguerite Nesbit,Bank Loan
S1583,P1683,2/28/2019,4724504,Danielle Smith,Bank Loan
S1584,P1684,3/1/2019,7077278,George Mclaughlin,Bank Loan
S1585,P1685,3/4/2019,6431424,Karen Mason,Bank Loan
S1586,P1686,3/5/2019,6961216,Earl Rosas,Bank Loan
S1587,P1687,3/6/2019,8059148,Verla Sherrell,Bank Loan
S1588,P1688,3/7/2019,7063126,Stephen Richardson,Bank Loan
S1589,P1689,3/8/2019,6630984,Judith Charles,Bank Loan
S1590,P1690,3/11/2019,7071249,Ruth Schwenke,Bank Loan
S1591,P1691,2/22/2019,8310676,Fannie Dore,Bank Loan
S1592,P1692,2/25/2019,5396136,Anthony Chesser,Bank Loan
S1593,P1693,2/26/2019,7000144,Enda Stephens,Bank Loan
S1594,P1694,2/27/2019,8912995,Jennifer Wertheim,Bank Loan
S1595,P1695,2/28/2019,7023045,Jacqueline Ford,Bank Loan
S1596,P1696,3/1/2019,8830340,Willie Hinshaw,Bank Loan
S1597,P1697,3/4/2019,6828141,Lucy Sweatt,Bank Loan
S1598,P1698,3/5/2019,6088302,Jamie Manley,Bank Loan
S1599,P1699,3/6/2019,4998252,Robert Dahlberg,Bank Loan
S1600,P1700,3/7/2019,9216925,Ricky Smith,Bank Loan
S1601,P1701,3/8/2019,5140552,Michael Green,Bank Loan
S1602,P1702,3/11/2019,7011303,Vivian Nelson,Bank Loan
S1603,P1703,2/22/2019,9203908,Walter Weaver,Bank Loan
S1604,P1704,2/25/2019,9089136,Robert Detwiler,Bank Loan
S1605,P1705,2/26/2019,7778446,Brian Adu,Bank Loan
S1606,P1706,2/27/2019,7986974,Aretha Westphal,Bank Loan
S1607,P1707,2/28/2019,5283087,Barbara Bowman,Bank Loan
S1608,P1708,3/1/2019,8150757,Barbara Soto,Bank Loan
S1609,P1709,3/4/2019,7301204,Ramon Rooney,Bank Loan
S1610,P1710,3/5/2019,5903398,Mary Beeler,Bank Loan
S1611,P1711,3/6/2019,7127044,Donald Lingberg,Bank Loan
S1612,P1712,3/7/2019,6332738,Tina Anderson,Bank Loan
S1613,P1713,3/8/2019,5995702,Jose Harris,Bank Loan
S1614,P1714,3/11/2019,9223072,Julia Smith,Bank Loan
S1615,P1715,2/22/2019,6362853,Rex Johnson,Bank Loan
S1616,P1716,2/25/2019,5885990,Ernest Olsen,Bank Loan
S1617,P1717,2/26/2019,8754472,Larry Archibald,Bank Loan
S1618,P1718,2/27/2019,5167771,Patty Maynes,Bank Loan
S1619,P1719,2/28/2019,9217590,Christina Butts,Bank Loan
S1620,P1720,3/1/2019,7207262,Charlie Harrison,Bank Loan
S1621,P1721,3/4/2019,8658524,Marcus Kennedy,Bank Loan
S1622,P1722,3/5/2019,9097212,Barbara Golden,Bank Loan
S1623,P1723,3/6/2019,6253996,Christina Brown,Bank Loan
S1624,P1724,3/7/2019,9430248,Dennis Reed,Bank Loan
S1625,P1725,3/8/2019,8266003,Jesse Flamand,Bank Loan
S1626,P1726,3/11/2019,8380612,Quincy Purvis,Bank Loan
S1627,P1727,2/22/2019,7234488,Jeffrey Burns,Bank Loan
S1628,P1728,2/25/2019,8829939,Gary Tice,Bank Loan
S1629,P1729,2/26/2019,6996575,Norman Robinson,Bank Loan
S1630,P1730,2/27/2019,7918878,Michael Famulare,Bank Loan
S1631,P1731,2/28/2019,6072548,Kimberly Lee,Bank Loan
S1632,P1732,3/1/2019,6592053,Gloria Milton,Bank Loan
S1633,P1733,3/4/2019,9372261,Mary Isaacson,Bank Loan
S1634,P1734,3/5/2019,7975040,Herbert Bathe,Bank Loan
S1635,P1735,3/6/2019,5120037,Lucretia Warner,Bank Loan
S1636,P1736,3/7/2019,7277781,Frances Okie,Bank Loan
S1637,P1737,3/8/2019,9365832,David Braun,Bank Loan
S1638,P1738,3/11/2019,8107544,Richard Frost,Bank Loan
S1639,P1739,2/22/2019,6471461,Gwen Shorter,Bank Loan
S1640,P1740,2/25/2019,9250157,Louis Graham,Bank Loan
S1641,P1741,2/26/2019,5977008,Ronald Sherwin,Bank Loan
S1642,P1742,2/27/2019,6417249,William Zadow,Bank Loan
S1643,P1743,2/28/2019,9208409,David Lacey,Bank Loan
S1644,P1744,3/1/2019,8469404,David Esposito,Bank Loan
S1645,P1745,3/4/2019,4883329,David Uren,Bank Loan
S1646,P1746,3/5/2019,9102531,Alfred Kindle,Bank Loan
S1647,P1747,3/6/2019,4553800,Margarita Walker,Bank Loan
S1648,P1748,3/7/2019,4794967,Gregory Ojeda,Bank Loan
S1649,P1749,3/8/2019,7579045,John Meyers,Bank Loan
S1650,P1750,3/11/2019,5205597,Betty Steele,Bank Loan
S1651,P1751,2/22/2019,6858957,Elizabeth Smart,Bank Loan
S1652,P1752,2/25/2019,9409261,Russell Simmons,Bank Loan
S1653,P1753,2/26/2019,8145520,Doris Preciado,Bank Loan
S1654,P1754,2/27/2019,7124947,Gene Jordan,Bank Loan
S1655,P1755,2/28/2019,4779911,Ollie Danger,Bank Loan
S1656,P1756,3/1/2019,9040882,Anthony Brooks,Bank Loan
S1657,P1757,3/4/2019,8777426,James Hernandez,Bank Loan
S1658,P1758,3/5/2019,8260088,Shelley Grimes,Bank Loan
S1659,P1759,3/6/2019,5772593,Howard Watson,Bank Loan
S1660,P1760,3/7/2019,6119434,Eleanor Benitez,Bank Loan
S1661,P1761,3/8/2019,7554434,Jeffrey Abreu,Bank Loan
S1662,P1762,3/11/2019,8543272,David Mejia,Bank Loan
S1663,P1763,2/22/2019,4623444,Brad Garcia,Bank Loan
S1664,P1764,2/25/2019,7841482,Craig Hanko,Bank Loan
S1665,P1765,2/26/2019,7038243,Robert Butcher,Bank Loan
S1666,P1766,2/27/2019,7678959,Stanley Coleman,Bank Loan
S1667,P1767,2/28/2019,8920500,John Villegas,Bank Loan
S1668,P1768,3/1/2019,7666548,Debra Locks,Bank Loan
S1669,P1769,3/4/2019,5641614,Jason Koehler,Bank Loan
S1670,P1770,3/5/2019,6907490,Nicole Grandberry,Bank Loan
S1671,P1771,3/6/2019,8617185,Robert Eaton,Bank Loan
S1672,P1772,3/7/2019,6085594,William Lee,Bank Loan
S1673,P1773,3/8/2019,5984834,David Xavier,Bank Loan
S1674,P1774,3/11/2019,6835397,Frances Mcenany,Bank Loan
S1675,P1775,2/22/2019,7614048,Linda Riles,Bank Loan
S1676,P1776,2/25/2019,6528761,Darius Bolebruch,Bank Loan
S1677,P1777,2/26/2019,6868762,Gerald Campbell,Bank Loan
S1678,P1778,2/27/2019,6829147,Roy Kradel,Bank Loan
S1679,P1779,2/28/2019,5577517,Earl Thomas,Bank Loan
S1680,P1780,3/1/2019,4888352,Teresa England,Bank Loan
S1681,P1781,3/4/2019,5170950,Armand Stewart,Bank Loan
S1682,P1782,3/5/2019,6049253,Jody Kilroy,Bank Loan
S1683,P1783,3/6/2019,7618493,Victor Mohamed,Bank Loan
S1684,P1784,3/7/2019,5150027,Wilbert Wahba,Bank Loan
S1685,P1785,3/8/2019,7566210,Valerie Morris,Bank Loan
S1686,P1786,3/11/2019,7903999,Joyce Mendoza,Bank Loan
S1687,P1787,2/22/2019,4835206,Alfred Kirn,Bank Loan
S1688,P1788,2/25/2019,5190651,Barbara Brasure,Bank Loan
S1689,P1789,2/26/2019,6221848,Barbara Lee,Bank Loan
S1690,P1790,2/27/2019,8891556,Joel Wright,Bank Loan
S1691,P1791,2/28/2019,4749621,Lauren Corrigan,Bank Loan
S1692,P1792,3/1/2019,8496558,Beverly Jones,Bank Loan
S1693,P1793,3/4/2019,9394537,Angela Bennett,Bank Loan
S1694,P1794,3/5/2019,7153934,Kevin Vargas,Bank Loan
S1695,P1795,3/6/2019,8126634,Louise Roach,Bank Loan
S1696,P1796,3/7/2019,7064357,Erica Carpenter,Bank Loan
S1697,P1797,3/8/2019,7505500,Shane Deer,Bank Loan
S1698,P1798,3/11/2019,5784664,Nicole Robinson,Bank Loan
S1699,P1799,2/22/2019,7462651,Nancy Charles,Bank Loan
S1700,P1800,2/25/2019,8827406,Patricia Sculley,Bank Loan
S1701,P1801,7/26/2020,7765386,Natasha Reeb,Bank Loan
S1702,P1802,7/27/2020,8551406,James Qualls,Bank Loan
S1703,P1803,7/28/2020,5500142,Ronald Baker,Bank Loan
S1704,P1804,7/29/2020,5641821,Jason Jackson,Bank Loan
S1705,P1805,7/30/2020,5349898,Aaron Rainey,Bank Loan
S1706,P1806,7/31/2020,8655950,Brandon Mason,Bank Loan
S1707,P1807,8/1/2020,6953174,Eddie Hamill,Bank Loan
S1708,P1808,8/2/2020,5059847,Richard Smith,Bank Loan
S1709,P1809,8/3/2020,8539991,Shauna Grant,Bank Loan
S1710,P1810,8/4/2020,6339908,Brenda Sumner,Bank Loan
S1711,P1811,8/5/2020,5047057,Olga Veilleux,Bank Loan
S1712,P1812,8/6/2020,6329352,Phyllis Zamora,Bank Loan
S1713,P1813,8/7/2020,8236231,Donna Casey,Bank Loan
S1714,P1814,8/8/2020,4604601,Mary Orr,Bank Loan
S1715,P1815,8/9/2020,4825727,Christopher Newman,Bank Loan
S1716,P1816,8/10/2020,6625078,Mary Moss,Bank Loan
S1717,P1817,8/11/2020,7658521,Cynthia Lopez,Bank Loan
S1718,P1818,8/12/2020,6891604,Donnie Neer,Bank Loan
S1719,P1819,8/13/2020,5548564,David Aldrich,Bank Loan
S1720,P1820,8/14/2020,5910467,David Breece,Bank Loan
S1721,P1821,8/15/2020,7262796,Willie Bruce,Bank Loan
S1722,P1822,8/16/2020,5252897,Shaun Youngblood,Bank Loan
S1723,P1823,8/17/2020,5957950,William Dickerson,Bank Loan
S1724,P1824,8/18/2020,7600548,Gerald Bagley,Bank Loan
S1725,P1825,8/19/2020,9345148,Robert Clark,Bank Loan
S1726,P1826,8/20/2020,8270439,Albert Hunter,Bank Loan
S1727,P1827,8/21/2020,5879890,Leah Sherman,Bank Loan
S1728,P1828,8/22/2020,7926018,William Lovely,Bank Loan
S1729,P1829,8/23/2020,4945676,Jon Pfahler,Bank Loan
S1730,P1830,8/24/2020,7721500,Alberta Gomes,Bank Loan
S1731,P1831,8/25/2020,9295907,John Hoage,Bank Loan
S1732,P1832,8/26/2020,4539363,Larry Menzies,Bank Loan
S1733,P1833,8/27/2020,6125438,Ted Bowen,Bank Loan
S1734,P1834,8/28/2020,5831812,Peter Liggins,Bank Loan
S1735,P1835,8/29/2020,9264602,Gary Williams,Bank Loan
S1736,P1836,8/30/2020,8784668,Amy Newman,Bank Loan
S1737,P1837,8/31/2020,9414213,Thomas Palmer,Bank Loan
S1738,P1838,9/1/2020,5137837,Bill Mills,Bank Loan
S1739,P1839,9/2/2020,7093223,Lanette Freeman,Bank Loan
S1740,P1840,9/3/2020,9069230,John Mccoy,Bank Loan
S1741,P1841,9/4/2020,9447960,Gemma Mcdonald,Bank Loan
S1742,P1842,9/5/2020,8470721,Willie Lu,Bank Loan
S1743,P1843,9/6/2020,8238997,Eduardo Mondragon,Bank Loan
S1744,P1844,9/7/2020,8882287,Hector Davis,Bank Loan
S1745,P1845,9/8/2020,5099636,Thomas Parker,Bank Loan
S1746,P1846,9/9/2020,7912287,Stephanie Siebert,Bank Loan
S1747,P1847,9/10/2020,7352441,Amelia Figueras,Bank Loan
S1748,P1848,9/11/2020,7487174,Rena Ford,Bank Loan
S1749,P1849,9/12/2020,6977297,Charleen Garcia,Bank Loan
S1750,P1850,9/13/2020,8794801,Marguerite Garfinkle,Bank Loan
S1751,P1851,9/14/2020,6788752,Eula Supernaw,Bank Loan
S1752,P1852,9/15/2020,8126441,Annalisa Lybarger,Bank Loan
S1753,P1853,9/16/2020,6484225,Audra Madeiros,Bank Loan
S1754,P1854,9/17/2020,8093198,Kyle Lussier,Bank Loan
S1755,P1855,9/18/2020,5272643,Kristin Hughes,Bank Loan
S1756,P1856,9/19/2020,5143770,Gonzalo Rosser,Bank Loan
S1757,P1857,9/20/2020,5296256,Hazel Doe,Bank Loan
S1758,P1858,9/21/2020,5999297,Brian Stanley,Bank Loan
S1759,P1859,9/22/2020,5258255,David Wood,Bank Loan
S1760,P1860,9/23/2020,6100824,John Epstein,Bank Loan
S1761,P1861,9/24/2020,4706034,Christopher Mcghee,Bank Loan
S1762,P1862,9/25/2020,8614755,Joyce Duckett,Bank Loan
S1763,P1863,9/26/2020,7642608,John Webre,Bank Loan
S1764,P1864,9/27/2020,5570544,Tabitha Russell,Bank Loan
S1765,P1865,9/28/2020,4824037,Judith Little,Bank Loan
S1766,P1866,9/29/2020,9238229,Eva Beasley,Bank Loan
S1767,P1867,9/30/2020,5990648,Loren Thomas,Bank Loan
S1768,P1868,10/1/2020,9438897,Mary Koester,Bank Loan
S1769,P1869,10/2/2020,7590342,Stephen Allen,Bank Loan
S1770,P1870,10/3/2020,7679597,Cecile Smudrick,Bank Loan
S1771,P1871,10/4/2020,6295181,Jason Warren,Bank Loan
S1772,P1872,10/5/2020,4644524,Annie Henshaw,Bank Loan
S1773,P1873,10/6/2020,8112485,Kevin Best,Bank Loan
S1774,P1874,10/7/2020,4648000,Albert Gonzales,Bank Loan
S1775,P1875,10/8/2020,5076684,Scott Rao,Bank Loan
S1776,P1876,10/9/2020,6974392,Margaret Adams,Bank Loan
S1777,P1877,10/10/2020,8531542,Bertha Williams,Bank Loan
S1778,P1878,10/11/2020,6315164,Eddie Smith,Bank Loan
S1779,P1879,10/12/2020,5851215,Susan Fletcher,Bank Loan
S1780,P1880,10/13/2020,8987969,Edith Christian,Bank Loan
S1781,P1881,10/14/2020,8066995,Mathew Gonzalez,Bank Loan
S1782,P1882,10/15/2020,8015308,Janis Bourque,Bank Loan
S1783,P1883,10/16/2020,9457608,Michelle Neri,Bank Loan
S1784,P1884,10/17/2020,7781884,Heather Himes,Bank Loan
S1785,P1885,10/18/2020,6082092,Carmela Alvarado,Bank Loan
S1786,P1886,10/19/2020,7811627,Jenifer Taylor,Bank Loan
S1787,P1887,10/20/2020,5600556,Kimberly Pawlak,Bank Loan
S1788,P1888,10/21/2020,7484012,Walter Rouse,Bank Loan
S1789,P1889,10/22/2020,8525647,Faith Johnson,Bank Loan
S1790,P1890,10/23/2020,8520015,Franklin Perez,Bank Loan
S1791,P1891,10/24/2020,4796393,Richard Maes,Bank Loan
S1792,P1892,10/25/2020,5372278,Wilfredo Crosson,Bank Loan
S1793,P1893,10/26/2020,5098719,Freddie Buran,Bank Loan
S1794,P1894,10/27/2020,4714130,Joseph Wolf,Bank Loan
S1795,P1895,10/28/2020,5549031,Alyssa Torres,Bank Loan
S1796,P1896,10/29/2020,8012105,Eric Semple,Bank Loan
S1797,P1897,10/30/2020,7719876,Charles Heacock,Bank Loan
S1798,P1898,10/31/2020,5580603,Jack Reynolds,Bank Loan
S1799,P1899,11/1/2020,8483526,Florence Ruppe,Bank Loan
S1800,P1900,11/2/2020,6151052,Fred Jones,Bank Loan
S1801,P1901,11/3/2020,5651869,Clifford Oneil,Bank Loan
S1802,P1902,11/4/2020,8063304,Lila Pruitt,Bank Loan
S1803,P1903,11/5/2020,5885164,Chris Polan,Bank Loan
S1804,P1904,11/6/2020,5144034,John Osterhoudt,Bank Loan
S1805,P1905,11/7/2020,6250281,Jose Mccraw,Bank Loan
S1806,P1906,11/8/2020,7815350,Jerry Davis,Bank Loan
S1807,P1907,11/9/2020,5118491,Edith Mobley,Bank Loan
S1808,P1908,11/10/2020,5035661,Carrie Arriaga,Bank Loan
S1809,P1909,11/11/2020,7938524,Addie Parks,Bank Loan
S1810,P1910,11/12/2020,5779140,Estrella Looney,Bank Loan
S1811,P1911,11/13/2020,4873087,Beverly Simens,Bank Loan
S1812,P1912,11/14/2020,9057791,Catherine Page,Bank Loan
S1813,P1913,11/15/2020,4736714,Melissa Pacheco,Bank Loan
S1814,P1914,11/16/2020,5790826,Richard Mount,Bank Loan
S1815,P1915,11/17/2020,9366148,Melvin Sanford,Bank Loan
S1816,P1916,11/18/2020,6697186,Christian Boudreaux,Bank Loan
S1817,P1917,11/19/2020,6236363,Frederick Bilodeau,Bank Loan
S1818,P1918,11/20/2020,4722144,Sierra Perez,Bank Loan
S1819,P1919,11/21/2020,7502171,Jack Wilson,Bank Loan
S1820,P1920,11/22/2020,5050323,Jack Miller,Bank Loan
S1821,P1921,11/23/2020,8407989,Thomas Bennett,Bank Loan
S1822,P1922,11/24/2020,6164349,Carol Golightly,Bank Loan
S1823,P1923,11/25/2020,5319184,Molly Jones,Bank Loan
S1824,P1924,11/26/2020,5533963,Jessica Barkley,Bank Loan
S1825,P1925,11/27/2020,5208897,Manuel Robin,Bank Loan
S1826,P1926,11/28/2020,4510665,Jimmy Krebs,Bank Loan
S1827,P1927,11/29/2020,4772806,Mary Nielson,Bank Loan
S1828,P1928,11/30/2020,5929872,Krystal Bak,Bank Loan
S1829,P1929,12/1/2020,8777279,Harry Quinton,Bank Loan
S1830,P1930,12/2/2020,9127918,Dorothy Alcantara,Bank Loan
S1831,P1931,12/3/2020,5798017,Travis Diaz,Bank Loan
S1832,P1932,12/4/2020,7976720,Erik Brown,Bank Loan
S1833,P1933,12/5/2020,5991332,Shirley Koch,Bank Loan
S1834,P1934,12/6/2020,9332434,Ashley Morin,Bank Loan
S1835,P1935,12/7/2020,5541694,Frederick Ball,Bank Loan
S1836,P1936,12/8/2020,6609386,Kelvin Morris,Bank Loan
S1837,P1937,12/9/2020,7239522,Joshua Lee,Bank Loan
S1838,P1938,12/10/2020,6246059,Opal Pruiett,Bank Loan
S1839,P1939,12/11/2020,7037713,Derrick Harris,Bank Loan
S1840,P1940,12/12/2020,6671644,Patrick Urbina,Bank Loan
S1841,P1941,12/13/2020,7009708,Dorothy Kramer,Bank Loan
S1842,P1942,12/14/2020,6261565,Julie Edwards,Bank Loan
S1843,P1943,12/15/2020,8380456,Mike Mcglothlin,Bank Loan
S1844,P1944,12/16/2020,9099974,Susan Greene,Bank Loan
S1845,P1945,12/17/2020,9175334,Moses Barker,Bank Loan
S1846,P1946,12/18/2020,9404148,Brenda Trotman,Bank Loan
S1847,P1947,12/19/2020,7542377,Joshua Thornton,Bank Loan
S1848,P1948,12/20/2020,9275811,Marcus Smith,Bank Loan
S1849,P1949,12/21/2020,6732769,Michael Schlager,Bank Loan
S1850,P1950,12/22/2020,5361708,Jennifer Unger,Bank Loan
S1851,P1951,12/23/2020,6830422,Elizabeth Robinson,Bank Loan
S1852,P1952,12/24/2020,5550079,Lisa Hamilton,Bank Loan
S1853,P1953,12/25/2020,8689160,Stephen Flowers,Bank Loan
S1854,P1954,12/26/2020,4617176,Melissa Bouska,Bank Loan
S1855,P1955,12/27/2020,5243079,Belia Parker,Bank Loan
S1856,P1956,12/28/2020,5614411,Mary Harp,Bank Loan
S1857,P1957,12/29/2020,7654173,Teresa Mireles,Bank Loan
S1858,P1958,12/30/2020,9257020,Maya Redman,Bank Loan
S1859,P1959,12/31/2020,7505421,Terrilyn Arcizo,Bank Loan
S1860,P1960,1/1/2021,5504702,Oren Griffitts,Bank Loan
S1861,P1961,1/2/2021,6508623,Allen Huntington,Bank Loan
S1862,P1962,1/3/2021,6666517,Carolyn Voss,Bank Loan
S1863,P1963,1/4/2021,6587413,Roberto King,Bank Loan
S1864,P1964,1/5/2021,8592062,Nancy Dixon,Bank Loan
S1865,P1965,1/6/2021,7345914,Robert Shannon,Bank Loan
S1866,P1966,1/7/2021,8520933,Kevin Shafer,Bank Loan
S1867,P1967,1/8/2021,7290818,Linda Crawford,Bank Loan
S1868,P1968,1/9/2021,6511416,Grace Hannah,Bank Loan
S1869,P1969,1/10/2021,5335454,Amanda Anderson,Bank Loan
S1870,P1970,1/11/2021,7267748,Alma Nolan,Bank Loan
S1871,P1971,1/12/2021,8520144,Toni Martinez,Bank Loan
S1872,P1972,1/13/2021,6627408,Janet Stringer,Bank Loan
S1873,P1973,1/14/2021,9415484,Daniel Hernandez,Bank Loan
S1874,P1974,1/15/2021,5803800,Craig Caruthers,Bank Loan
S1875,P1975,1/16/2021,7307798,Thelma Wiltse,Bank Loan
S1876,P1976,1/17/2021,8417601,Jacqueline Hubbard,Bank Loan
S1877,P1977,1/18/2021,7655246,Cindy Pena,Bank Loan
S1878,P1978,1/19/2021,6876018,Tara Bailey,Bank Loan
S1879,P1979,1/20/2021,5672943,Ashley Aste,Bank Loan
S1880,P1980,1/21/2021,6515318,Christina Mckee,Bank Loan
S1881,P1981,1/22/2021,5599194,Bobby Ostrander,Bank Loan
S1882,P1982,1/23/2021,7638088,William Weitzel,Bank Loan
S1883,P1983,1/24/2021,7987579,Wendy Behrens,Bank Loan
S1884,P1984,1/25/2021,5930140,Jesse Peters,Bank Loan
S1885,P1985,1/26/2021,5167302,Teresa Bullins,Bank Loan
S1886,P1986,1/27/2021,7012611,Amie Mccray,Bank Loan
S1887,P1987,1/28/2021,6279203,Felicita Dewolf,Bank Loan
S1888,P1988,1/29/2021,9357682,Patricia Johnson,Bank Loan
S1889,P1989,1/30/2021,7984605,Peter Viola,Bank Loan
S1890,P1990,1/31/2021,6174743,Robert Wheeler,Bank Loan
S1891,P1991,2/1/2021,5040095,Richard Snell,Bank Loan
S1892,P1992,2/2/2021,8930780,Lou Redhead,Bank Loan
S1893,P1993,2/3/2021,8512936,Jana Bell,Bank Loan
S1894,P1994,2/4/2021,6700593,Linda Lloyd,Bank Loan
S1895,P1995,2/5/2021,8280084,Latonya Dean,Bank Loan
S1896,P1996,2/6/2021,8583499,Lyle Williams,Bank Loan
S1897,P1997,2/7/2021,6080995,Earl Montano,Bank Loan
S1898,P1998,2/8/2021,4725888,Peter Glenn,Bank Loan
S1899,P1999,2/9/2021,6601248,Veronica Myers,Bank Loan
S1900,P2000,2/10/2021,5801501,Elton Scamehorn,Bank Loan
S1901,P2001,2/11/2021,5116251,John Ramsey,Bank Loan
S1902,P2002,2/12/2021,7991206,Billy Christo,Bank Loan
S1903,P2003,2/13/2021,7177668,Bob Madden,Bank Loan
S1904,P2004,2/14/2021,7777082,James Evans,Bank Loan
S1905,P2005,2/15/2021,4652442,Howard Hornlein,Bank Loan
S1906,P2006,2/16/2021,5649560,Tammy Sinclair,Bank Loan
S1907,P2007,2/17/2021,6164066,Arlene Chalifour,Bank Loan
S1908,P2008,2/18/2021,5398127,Jaqueline Wellman,Bank Loan
S1909,P2009,2/19/2021,5921697,Jacklyn Robertson,Bank Loan
S1910,P2010,2/20/2021,5795851,Timothy Robeson,Bank Loan
S1911,P2011,2/21/2021,4588521,Douglas Smith,Bank Loan
S1912,P2012,2/22/2021,7655525,Carol Sumner,Bank Loan
S1913,P2013,2/23/2021,6503778,Christy Banister,Bank Loan
S1914,P2014,2/24/2021,5417992,Kenny Reynolds,Bank Loan
S1915,P2015,2/25/2021,8521120,Sylvia Waddell,Bank Loan
S1916,P2016,2/26/2021,4839911,Timothy Hayden,Bank Loan
S1917,P2017,2/27/2021,6388819,Lila West,Bank Loan
S1918,P2018,2/28/2021,4556601,Robert Shepherd,Bank Loan
S1919,P2019,3/1/2021,9196262,Sergio Anderson,Bank Loan
S1920,P2020,3/2/2021,6681339,Sandra Mcallister,Bank Loan
S1921,P2021,3/3/2021,4729691,Leon Kaelker,Bank Loan
S1922,P2022,3/4/2021,5996668,Charles White,Bank Loan
S1923,P2023,3/5/2021,6171382,Richard Fisher,Bank Loan
S1924,P2024,3/6/2021,4735054,Jimmie Dimmick,Bank Loan
S1925,P2025,3/7/2021,4766382,Cleo Coffin,Bank Loan
S1926,P2026,3/8/2021,7240111,Lynne Matthews,Bank Loan
S1927,P2027,3/9/2021,4830875,Crystal Alt,Bank Loan
S1928,P2028,3/10/2021,7742501,Bobby Wynn,Bank Loan
S1929,P2029,3/11/2021,5713024,Tonia Clark,EMI
S1930,P2030,3/12/2021,5742608,Rocio Hartt,EMI
S1931,P2031,3/13/2021,9376947,Micheal Fernandez,EMI
S1932,P2032,3/14/2021,5898727,James Brace,EMI
S1933,P2033,3/15/2021,7205914,John Hixon,EMI
S1934,P2034,3/16/2021,9466050,Henry Hawks,EMI
S1935,P2035,3/17/2021,5091347,Carlos Christman,EMI
S1936,P2036,3/18/2021,4677119,Mary Glass,EMI
S1937,P2037,3/19/2021,5188002,Gregory Hull,EMI
S1938,P2038,3/20/2021,7853078,Harry Rozmus,EMI
S1939,P2039,3/21/2021,8259116,James Love,EMI
S1940,P2040,3/22/2021,7142889,Jimmy Kettl,EMI
S1941,P2041,3/23/2021,9006662,Angela Rodriguez,EMI
S1942,P2042,3/24/2021,5992962,William Broussard,EMI
S1943,P2043,3/25/2021,4784192,Daisy Morgan,EMI
S1944,P2044,3/26/2021,7749600,Ernest Lovett,EMI
S1945,P2045,3/27/2021,7629499,Edna Duffy,EMI
S1946,P2046,3/28/2021,9142289,Mary Hoffman,EMI
S1947,P2047,3/29/2021,7452182,Mary Silk,EMI
S1948,P2048,3/30/2021,5175117,James Day,EMI
S1949,P2049,3/31/2021,6446664,Keila Jordan,EMI
S1950,P2050,4/1/2021,5344739,Byron Kunz,EMI
S1951,P2051,4/2/2021,7924619,Mary Jordan,EMI
S1952,P2052,4/3/2021,5438410,Melissa Carney,EMI
S1953,P2053,4/4/2021,5660069,Marvin Xaimoungkhoun,EMI
S1954,P2054,4/5/2021,8611371,Thomas James,EMI
S1955,P2055,4/6/2021,9185762,Michelle Bommarito,EMI
S1956,P2056,4/7/2021,7749600,Alice Schulz,EMI
S1957,P2057,4/8/2021,9129080,Jennifer Korfhage,EMI
S1958,P2058,4/9/2021,8610822,Joseph Bergman,EMI
S1959,P2059,4/10/2021,7289800,Steven Johnson,EMI
S1960,P2060,4/11/2021,6067630,Carmen Casillas,EMI
S1961,P2061,4/12/2021,5130167,Vera Terry,EMI
S1962,P2062,4/13/2021,5462935,Betsy Sadler,EMI
S1963,P2063,4/14/2021,6312442,Amelia Rodriguez,EMI
S1964,P2064,4/15/2021,6997545,Guillermo Streeter,EMI
S1965,P2065,4/16/2021,6973510,Russell Joseph,EMI
S1966,P2066,4/17/2021,4775791,Dwayne Traino,EMI
S1967,P2067,4/18/2021,8212024,Mario Schmidt,EMI
S1968,P2068,4/19/2021,7190492,Daniel Powell,EMI
S1969,P2069,4/20/2021,8054659,Jeanne Harden,EMI
S1970,P2070,4/21/2021,6960584,Wilford Thomas,EMI
S1971,P2071,4/22/2021,4574670,Peter Shockley,EMI
S1972,P2072,4/23/2021,4982225,Leigh Breisch,EMI
S1973,P2073,4/24/2021,8812226,John Rayburn,EMI
S1974,P2074,4/25/2021,6325924,Cody Hazzard,EMI
S1975,P2075,4/26/2021,8914826,Eugene Richards,EMI
S1976,P2076,4/27/2021,9041252,Glenn Gonzalez,EMI
S1977,P2077,4/28/2021,8685350,Jose Waldman,EMI
S1978,P2078,4/29/2021,7558728,Jonathan Danner,EMI
S1979,P2079,4/30/2021,6048796,Gerald Bayer,EMI
S1980,P2080,5/1/2021,6950934,Jay Veil,EMI
S1981,P2081,5/2/2021,7057337,Brandon Falls,EMI
S1982,P2082,5/3/2021,4881336,James Loveman,EMI
S1983,P2083,5/4/2021,8631664,Lorraine Bolinger,EMI
S1984,P2084,5/5/2021,5467828,Daniel Blakeman,EMI
S1985,P2085,5/6/2021,5915020,Fern Williams,EMI
S1986,P2086,5/7/2021,5813779,Shaun Novak,EMI
S1987,P2087,5/8/2021,6609105,Robert Thurman,EMI
S1988,P2088,5/9/2021,5372539,Richard Allen,EMI
S1989,P2089,5/10/2021,9394632,Miguel Moreno,EMI
S1990,P2090,5/11/2021,6452240,James Brownlee,EMI
S1991,P2091,5/12/2021,7344791,Hector Parks,EMI
S1992,P2092,5/13/2021,5062959,Melissa Ogilvie,EMI
S1993,P2093,5/14/2021,6360939,Jeff Cerrone,EMI
S1994,P2094,5/15/2021,6253566,Christina Campbell,EMI
S1995,P2095,5/16/2021,6268782,Wayne Estep,EMI
S1996,P2096,5/17/2021,6551644,Joseph Reyes,EMI
S1997,P2097,5/18/2021,6283078,Wanda Jacobs,EMI
S1998,P2098,5/19/2021,8622315,Debra Troublefield,EMI
S1999,P2099,5/20/2021,6192804,Mandy Roundtree,EMI
S2000,P2100,5/21/2021,6268871,Teresa Mccarron,EMI
S2001,P2101,5/22/2021,4920478,Desiree Loudy,EMI
S2002,P2102,5/23/2021,4500537,John Brown,EMI
S2003,P2103,5/24/2021,8827554,Carlos Chappell,EMI
S2004,P2104,5/25/2021,7133782,George Epperson,EMI
S2005,P2105,5/26/2021,8249347,Jeffery Blount,EMI
S2006,P2106,5/27/2021,8068182,David Rautenberg,EMI
S2007,P2107,5/28/2021,6954167,Andrew Williams,EMI
S2008,P2108,5/29/2021,6934647,Alicia Clem,EMI
S2009,P2109,5/30/2021,4825232,Edward Davidson,EMI
S2010,P2110,5/31/2021,5270936,Alejandra Craig,EMI
S2011,P2111,6/1/2021,6097898,Chase Hinzman,EMI
S2012,P2112,6/2/2021,5324591,Brigitte Bobbitt,EMI
S2013,P2113,6/3/2021,8412986,Richard Post,EMI
S2014,P2114,6/4/2021,9087405,Kevin Puente,EMI
S2015,P2115,6/5/2021,8783437,Michael Lopez,EMI
S2016,P2116,6/6/2021,7814751,Patrica Guyton,EMI
S2017,P2117,6/7/2021,8368206,Michael Perry,EMI
S2018,P2118,6/8/2021,4980142,Sierra Kirkland,EMI
S2019,P2119,6/9/2021,5619084,Suzanne Patterson,EMI
S2020,P2120,6/10/2021,8894309,Roger Curran,EMI
S2021,P2121,6/11/2021,8020284,Kevin Schuetze,EMI
S2022,P2122,6/12/2021,5300972,Cecile Spinks,EMI
S2023,P2123,6/13/2021,8854919,Wilbur Dejesus,EMI
S2024,P2124,6/14/2021,9126380,Jeannie Heineman,EMI
S2025,P2125,6/15/2021,5751639,John Russell,EMI
S2026,P2126,6/16/2021,8792160,Enrique Kesselman,EMI
S2027,P2127,6/17/2021,4658993,Casey Courser,EMI
S2028,P2128,6/18/2021,6707628,Delora Stark,EMI
S2029,P2129,6/19/2021,7867271,Veronica Grennan,EMI
S2030,P2130,6/20/2021,4874464,Linda Oliphant,EMI
S2031,P2131,6/21/2021,6264463,Sue Edge,EMI
S2032,P2132,6/22/2021,6642952,David Butler,EMI
S2033,P2133,6/23/2021,6262256,Peggy Lallo,EMI
S2034,P2134,6/24/2021,8520785,Dick Carrell,EMI
S2035,P2135,6/25/2021,8933217,Felix Banks,EMI
S2036,P2136,6/26/2021,7898386,Amelia Haynes,EMI
S2037,P2137,6/27/2021,8235719,Kristin Barnes,EMI
S2038,P2138,6/28/2021,7783932,Leo Keepers,EMI
S2039,P2139,6/29/2021,7423216,Nicholas Zumwalt,EMI
S2040,P2140,6/30/2021,5479379,Kenneth Harvey,EMI
S2041,P2141,7/1/2021,4601153,Gary Duncan,EMI
S2042,P2142,7/2/2021,8136206,Timothy Bunker,EMI
S2043,P2143,7/3/2021,7049525,Susan Smith,EMI
S2044,P2144,7/4/2021,7180626,Frank Harris,EMI
S2045,P2145,7/5/2021,7469677,Richard Lee,EMI
S2046,P2146,7/6/2021,8786869,Sharon Husbands,EMI
S2047,P2147,7/7/2021,7525552,Silvia Craig,EMI
S2048,P2148,7/8/2021,6000173,John Nelson,EMI
S2049,P2149,7/9/2021,7679568,Eva Richardson,EMI
S2050,P2150,7/10/2021,9087023,Richard Hammond,EMI
S2051,P2151,7/11/2021,5288323,Tyrone Speziale,EMI
S2052,P2152,7/12/2021,6694171,Anne Smith,EMI
S2053,P2153,7/13/2021,8055409,Laurie Rowell,EMI
S2054,P2154,7/14/2021,9022963,Jackie Lints,EMI
S2055,P2155,7/15/2021,8700694,Rolf Feldman,EMI
S2056,P2156,7/16/2021,5249273,Jason Fields,EMI
S2057,P2157,7/17/2021,8422783,William Newbold,EMI
S2058,P2158,7/18/2021,9280329,Jesse Taylor,EMI
S2059,P2159,7/19/2021,9352312,Timothy Wozniak,EMI
S2060,P2160,7/20/2021,5424950,Jeremiah Vasquez,EMI
S2061,P2161,7/21/2021,8011584,Carla Hunt,EMI
S2062,P2162,7/22/2021,7198481,Beverly Torres,EMI
S2063,P2163,7/23/2021,5880683,Terrell Westlie,EMI
S2064,P2164,7/24/2021,8338125,Luciano Vasquez,EMI
S2065,P2165,7/25/2021,5541314,Levi Braswell,EMI
S2066,P2166,7/26/2021,9112216,Robin Cherubino,EMI
S2067,P2167,7/27/2021,5560538,Catherine Delisa,EMI
S2068,P2168,7/28/2021,4561110,Joseph Swenson,EMI
S2069,P2169,7/29/2021,9252858,Rosemary Dawes,EMI
S2070,P2170,7/30/2021,7829737,Jason Limmel,EMI
S2071,P2171,7/31/2021,9295496,Jessie Maldonado,EMI
S2072,P2172,8/1/2021,6642314,Kate Ware,EMI
S2073,P2173,8/2/2021,6558808,Robert Franklin,EMI
S2074,P2174,8/3/2021,6762051,Derek Leak,EMI
S2075,P2175,8/4/2021,6463380,Catherine Smiley,EMI
S2076,P2176,8/5/2021,5861011,Arlene Beck,EMI
S2077,P2177,8/6/2021,7779875,Tammy Owens,EMI
S2078,P2178,8/7/2021,6003278,Mathilde Martino,EMI
S2079,P2179,8/8/2021,7151384,Keith Strickland,EMI
S2080,P2180,8/9/2021,7752405,Shirley Crockette,EMI
S2081,P2181,8/10/2021,5723181,Ora Tefft,EMI
S2082,P2182,8/11/2021,9487663,Alice Rhodes,EMI
S2083,P2183,8/12/2021,6732256,Steven Wood,EMI
S2084,P2184,8/13/2021,8998042,James Wilson,EMI
S2085,P2185,8/14/2021,7651395,Daniel Calahan,EMI
S2086,P2186,8/15/2021,4711844,Ada Thompson,EMI
S2087,P2187,8/16/2021,6176760,Hillary Rivera,EMI
S2088,P2188,8/17/2021,5379106,Terri Ulatowski,EMI
S2089,P2189,8/18/2021,8742391,Lisa Ellenberger,EMI
S2090,P2190,8/19/2021,6275009,Seema Madden,EMI
S2091,P2191,8/20/2021,4979541,Joshua Hendricks,EMI
S2092,P2192,8/21/2021,9234723,Mallory Oglesbee,EMI
S2093,P2193,8/22/2021,8128866,Carlos Timothy,EMI
S2094,P2194,8/23/2021,4969754,Harriet Harvey,EMI
S2095,P2195,8/24/2021,6790416,Roma Baum,EMI
S2096,P2196,8/25/2021,5470635,Barbara Snethen,EMI
S2097,P2197,8/26/2021,6448660,Kathryn Medlar,EMI
S2098,P2198,8/27/2021,7553170,Santiago Jackson,EMI
S2099,P2199,8/28/2021,5068127,Kevin Weeks,EMI
S2100,P2200,8/29/2021,4895560,James Reynolds,EMI
S2101,P2201,8/30/2021,7410123,Anita Stein,EMI
S2102,P2202,8/31/2021,5918494,Elva Muir,EMI
S2103,P2203,9/1/2021,8155855,Chung Ferris,EMI
S2104,P2204,9/2/2021,8943698,Leon Watkins,EMI
S2105,P2205,9/3/2021,9079425,Erin Johnston,EMI
S2106,P2206,9/4/2021,8467119,Maria Ransom,EMI
S2107,P2207,9/5/2021,7580341,Ida Schiefelbein,EMI
S2108,P2208,9/6/2021,7435116,Jon Czech,EMI
S2109,P2209,9/7/2021,5749973,Denise Pickett,EMI
S2110,P2210,9/8/2021,6344326,John Dunleavy,EMI
S2111,P2211,9/9/2021,5318242,David Preston,EMI
S2112,P2212,9/10/2021,7316257,Dennis English,EMI
S2113,P2213,9/11/2021,7584811,Rosy Parker,EMI
S2114,P2214,9/12/2021,9393631,Daniel Wainscott,EMI
S2115,P2215,9/13/2021,8805670,John Watkins,EMI
S2116,P2216,9/14/2021,6247484,Felecia Wallace,EMI
S2117,P2217,9/15/2021,8151701,Rita Feurtado,EMI
S2118,P2218,9/16/2021,7006977,Jeffrey Harrison,EMI
S2119,P2219,9/17/2021,6694412,Sherry Pace,EMI
S2120,P2220,9/18/2021,9086593,Henry Walker,EMI
S2121,P2221,9/19/2021,8082559,Lewis Haven,EMI
S2122,P2222,9/20/2021,5164832,Scott Williams,EMI
S2123,P2223,9/21/2021,6171982,Kathy Amador,EMI
S2124,P2224,9/22/2021,6452306,Clyde Shank,EMI
S2125,P2225,9/23/2021,4923164,Barbara Husseini,EMI
S2126,P2226,9/24/2021,5932858,Percy Valone,EMI
S2127,P2227,9/25/2021,5001510,Nathan Agro,EMI
S2128,P2228,9/26/2021,5992173,Mary Lewis,EMI
S2129,P2229,9/27/2021,7323772,Jerry Stein,EMI
S2130,P2230,9/28/2021,8852056,Brenda Kalama,EMI
S2131,P2231,9/29/2021,9157954,Ashton Hermans,EMI
S2132,P2232,9/30/2021,5455313,Henry Ramos,EMI
S2133,P2233,10/1/2021,6485231,Mark Newman,EMI
S2134,P2234,10/2/2021,4613540,Aaron Tunnell,EMI
S2135,P2235,10/3/2021,6251481,Elenor Betzer,EMI
S2136,P2236,10/4/2021,7187486,Gary Valladares,EMI
S2137,P2237,10/5/2021,9043665,Michael Brimmage,EMI
S2138,P2238,10/6/2021,8224768,Bertha Steib,EMI
S2139,P2239,10/7/2021,6875745,Maria Perez,EMI
S2140,P2240,10/8/2021,8083661,Dawn Alzate,EMI
S2141,P2241,10/9/2021,7003490,Tonia Bunting,EMI
S2142,P2242,10/10/2021,5320454,Eddie White,EMI
S2143,P2243,10/11/2021,7884630,Paula Booth,EMI
S2144,P2244,10/12/2021,9188372,Earnestine Ratcliff,EMI
S2145,P2245,10/13/2021,6662469,Richard Rabinowitz,EMI
S2146,P2246,10/14/2021,7965312,Jeff Vanzandt,EMI
S2147,P2247,10/15/2021,4981362,Frieda North,EMI
S2148,P2248,10/16/2021,8475843,Sherrie Marguez,EMI
S2149,P2249,10/17/2021,6032287,Dorothy Schaal,EMI
S2150,P2250,10/18/2021,7379569,Lois Brown,EMI
S2151,P2251,10/19/2021,5248069,Kathy Ardon,EMI
S2152,P2252,10/20/2021,8256638,Shawn Murphy,EMI
S2153,P2253,10/21/2021,8710140,Agnes Dickerman,EMI
S2154,P2254,10/22/2021,5320879,Ralph Bryant,EMI
S2155,P2255,10/23/2021,4637117,Carl Garza,EMI
S2156,P2256,10/24/2021,8307787,Richard Harrison,EMI
S2157,P2257,10/25/2021,4851817,Dennis Quinton,EMI
S2158,P2258,10/26/2021,6631903,Kenneth Allison,EMI
S2159,P2259,10/27/2021,8917540,Elizabeth Reyes,EMI
S2160,P2260,10/28/2021,9386803,Robert Oliver,EMI
S2161,P2261,10/29/2021,8090730,John Brown,EMI
S2162,P2262,10/30/2021,7016499,Emma East,EMI
S2163,P2263,10/31/2021,6214280,Charles Anderson,EMI
S2164,P2264,11/1/2021,8272360,Marisol Morgan,EMI
S2165,P2265,11/2/2021,4635126,Mary Monteleone,EMI
S2166,P2266,11/3/2021,7959762,Megan Luster,EMI
S2167,P2267,11/4/2021,4626142,Raymond Beaty,EMI
S2168,P2268,11/5/2021,6316275,Roderick Sudbeck,EMI
S2169,P2269,11/6/2021,5307706,Dolores Aquino,EMI
S2170,P2270,11/7/2021,5306465,Patricia Mcrae,EMI
S2171,P2271,11/8/2021,5772757,Anne Fly,EMI
S2172,P2272,11/9/2021,8920129,Mozell Huard,EMI
S2173,P2273,11/10/2021,8799221,Julie Brothers,EMI
S2174,P2274,11/11/2021,4662586,Danielle Patterson,EMI
S2175,P2275,11/12/2021,8950669,Cynthia Henry,EMI
S2176,P2276,11/13/2021,8940186,Leslie Haas,EMI
S2177,P2277,11/14/2021,6630174,Melody Schrom,EMI
S2178,P2278,11/15/2021,5665396,Lloyd Profit,EMI
S2179,P2279,11/16/2021,6536046,Dennis Combs,EMI
S2180,P2280,11/17/2021,5816121,Frank Smith,EMI
S2181,P2281,11/18/2021,6651331,Richard Clifton,EMI
S2182,P2282,11/19/2021,7409148,Walter Mccune,EMI
S2183,P2283,11/20/2021,5551778,Gary Gordon,EMI
S2184,P2284,11/21/2021,5217109,Lance Chaves,EMI
S2185,P2285,11/22/2021,9463721,Lamar Sherlock,EMI
S2186,P2286,11/23/2021,6459985,Will Figaro,EMI
S2187,P2287,11/24/2021,7618377,Teresita Baker,EMI
S2188,P2288,11/25/2021,7939945,Howard Koch,EMI
S2189,P2289,11/26/2021,5528441,James Page,EMI
S2190,P2290,11/27/2021,5389000,Muriel Rivas,EMI
S2191,P2291,11/28/2021,8085921,David Minors,EMI
S2192,P2292,11/29/2021,9449414,Sung Sullivan,EMI
S2193,P2293,11/30/2021,7011465,Kathy Goodson,EMI
S2194,P2294,12/1/2021,7814288,Leonard Michael,EMI
S2195,P2295,12/2/2021,7207012,Kathleen Heras,EMI
S2196,P2296,12/3/2021,5528751,Brian Macdonald,EMI
S2197,P2297,12/4/2021,8526215,Anna Jennings,EMI
S2198,P2298,12/5/2021,7499807,Dwight Faulkner,EMI
S2199,P2299,12/6/2021,9077003,Juan Chaplin,EMI
S2200,P2300,12/7/2021,9143210,David Sanford,EMI
S2201,P2301,12/8/2021,8859318,Carmen Stinchcomb,EMI
S2202,P2302,12/9/2021,4733464,Joshua Big,EMI
S2203,P2303,12/10/2021,7615568,Joseph Oswalt,EMI
S2204,P2304,12/11/2021,7359469,Julietta Smock,EMI
S2205,P2305,12/12/2021,6777868,Edward Day,EMI
S2206,P2306,12/13/2021,7874952,Amy Presley,EMI
S2207,P2307,12/14/2021,5487378,James Wright,EMI
S2208,P2308,12/15/2021,9354653,Patrick Lawrence,EMI
S2209,P2309,12/16/2021,5333488,Richard Midgette,EMI
S2210,P2310,12/17/2021,7978340,Alton Collins,EMI
S2211,P2311,12/18/2021,9271001,Joann Clemments,EMI
S2212,P2312,12/19/2021,7501238,George Bird,EMI
S2213,P2313,12/20/2021,9404323,Frankie Walston,EMI
S2214,P2314,12/21/2021,7721024,Blanca Ozzella,EMI
S2215,P2315,12/22/2021,4982761,Eleanor Rodrequez,EMI
S2216,P2316,12/23/2021,8999597,William Gibson,EMI
S2217,P2317,12/24/2021,9474633,Charles Scott,EMI
S2218,P2318,12/25/2021,5063434,Mark Dickerman,EMI
S2219,P2319,12/26/2021,6342186,Roni Leggette,EMI
S2220,P2320,12/27/2021,8360535,Alice Brown,EMI
S2221,P2321,12/28/2021,4960211,Tuyet Roiger,EMI
S2222,P2322,12/29/2021,8324544,Deborah White,EMI
S2223,P2323,12/30/2021,5669047,Luis Donaldson,EMI
S2224,P2324,12/31/2021,6761665,Heather Gleeson,EMI
S2225,P2325,1/1/2022,7993934,Ernestine Allen,EMI
S2226,P2326,1/2/2022,5231918,Michael Pritchard,EMI
S2227,P2327,1/3/2022,5025901,Anthony Picklesimer,EMI
S2228,P2328,1/4/2022,5413239,Judy Crandell,EMI
S2229,P2329,1/5/2022,7547133,Derek Schultz,EMI
S2230,P2330,1/6/2022,8553768,Eddie Elgin,EMI
S2231,P2331,1/7/2022,6289093,Patricia Cahal,EMI
S2232,P2332,1/8/2022,8825838,Annie Carpenter,EMI
S2233,P2333,1/9/2022,6897930,Johnathan Lorenzo,EMI
S2234,P2334,1/10/2022,7894159,Holly Malick,EMI
S2235,P2335,1/11/2022,4948506,Steven Mata,EMI
S2236,P2336,1/12/2022,7213743,Mark Rudy,EMI
S2237,P2337,1/13/2022,5468002,Marilyn Combest,EMI
S2238,P2338,1/14/2022,5019989,Ruth Gershon,EMI
S2239,P2339,1/15/2022,4797608,Marion Sanchez,EMI
S2240,P2340,1/16/2022,6972298,Anna Persing,EMI
S2241,P2341,1/17/2022,7851383,Jennifer Jackson,EMI
S2242,P2342,1/18/2022,5218363,Al Jones,EMI
S2243,P2343,1/19/2022,6633337,James Johnson,EMI
S2244,P2344,1/20/2022,8147113,Jack Latimer,EMI
S2245,P2345,1/21/2022,5185343,Jonathan Isham,EMI
S2246,P2346,1/22/2022,8080384,Margaret Gess,EMI
S2247,P2347,1/23/2022,8716326,Samantha Harris,EMI
S2248,P2348,1/24/2022,5081667,Patricia Lee,EMI
S2249,P2349,1/25/2022,8444019,Daryl Daly,EMI
S2250,P2350,1/26/2022,9367273,Mary Williams,EMI
S2251,P2351,1/27/2022,5242285,Dennis Kent,EMI
S2252,P2352,1/28/2022,5329236,Tony Saumier,EMI
S2253,P2353,1/29/2022,5081009,Emily Cohen,EMI
S2254,P2354,1/30/2022,7382857,Sarah Braatz,EMI
S2255,P2355,1/31/2022,4579357,John Hudgins,EMI
S2256,P2356,2/1/2022,6606029,Robin Rossi,EMI
S2257,P2357,2/2/2022,6521437,David Mohler,EMI
S2258,P2358,2/3/2022,5548012,James Stevens,EMI
S2259,P2359,2/4/2022,8323723,James Lynch,EMI
S2260,P2360,2/5/2022,5578662,Christopher Snyder,EMI
S2261,P2361,2/6/2022,6841205,Carol Bertran,EMI
S2262,P2362,2/7/2022,4653881,Mark Fields,EMI
S2263,P2363,2/8/2022,8945365,Justin Collins,EMI
S2264,P2364,2/9/2022,5101759,David Killer,EMI
S2265,P2365,2/10/2022,6586672,William Hammock,EMI
S2266,P2366,2/11/2022,9122150,Gary Hollinger,EMI
S2267,P2367,2/12/2022,9012575,Dolores Riley,EMI
S2268,P2368,2/13/2022,6586259,Dennis Frantz,EMI
S2269,P2369,2/14/2022,8146656,Carla Knotts,EMI
S2270,P2370,2/15/2022,7223917,Walter Lowe,EMI
S2271,P2371,2/16/2022,7563466,Mary Bank,EMI
S2272,P2372,2/17/2022,7864934,Richard Kim,EMI
S2273,P2373,2/18/2022,8376238,Henry Denning,EMI
S2274,P2374,2/19/2022,7315329,Norman Larose,EMI
S2275,P2375,2/20/2022,5402765,Mary Singh,EMI
S2276,P2376,2/21/2022,7130699,Judi Weber,EMI
S2277,P2377,2/22/2022,6210192,Jasmin Dillon,EMI
S2278,P2378,2/23/2022,7772169,Scott Cagle,EMI
S2279,P2379,2/24/2022,7030504,Eric Miser,EMI
S2280,P2380,2/25/2022,5877341,John Reynolds,EMI
S2281,P2381,2/26/2022,6838190,Maria Adams,EMI
S2282,P2382,2/27/2022,6091164,Sharon Swan,EMI
S2283,P2383,2/28/2022,6854341,Gloria Ford,EMI
S2284,P2384,3/1/2022,5980752,Jacob Coffman,EMI
S2285,P2385,3/2/2022,6547320,Jeffery Rotella,EMI
S2286,P2386,3/3/2022,5496690,Lottie Barrett,EMI
S2287,P2387,3/4/2022,6074098,Patricia Moody,EMI
S2288,P2388,3/5/2022,5501523,Keith Bateman,EMI
S2289,P2389,3/6/2022,6197572,Lillie Rogers,EMI
S2290,P2390,3/7/2022,6330442,Henry Pein,EMI
S2291,P2391,3/8/2022,5076575,Robert Hatmaker,EMI
S2292,P2392,3/9/2022,9487719,Laura Sevilla,EMI
S2293,P2393,3/10/2022,5518926,Mary Harris,EMI
S2294,P2394,3/11/2022,6975225,Lakeisha Behr,EMI
S2295,P2395,3/12/2022,6488382,Barbara Noble,EMI
S2296,P2396,3/13/2022,8806812,Samuel Westphal,EMI
S2297,P2397,3/14/2022,5143330,Charles Griffin,EMI
S2298,P2398,3/15/2022,7112367,Kristina Murphy,EMI
S2299,P2399,3/16/2022,9157654,Dianne Dunlop,EMI
S2300,P2400,3/17/2022,6502717,Dodie Taylor,EMI
S2301,P2401,3/18/2022,6161339,James Harris,EMI
S2302,P2402,3/19/2022,5108095,Joshua Mcdonald,EMI
S2303,P2403,3/20/2022,7991417,Paris Gregg,EMI
S2304,P2404,3/21/2022,6255795,Corey Rubin,EMI
S2305,P2405,3/22/2022,8209826,Junita Rahn,EMI
S2306,P2406,3/23/2022,6725167,Christine Mathis,EMI
S2307,P2407,3/24/2022,4688586,Ernie Brawley,EMI
S2308,P2408,3/25/2022,8032278,Billy Garcia,EMI
S2309,P2409,3/26/2022,9468641,Mattie Barrett,EMI
S2310,P2410,3/27/2022,9455937,Guadalupe Shepherd,EMI
S2311,P2411,3/28/2022,4843525,Travis Flores,EMI
S2312,P2412,3/29/2022,7145323,Eric Hesson,EMI
S2313,P2413,3/30/2022,8785611,Esmeralda Ross,EMI
S2314,P2414,3/31/2022,8971452,Melissa Creed,EMI
S2315,P2415,4/1/2022,8140350,Richard Kratky,EMI
S2316,P2416,4/2/2022,5689354,William Greene,EMI
S2317,P2417,4/3/2022,8158268,Robert Wright,EMI
S2318,P2418,4/4/2022,7650242,John Pitcock,EMI
S2319,P2419,4/5/2022,9380338,Keneth Hull,EMI
S2320,P2420,4/6/2022,9182688,Bradley Anderson,EMI
S2321,P2421,4/7/2022,9404885,Rolando Westbrook,EMI
S2322,P2422,4/8/2022,5135699,Enrique Love,EMI
S2323,P2423,4/9/2022,7268974,Kathleen Aguirre,EMI
S2324,P2424,4/10/2022,5728269,Allen Beck,EMI
S2325,P2425,4/11/2022,9379303,Joseph Cole,EMI
S2326,P2426,4/12/2022,5348359,James Black,EMI
S2327,P2427,4/13/2022,6616826,Pauline Friesner,EMI
S2328,P2428,4/14/2022,9145133,Christopher Whiteis,EMI
S2329,P2429,4/15/2022,6520437,Leonard Duncan,EMI
S2330,P2430,4/16/2022,8404214,Bessie Drozd,EMI
S2331,P2431,4/17/2022,4954580,Kenneth Mendoza,EMI
S2332,P2432,4/18/2022,5737520,Clifford Steil,EMI
S2333,P2433,4/19/2022,5691253,Margaret Holland,EMI
S2334,P2434,4/20/2022,5319282,Henry Labree,EMI
S2335,P2435,4/21/2022,7202027,Jaclyn Chamberlain,EMI
S2336,P2436,4/22/2022,6438175,Clark Rawe,EMI
S2337,P2437,4/23/2022,4800343,Josefina Jondle,EMI
S2338,P2438,4/24/2022,5066411,Eleanor Wheeler,EMI
S2339,P2439,4/25/2022,5499087,Alma Black,EMI
S2340,P2440,4/26/2022,6128404,Lucille Wilde,EMI
S2341,P2441,4/27/2022,8601985,Lidia Bruce,EMI
S2342,P2442,4/28/2022,7455641,Robert King,EMI
S2343,P2443,4/29/2022,8787045,Thomas Lanoue,EMI
S2344,P2444,4/30/2022,7558032,Ethel Jacobson,EMI
S2345,P2445,5/1/2022,5784587,Theron Currie,EMI
S2346,P2446,5/2/2022,8184829,Enoch Barron,EMI
S2347,P2447,5/3/2022,7169909,Deborah Johnson,EMI
S2348,P2448,5/4/2022,7518006,Antoinette Tennon,EMI
S2349,P2449,5/5/2022,6059382,Herbert Thomas,EMI
S2350,P2450,5/6/2022,5185324,John Hines,EMI
S2351,P2451,5/7/2022,9270940,Dawn Martin,EMI
S2352,P2452,5/8/2022,9424066,Ronald Culpepper,EMI
S2353,P2453,5/9/2022,9250541,Eric Busch,EMI
S2354,P2454,5/10/2022,5624478,Carol Rice,EMI
S2355,P2455,5/11/2022,6421050,Jeffrey Meyer,EMI
S2356,P2456,5/12/2022,8357068,Charles Dibble,EMI
S2357,P2457,5/13/2022,7034257,Michael Farmer,EMI
S2358,P2458,5/14/2022,8090816,Nancy Ellis,EMI
S2359,P2459,5/15/2022,5680660,Linda Lewis,EMI
S2360,P2460,5/16/2022,4819518,Jonathan Kohan,EMI
S2361,P2461,5/17/2022,5579481,Frank Arnold,EMI
S2362,P2462,5/18/2022,4700590,James Robles,EMI
S2363,P2463,5/19/2022,7298520,Leah Childs,EMI
S2364,P2464,5/20/2022,6845691,Denise Taylor,EMI
S2365,P2465,5/21/2022,8897318,Gilbert Moore,EMI
S2366,P2466,5/22/2022,5194175,Melissa Smith,EMI
S2367,P2467,5/23/2022,8446678,Deborah Durrance,EMI
S2368,P2468,5/24/2022,6177566,Marylin Wallace,EMI
S2369,P2469,5/25/2022,4820966,John Hayes,EMI
S2370,P2470,5/26/2022,4856297,Alice Cleavenger,EMI
S2371,P2471,5/27/2022,6300866,Larry Pribbenow,EMI
S2372,P2472,5/28/2022,5093273,Betty Griggs,EMI
S2373,P2473,5/29/2022,8154014,Nicole Brooks,EMI
S2374,P2474,5/30/2022,7386174,Allison Crabtree,EMI
S2375,P2475,5/31/2022,7869895,Joanne Peterson,EMI
S2376,P2476,6/1/2022,5968297,Alan Burkhalter,EMI
S2377,P2477,6/2/2022,8855770,Silvia Gibson,EMI
S2378,P2478,6/3/2022,8276108,Fred Rowland,EMI
S2379,P2479,6/4/2022,5540948,Sandi Hampton,EMI
S2380,P2480,6/5/2022,9173486,Kathleen Houston,EMI
S2381,P2481,6/6/2022,8327685,Jama Pollard,EMI
S2382,P2482,6/7/2022,5207118,Anna Wehrley,EMI
S2383,P2483,6/8/2022,7896663,Nickole Harris,EMI
S2384,P2484,6/9/2022,4815415,Wayne Zeigler,EMI
S2385,P2485,6/10/2022,4703106,James Williamston,EMI
S2386,P2486,6/11/2022,5665588,Norma Gutierrez,EMI
S2387,P2487,6/12/2022,8974943,Antonio Saltsman,EMI
S2388,P2488,6/13/2022,4668977,Jimmie Reynolds,EMI
S2389,P2489,6/14/2022,4670536,Nellie Rademacher,EMI
S2390,P2490,6/15/2022,6596514,Anne Reitan,EMI
S2391,P2491,6/16/2022,7358429,Michael Beede,EMI
S2392,P2492,6/17/2022,5845493,James Tate,EMI
S2393,P2493,6/18/2022,8271743,Jody Blalock,EMI
S2394,P2494,6/19/2022,6265552,Belinda Deubler,EMI
S2395,P2495,6/20/2022,7595504,Robert Crouch,EMI
S2396,P2496,6/21/2022,4650600,Thad Carroll,EMI
S2397,P2497,6/22/2022,7562577,Rodger Harris,EMI
S2398,P2498,6/23/2022,5073417,Lorraine Rice,EMI
S2399,P2499,6/24/2022,7058274,David Baudino,EMI
S2400,P2500,6/25/2022,9106434,Linda Keller,EMI
S2401,P2501,6/26/2022,8355789,John Worton,EMI
S2402,P2502,6/27/2022,6055391,Harold Mulchrone,EMI
S2403,P2503,6/28/2022,6240722,Robert Bell,EMI
S2404,P2504,6/29/2022,5468157,Onie Cave,EMI
S2405,P2505,6/30/2022,6230244,Jaime Breeding,EMI
S2406,P2506,7/1/2022,5020369,Jose Rines,EMI
S2407,P2507,7/2/2022,9311504,Tyler Ingram,EMI
S2408,P2508,7/3/2022,7637188,Noah Goyne,EMI
S2409,P2509,7/4/2022,8769829,Rosa Lobendahn,EMI
S2410,P2510,7/5/2022,8830609,John William,EMI
S2411,P2511,7/6/2022,6408176,Ida Osborne,EMI
S2412,P2512,7/7/2022,6210470,Jerry Heming,EMI
S2413,P2513,7/8/2022,6971026,Lon Williams,EMI
S2414,P2514,7/9/2022,9010938,Kathryn Tong,EMI
S2415,P2515,7/10/2022,9237707,Maria Thomas,EMI
S2416,P2516,7/11/2022,7851648,Jim Beers,EMI
S2417,P2517,7/12/2022,6366356,Stewart Mackenzie,EMI
S2418,P2518,7/13/2022,6684045,Carleen Urbina,EMI
S2419,P2519,7/14/2022,6245296,James Williams,EMI
S2420,P2520,7/15/2022,8019282,Myrtle Mccall,EMI
S2421,P2521,7/16/2022,8539012,Melvin Destina,EMI
S2422,P2522,7/17/2022,7926624,Roger Newland,EMI
S2423,P2523,7/18/2022,6490960,George Tomes,EMI
S2424,P2524,7/19/2022,5359121,Eric Palczynski,EMI
S2425,P2525,7/20/2022,8036816,David Krause,EMI
S2426,P2526,7/21/2022,6732358,John Inman,EMI
S2427,P2527,7/22/2022,8334257,Kyle Larson,EMI
S2428,P2528,7/23/2022,6522155,Moses Carl,EMI
S2429,P2529,7/24/2022,4900175,Ethel Johnson,EMI
S2430,P2530,7/25/2022,7145561,Casey Eaton,EMI
S2431,P2531,7/26/2022,5809300,Lee Williams,EMI
S2432,P2532,7/27/2022,6949566,Bobby Chee,EMI
S2433,P2533,7/28/2022,7729086,Dorothy Coy,EMI
S2434,P2534,7/29/2022,8299335,Jim Poe,EMI
S2435,P2535,7/30/2022,6092287,Laurie Skinner,EMI
S2436,P2536,7/31/2022,4536208,Carl Mcnair,EMI
S2437,P2537,8/1/2022,4845552,Sol Jarvis,EMI
S2438,P2538,8/2/2022,4771106,Carla Mccroskey,EMI
S2439,P2539,8/3/2022,4740993,Ramon Burrage,EMI
S2440,P2540,8/4/2022,5823602,Leslie Schardein,EMI
S2441,P2541,8/5/2022,7218597,Nancy Vandenbosch,EMI
S2442,P2542,8/6/2022,7008284,Karen Starling,EMI
S2443,P2543,8/7/2022,7389233,Francisco Hedrick,EMI
S2444,P2544,8/8/2022,8001298,Joyce Blythe,EMI
S2445,P2545,8/9/2022,6552134,Rich Rosemond,EMI
S2446,P2546,8/10/2022,9393635,Christina Chambers,EMI
S2447,P2547,8/11/2022,5863577,April King,EMI
S2448,P2548,8/12/2022,7083088,James Larsen,EMI
S2449,P2549,8/13/2022,8954592,Billy Warren,EMI
S2450,P2550,8/14/2022,6122297,Frances Crone,EMI
S2451,P2551,8/15/2022,6884580,Mildred German,EMI
S2452,P2552,8/16/2022,5166964,Marylee Stringer,EMI
S2453,P2553,8/17/2022,6904419,Timothy Gallegos,EMI
S2454,P2554,8/18/2022,4703693,Rebecca Cotton,EMI
S2455,P2555,8/19/2022,6537703,Helen Witherspoon,EMI
S2456,P2556,8/20/2022,6026151,Warren Gatton,EMI
S2457,P2557,8/21/2022,4652341,Terry Wooton,EMI
S2458,P2558,8/22/2022,6732673,Jose Lackey,EMI
S2459,P2559,8/23/2022,6202912,Thomas Giron,EMI
S2460,P2560,8/24/2022,8044712,Ivan Mccabe,EMI
S2461,P2561,8/25/2022,4693534,Edwin Avant,EMI
S2462,P2562,8/26/2022,9444536,Judith Vasquez,EMI
S2463,P2563,8/27/2022,6189084,Linwood Stoneburner,EMI
S2464,P2564,8/28/2022,8555173,Jacob King,EMI
S2465,P2565,8/29/2022,8883136,Velma Payne,EMI
S2466,P2566,8/30/2022,6387754,James Clark,EMI
S2467,P2567,8/31/2022,4572748,Marion Spencer,EMI
S2468,P2568,9/1/2022,5178340,Kristin Blevins,EMI
S2469,P2569,9/2/2022,9150985,Joseph Rountree,EMI
S2470,P2570,9/3/2022,4597755,Maria Brown,EMI
S2471,P2571,9/4/2022,5625790,Chelsea Shaffer,EMI
S2472,P2572,9/5/2022,7922321,Malinda Felan,EMI
S2473,P2573,9/6/2022,5899464,Carrie Moses,EMI
S2474,P2574,9/7/2022,6840628,Edward Williams,EMI
S2475,P2575,9/8/2022,5448345,Elda Santiago,EMI
S2476,P2576,9/9/2022,8573649,Jackie Romo,EMI
S2477,P2577,9/10/2022,6143705,Natasha Butler,EMI
S2478,P2578,9/11/2022,7249120,Lloyd Martinez,EMI
S2479,P2579,9/12/2022,4829081,Mary Baer,EMI
S2480,P2580,9/13/2022,6004546,Edward Lowe,EMI
S2481,P2581,9/14/2022,8766846,Helen Urias,EMI
S2482,P2582,9/15/2022,7550345,Nancy Gratton,EMI
S2483,P2583,9/16/2022,8359589,Lindy Mcgahan,EMI
S2484,P2584,9/17/2022,6817842,Scott Ferretti,EMI
S2485,P2585,9/18/2022,6631441,Angie Heinzen,EMI
S2486,P2586,9/19/2022,9294567,Jennifer Drown,EMI
S2487,P2587,9/20/2022,7847784,Jane Smith,EMI
S2488,P2588,9/21/2022,5200366,Shandra Hernandez,EMI
S2489,P2589,9/22/2022,5363758,Linda Macdowell,EMI
S2490,P2590,9/23/2022,7448622,Patrick Kazin,EMI
S2491,P2591,9/24/2022,8692685,John Mitchell,EMI
S2492,P2592,9/25/2022,6304217,Gary Brewington,EMI
S2493,P2593,9/26/2022,7075509,Marcia Wadsworth,EMI
S2494,P2594,9/27/2022,6473585,Monica Johnson,EMI
S2495,P2595,9/28/2022,7571399,Angel Kidd,EMI
S2496,P2596,9/29/2022,8063588,Viola Bond,EMI
S2497,P2597,9/30/2022,7371715,Susan Barkett,EMI
S2498,P2598,10/1/2022,7415661,Jason Wedgewood,EMI
S2499,P2599,10/2/2022,7789793,Cari Girouard,EMI
S2500,P2600,10/3/2022,7759530,Joyce Bradley,EMI
S2501,P2601,10/4/2022,4628673,John Lustig,EMI
S2502,P2602,10/5/2022,5968149,Joe Patterson,EMI
S2503,P2603,10/6/2022,5169892,George Taylor,EMI
S2504,P2604,10/7/2022,7504030,Kevin Wilkerson,EMI
S2505,P2605,10/8/2022,6594836,James Cummins,EMI
S2506,P2606,10/9/2022,8086242,Mary Villa,EMI
S2507,P2607,10/10/2022,7563811,Gina Kelly,EMI
S2508,P2608,10/11/2022,7286972,Curtis Henry,EMI
S2509,P2609,10/12/2022,7350401,Sara Ivey,EMI
S2510,P2610,10/13/2022,4973919,Bobby Boothe,EMI
S2511,P2611,10/14/2022,7314240,Betty Botti,EMI
S2512,P2612,10/15/2022,8065811,Brian Young,EMI
S2513,P2613,10/16/2022,7440502,John Turk,EMI
S2514,P2614,10/17/2022,6440098,Shannon Canty,EMI
S2515,P2615,10/18/2022,7050133,Loretta Gallagher,EMI
S2516,P2616,10/19/2022,5317297,Randy Davis,EMI
S2517,P2617,10/20/2022,6379776,Matthew Espinoza,EMI
S2518,P2618,10/21/2022,9284636,John Rodriquez,EMI
S2519,P2619,10/22/2022,7681257,Daniel Royal,EMI
S2520,P2620,10/23/2022,4524873,Judy Chiarelli,EMI
S2521,P2621,10/24/2022,4775875,Carmen Gallagher,EMI
S2522,P2622,10/25/2022,8988881,Freda Morris,EMI
S2523,P2623,10/26/2022,6154816,Rita Avilla,EMI
S2524,P2624,10/27/2022,6866319,Annmarie Samayoa,EMI
S2525,P2625,10/28/2022,6691606,Laura Clingan,EMI
S2526,P2626,10/29/2022,5995535,Nathan Howard,EMI
S2527,P2627,10/30/2022,5728434,Russell Norton,EMI
S2528,P2628,10/31/2022,7902154,Frieda Levels,EMI
S2529,P2629,11/1/2022,6225467,John Evans,EMI
S2530,P2630,11/2/2022,7657806,Noel Smith,EMI
S2531,P2631,11/3/2022,7049672,Christena Whitson,EMI
S2532,P2632,11/4/2022,4600276,Robert Higgs,EMI
S2533,P2633,11/5/2022,6977843,Chester Guerra,EMI
S2534,P2634,11/6/2022,7438763,Jason Campbell,EMI
S2535,P2635,11/7/2022,4928196,Ted Kirby,EMI
S2536,P2636,11/8/2022,6448965,Carlos Smith,EMI
S2537,P2637,11/9/2022,9495821,Nicholas Briseno,EMI
S2538,P2638,11/10/2022,6836068,Richard Pawlicki,EMI
S2539,P2639,11/11/2022,7720049,Norma Cabrera,EMI
S2540,P2640,11/12/2022,7075976,Ethan Felipe,EMI
S2541,P2641,11/13/2022,4707860,John Dowling,EMI
S2542,P2642,11/14/2022,7211369,June Hart,EMI
S2543,P2643,11/15/2022,5954665,Robert Vreeland,EMI
S2544,P2644,11/16/2022,8401218,Barbara Wylie,EMI
S2545,P2645,11/17/2022,9269177,James Mowatt,EMI
S2546,P2646,11/18/2022,5629436,Eric Daniels,EMI
S2547,P2647,11/19/2022,4742608,Lisa Acevedo,EMI
S2548,P2648,11/20/2022,7384939,Angela Edington,EMI
S2549,P2649,11/21/2022,5591891,Mark Anderson,EMI
S2550,P2650,11/22/2022,9320716,Eleanor Childers,EMI
S2551,P2651,11/23/2022,6647493,Jason Norris,EMI
S2552,P2652,11/24/2022,9364307,Kelvin Beyers,EMI
S2553,P2653,11/25/2022,5558187,Kathy Johnson,EMI
S2554,P2654,11/26/2022,4689589,Laura Hein,EMI
S2555,P2655,11/27/2022,9339797,Nancy Peters,EMI
S2556,P2656,11/28/2022,6856622,Michelle Sanchez,EMI
S2557,P2657,11/29/2022,5246644,John Glassman,EMI
S2558,P2658,11/30/2022,4937827,Michelle Sanges,EMI
S2559,P2659,12/1/2022,8874460,Randy Mckay,EMI
S2560,P2660,12/2/2022,7163705,Clinton Obrien,EMI
S2561,P2661,12/3/2022,6138131,Yolanda Randolph,EMI
S2562,P2662,12/4/2022,6829157,Cassandra Robinson,EMI
S2563,P2663,12/5/2022,9439677,Kenneth Cocks,EMI
S2564,P2664,12/6/2022,7499284,John Halligan,EMI
S2565,P2665,12/7/2022,4931345,Gladys Neri,EMI
S2566,P2666,12/8/2022,5513342,Grace Cross,EMI
S2567,P2667,12/9/2022,5440916,Rosa Morrison,EMI
S2568,P2668,12/10/2022,4766405,Steven Turner,EMI
S2569,P2669,12/11/2022,7349551,John Thornberry,EMI
S2570,P2670,12/12/2022,5685529,Timothy Smith,EMI
S2571,P2671,12/13/2022,5686846,Betty Clarke,EMI
S2572,P2672,12/14/2022,5926413,Valarie Rich,EMI
S2573,P2673,12/15/2022,6759098,Charles Margolis,EMI
S2574,P2674,12/16/2022,9427674,Wendy Welch,EMI
S2575,P2675,12/17/2022,6808104,Cruz Nave,EMI
S2576,P2676,12/18/2022,8140698,Janet Favero,EMI
S2577,P2677,12/19/2022,7153306,Robert Gray,EMI
S2578,P2678,12/20/2022,8642164,Michele Johnson,EMI
S2579,P2679,12/21/2022,4504335,James Fox,EMI
S2580,P2680,12/22/2022,5297136,Lawrence Vellekamp,EMI
S2581,P2681,12/23/2022,8498884,Samuel Mabe,EMI
S2582,P2682,12/24/2022,8952971,Francisco Mcloughlin,EMI
S2583,P2683,12/25/2022,9189091,Cynthia Abramowitz,EMI
S2584,P2684,12/26/2022,8199218,Steven Koontz,EMI
S2585,P2685,12/27/2022,6989806,Earline Nagase,EMI
S2586,P2686,12/28/2022,8825242,Allison Lachance,EMI
S2587,P2687,12/29/2022,5976542,Jessica Wright,EMI
S2588,P2688,12/30/2022,5502655,David Mendoza,EMI
S2589,P2689,12/31/2022,7859386,Vicente Walker,EMI
S2590,P2690,1/1/2023,6470493,Kathy Ward,EMI
S2591,P2691,1/2/2023,4721124,Gary Hund,EMI
S2592,P2692,1/3/2023,6164720,Jack Akers,EMI
S2593,P2693,1/4/2023,6154869,Sharon Rayford,EMI
S2594,P2694,1/5/2023,5225360,Larry Pugh,EMI
S2595,P2695,1/6/2023,5589744,Herman Hill,EMI
S2596,P2696,1/7/2023,6715453,Deborah Smith,EMI
S2597,P2697,1/8/2023,6713266,Jean Huff,EMI
S2598,P2698,1/9/2023,5478238,Jay Dewolf,EMI
S2599,P2699,1/10/2023,7726077,Arthur Johnson,EMI
S2600,P2700,1/11/2023,7742256,Douglas White,EMI
S2601,P2701,1/12/2023,5875416,Joe Welch,EMI
S2602,P2702,1/13/2023,9447082,Thomas Conrad,EMI
S2603,P2703,1/14/2023,9182508,Yvette Callender,EMI
S2604,P2704,1/15/2023,7267277,John Davidson,EMI
S2605,P2705,1/16/2023,8608159,Kenneth Henderson,EMI
S2606,P2706,1/17/2023,7214302,Virginia Jacquemin,EMI
S2607,P2707,1/18/2023,9101550,Sheila White,EMI
S2608,P2708,1/19/2023,5820245,Jeffrey Stanley,EMI
S2609,P2709,1/20/2023,5275163,Moises Hachting,EMI
S2610,P2710,1/21/2023,5259875,Terry Klein,EMI
S2611,P2711,1/22/2023,5827877,Edna Oconnell,EMI
S2612,P2712,1/23/2023,4852619,Beverly Crumley,EMI
S2613,P2713,1/24/2023,8975494,Caitlin Henson,EMI
S2614,P2714,1/25/2023,7528403,Wendy Vasquez,EMI
S2615,P2715,1/26/2023,8879561,Randy Schafer,EMI
S2616,P2716,1/27/2023,8215117,Leighann Kinney,EMI
S2617,P2717,1/28/2023,8380223,Beverly Walk,EMI
S2618,P2718,1/29/2023,5603727,Peggy Lowery,EMI
S2619,P2719,1/30/2023,6932666,Nancy Wallace,EMI
S2620,P2720,1/31/2023,8332904,Gertrude Brennan,EMI
S2621,P2721,2/1/2023,5524937,Kevin Russo,EMI
S2622,P2722,2/2/2023,6814655,Jennifer Stpeter,EMI
S2623,P2723,2/3/2023,6590573,Danielle Skerrett,EMI
S2624,P2724,2/4/2023,6464541,Shane Richie,EMI
S2625,P2725,2/5/2023,8059827,Patricia Figgins,EMI
S2626,P2726,2/6/2023,8819868,Jeffrey Oquendo,EMI
S2627,P2727,2/7/2023,9249705,Devon Mathis,EMI
S2628,P2728,2/8/2023,6995496,Edythe Zweier,EMI
S2629,P2729,2/9/2023,7295057,Lawrence Daffin,EMI
S2630,P2730,2/10/2023,5847513,Dorothy Risley,EMI
S2631,P2731,2/11/2023,6379943,Nicole Lambert,EMI
S2632,P2732,2/12/2023,6250167,Joe Guy,EMI
S2633,P2733,2/13/2023,8852579,Michael Robinson,EMI
S2634,P2734,2/14/2023,5352356,Deborah Rowe,EMI
S2635,P2735,2/15/2023,6449121,Ruth Smith,EMI
S2636,P2736,2/16/2023,7878208,Michael Turner,EMI
S2637,P2737,2/17/2023,5989340,Beth Harris,EMI
S2638,P2738,2/18/2023,4502209,Gerald Gray,EMI
S2639,P2739,2/19/2023,9372118,Claudia Phebus,EMI
S2640,P2740,2/20/2023,7566470,Cynthia Crews,EMI
S2641,P2741,2/21/2023,9397676,Michelle Baker,EMI
S2642,P2742,2/22/2023,5455466,Mary Davis,EMI
S2643,P2743,2/23/2023,6711744,David Lay,EMI
S2644,P2744,2/24/2023,5040954,Steven Thompson,EMI
S2645,P2745,2/25/2023,6275479,Rachel Kosky,EMI
S2646,P2746,2/26/2023,7299182,Amy Riggs,EMI
S2647,P2747,2/27/2023,8005370,Curtis Peer,EMI
S2648,P2748,2/28/2023,5952774,Johnny Turner,EMI
S2649,P2749,3/1/2023,5385987,Kim Haynes,EMI
S2650,P2750,3/2/2023,7380967,Margaret Ballinger,EMI
S2651,P2751,3/3/2023,5820077,Lilly Berends,EMI
S2652,P2752,3/4/2023,7994219,Stephanie Ellis,EMI
S2653,P2753,3/5/2023,7297757,Marion Waguespack,EMI
S2654,P2754,3/6/2023,7303818,Lucinda Ellison,EMI
S2655,P2755,3/7/2023,4693356,Tammy Pinnock,EMI
S2656,P2756,3/8/2023,7709329,Terry Ruiz,EMI
S2657,P2757,3/9/2023,5549661,Mary Jennings,EMI
S2658,P2758,3/10/2023,9006508,Billy Bay,EMI
S2659,P2759,3/11/2023,7974523,Karen Ludkowski,EMI
S2660,P2760,3/12/2023,4714753,Ramona Murdock,EMI
S2661,P2761,3/13/2023,4822135,Rose Searing,EMI
S2662,P2762,3/14/2023,7367244,Leonard Ochoa,EMI
S2663,P2763,3/15/2023,8299498,Dorothy Runion,EMI
S2664,P2764,3/16/2023,5022983,Tom Green,EMI
S2665,P2765,3/17/2023,6023416,Deborah Wenstrom,EMI
S2666,P2766,3/18/2023,7457721,James Ward,EMI
S2667,P2767,3/19/2023,5090201,Johnson Belmonte,EMI
S2668,P2768,3/20/2023,7943050,Jeremiah Macchiaroli,EMI
S2669,P2769,3/21/2023,5972152,Michael Tuley,EMI
S2670,P2770,3/22/2023,6884920,Roseanne Monroe,EMI
S2671,P2771,3/23/2023,8706675,Emily Gilmore,EMI
S2672,P2772,3/24/2023,8020095,Mary Walker,EMI
S2673,P2773,3/25/2023,5755869,Tamara Roberts,EMI
S2674,P2774,3/26/2023,8474394,Harold Miles,EMI
S2675,P2775,3/27/2023,5461014,Richard Lafave,EMI
S2676,P2776,3/28/2023,5609970,Jeffrey Curren,EMI
S2677,P2777,3/29/2023,8858971,Elaine Thruman,EMI
S2678,P2778,3/30/2023,4906126,Aimee Przedwiecki,EMI
S2679,P2779,3/31/2023,8235375,George Martinez,EMI
S2680,P2780,4/1/2023,8159183,Sanford Choi,EMI
S2681,P2781,4/2/2023,7345195,Pauline Brownell,EMI
S2682,P2782,4/3/2023,6428223,Brian Robinson,EMI
S2683,P2783,4/4/2023,6594668,Lucille Wood,EMI
S2684,P2784,4/5/2023,7928726,Bruce Maloney,EMI
S2685,P2785,4/6/2023,5372547,David Sternberg,EMI
S2686,P2786,4/7/2023,5495178,Thomas Mckennon,EMI
S2687,P2787,4/8/2023,8059343,Grace Hill,EMI
S2688,P2788,4/9/2023,4550038,Howard Kucera,EMI
S2689,P2789,4/10/2023,4966593,Melba Ward,EMI
S2690,P2790,4/11/2023,7100440,Antonio Hughes,EMI
S2691,P2791,4/12/2023,9222522,Barbara West,EMI
S2692,P2792,4/13/2023,8094599,Tonya Dunn,EMI
S2693,P2793,4/14/2023,5008771,Lawrence Caldwell,EMI
S2694,P2794,4/15/2023,4537021,Felecia Buban,EMI
S2695,P2795,4/16/2023,4845364,Sarah Sims,EMI
S2696,P2796,4/17/2023,5951784,Lance Gray,EMI
S2697,P2797,4/18/2023,5980127,Alberta Dowker,EMI
S2698,P2798,4/19/2023,8665121,Bernice Navarro,EMI
S2699,P2799,4/20/2023,8644213,Robert Tufts,EMI
S2700,P2800,4/21/2023,9163928,Carmen Bussen,EMI
S2701,P2801,4/22/2023,7305978,Mildred Jenkins,EMI
S2702,P2802,4/23/2023,7533811,Joseph Hersey,EMI
S2703,P2803,4/24/2023,5651887,Brian Pacini,EMI
S2704,P2804,4/25/2023,6556199,Matthew Queen,EMI
S2705,P2805,4/26/2023,8825320,Yvonne Gilbreath,EMI
S2706,P2806,4/27/2023,7054000,Henry Thompson,EMI
S2707,P2807,4/28/2023,6732063,Adam Jimenez,EMI
S2708,P2808,4/29/2023,6937639,Ruth Hanley,EMI
S2709,P2809,4/30/2023,7166630,Sandra Dewitt,EMI
S2710,P2810,5/1/2023,7329348,Anthony Delrosario,EMI
S2711,P2811,5/2/2023,8625459,Dennis Kost,EMI
S2712,P2812,5/3/2023,6541206,Henry Spencer,EMI
S2713,P2813,5/4/2023,5400948,Neil Burgess,EMI
S2714,P2814,5/5/2023,8254697,Anthony Vera,EMI
S2715,P2815,5/6/2023,7189350,Gabriel Hale,EMI
S2716,P2816,5/7/2023,7406536,Mark Eddy,EMI
S2717,P2817,5/8/2023,8485131,Lorraine Diamantopoulo,EMI
S2718,P2818,5/9/2023,7016706,Lawrence Sultan,EMI
S2719,P2819,5/10/2023,5939513,Debra Burns,EMI
S2720,P2820,5/11/2023,5873147,Jay Hurst,EMI
S2721,P2821,5/12/2023,5230635,Andres Johansen,EMI
S2722,P2822,5/13/2023,7853183,Ryan Hill,EMI
S2723,P2823,5/14/2023,8330453,Joseph Penix,EMI
S2724,P2824,5/15/2023,4844787,Ronald Toller,EMI
S2725,P2825,5/16/2023,7285109,Ray Baichan,EMI
S2726,P2826,5/17/2023,9182608,Clarence Berg,EMI
S2727,P2827,5/18/2023,8273559,Arthur Ostrye,EMI
S2728,P2828,5/19/2023,9413864,Robert Frazier,EMI
S2729,P2829,5/20/2023,5929252,Peggy Stevens,EMI
S2730,P2830,5/21/2023,7849298,Shannon Derrick,EMI
S2731,P2831,5/22/2023,5972914,Scott Karam,EMI
S2732,P2832,5/23/2023,5080584,Patricia Munyon,EMI
S2733,P2833,5/24/2023,8102022,Brian Arnold,EMI
S2734,P2834,5/25/2023,4793095,Christine Clark,EMI
S2735,P2835,5/26/2023,5890211,Cedric Fuller,EMI
S2736,P2836,5/27/2023,5977773,Richard Rodriguez,EMI
S2737,P2837,5/28/2023,9438074,Brian Lange,EMI
S2738,P2838,5/29/2023,5769466,Kenneth Shalash,EMI
S2739,P2839,5/30/2023,6853561,Tamara Davis,EMI
S2740,P2840,5/31/2023,6133044,Lisa Brown,EMI
S2741,P2841,6/1/2023,6345882,Joyce Goss,EMI
S2742,P2842,6/2/2023,5742638,Bruce Hancock,EMI
S2743,P2843,6/3/2023,5276327,Marie Williams,EMI
S2744,P2844,6/4/2023,9261616,Jessica Clure,EMI
S2745,P2845,6/5/2023,5750515,Michael Reed,EMI
S2746,P2846,6/6/2023,5326601,Brittany Taylor,EMI
S2747,P2847,6/7/2023,8285433,Hattie Ford,EMI
S2748,P2848,6/8/2023,7634883,Margarita Harris,EMI
S2749,P2849,6/9/2023,8543757,Victoria Dupes,EMI
S2750,P2850,6/10/2023,7714813,Rhonda Walden,EMI
S2751,P2851,6/11/2023,5551148,William Medved,EMI
S2752,P2852,6/12/2023,9006057,Louise Parrish,EMI
S2753,P2853,6/13/2023,5816071,Brian Latigo,EMI
S2754,P2854,6/14/2023,9266108,Rose Leon,EMI
S2755,P2855,6/15/2023,6841253,Veronica Green,EMI
S2756,P2856,6/16/2023,5215121,Lenore Farmer,EMI
S2757,P2857,6/17/2023,6741651,Nancy Carroll,EMI
S2758,P2858,6/18/2023,6070529,Vincent Macfarlane,EMI
S2759,P2859,6/19/2023,5293060,Missy Yarber,EMI
S2760,P2860,6/20/2023,6686068,Ryan Allen,EMI
S2761,P2861,6/21/2023,7123267,Herbert Johnston,EMI
S2762,P2862,6/22/2023,5386630,Dorothy Follett,EMI
S2763,P2863,6/23/2023,8741195,Sergio Watson,EMI
S2764,P2864,6/24/2023,9053688,Eileen Parrish,EMI
S2765,P2865,6/25/2023,8069795,Sharon Barks,EMI
S2766,P2866,6/26/2023,6392140,Germaine Sweeney,EMI
S2767,P2867,6/27/2023,6004584,Herbert Hockins,EMI
S2768,P2868,6/28/2023,4985408,Betty Hight,EMI
S2769,P2869,6/29/2023,9368721,Elizabeth Marr,EMI
S2770,P2870,6/30/2023,8812820,Kevin Laporta,EMI
S2771,P2871,7/1/2023,4629164,Daisy Hall,EMI
S2772,P2872,7/2/2023,8565316,David Gonzales,EMI
S2773,P2873,7/3/2023,4780223,Kelly Patterson,EMI
S2774,P2874,7/4/2023,5276781,Elizabeth Newsom,EMI
S2775,P2875,7/5/2023,9347369,Tina Love,EMI
S2776,P2876,7/6/2023,4740832,Garry Ruud,EMI
S2777,P2877,7/7/2023,6308528,Kurt Lewis,EMI
S2778,P2878,7/8/2023,8988244,Carol Flores,EMI
S2779,P2879,7/9/2023,5819966,John Moyer,EMI
S2780,P2880,7/10/2023,5736595,Vickie Mankowski,EMI
S2781,P2881,7/11/2023,9093379,James Scott,EMI
S2782,P2882,7/12/2023,6413888,William Jacks,EMI
S2783,P2883,7/13/2023,8319147,Paul Mattson,EMI
S2784,P2884,7/14/2023,6372170,Tyrone Green,EMI
S2785,P2885,7/15/2023,4673181,Kim Juelfs,EMI
S2786,P2886,7/16/2023,8528086,Layne White,EMI
S2787,P2887,7/17/2023,7535501,Linda Johnson,EMI
S2788,P2888,7/18/2023,5340056,Anthony Taylor,EMI
S2789,P2889,7/19/2023,6991436,George Singer,EMI
S2790,P2890,7/20/2023,6617913,Adam Uutela,EMI
S2791,P2891,7/21/2023,5501977,Anthony Desbiens,EMI
S2792,P2892,7/22/2023,5398386,Jonathan Hardin,EMI
S2793,P2893,7/23/2023,8440855,Allegra Barry,EMI
S2794,P2894,7/24/2023,4889275,Pedro Albers,EMI
S2795,P2895,7/25/2023,8249284,Mercedes Yazzie,EMI
S2796,P2896,7/26/2023,4728554,Bessie Winter,EMI
S2797,P2897,7/27/2023,5612932,Justin Gabe,EMI
S2798,P2898,7/28/2023,6715508,Victor Berger,EMI
S2799,P2899,7/29/2023,8316795,Judith Rogers,EMI
S2800,P2900,7/30/2023,7196051,Billy Seitz,EMI
S2801,P2901,7/31/2023,7223732,Betty Barker,EMI
S2802,P2902,8/1/2023,7426853,Michael Yamamoto,EMI
S2803,P2903,8/2/2023,4729996,Hoyt Feurtado,EMI
S2804,P2904,8/3/2023,9101677,Nedra Cannon,EMI
S2805,P2905,8/4/2023,5449629,Vivian Robinson,EMI
S2806,P2906,8/5/2023,5747380,Margie Adams,EMI
S2807,P2907,8/6/2023,8120823,Dorothy Owens,EMI
S2808,P2908,8/7/2023,4963413,Scott Deleon,EMI
S2809,P2909,8/8/2023,8447355,James Helmer,EMI
S2810,P2910,8/9/2023,4713012,Wyatt Langdon,EMI
S2811,P2911,8/10/2023,4603456,Wilburn Puleo,EMI
S2812,P2912,8/11/2023,4628518,Marlene Suarez,EMI
S2813,P2913,8/12/2023,7491181,Timothy Fournier,EMI
S2814,P2914,8/13/2023,6019403,Bennie Gross,EMI
S2815,P2915,8/14/2023,5287786,Kimberly Skorupa,EMI
S2816,P2916,8/15/2023,4688790,Patricia Mcgraw,EMI
S2817,P2917,8/16/2023,6873786,Jamie Blatt,EMI
S2818,P2918,8/17/2023,9288237,Ronnie Glennon,EMI
S2819,P2919,8/18/2023,9331922,Martha Winokur,EMI
S2820,P2920,8/19/2023,8597961,Stephanie Bell,EMI
S2821,P2921,8/20/2023,6263970,Steve Sturgis,EMI
S2822,P2922,8/21/2023,7399420,Cheryl Cope,EMI
S2823,P2923,8/22/2023,8573583,Patrick Balch,EMI
S2824,P2924,8/23/2023,8325495,Curtis Scholtens,EMI
S2825,P2925,8/24/2023,5578122,Tyler Johnson,EMI
S2826,P2926,8/25/2023,8599732,Martha White,EMI
S2827,P2927,8/26/2023,4753885,Daniel Genther,EMI
S2828,P2928,8/27/2023,7018340,Sara Campbell,EMI
S2829,P2929,8/28/2023,8562075,Patrick Baxter,EMI
S2830,P2930,8/29/2023,4664095,Ashley Zarrella,EMI
S2831,P2931,8/30/2023,6284116,Jose Sheets,EMI
S2832,P2932,8/31/2023,8457392,Mabel Gordon,EMI
S2833,P2933,9/1/2023,4661867,Deanna Martin,EMI
S2834,P2934,9/2/2023,4939212,Domenica Lopez,EMI
S2835,P2935,9/3/2023,4990976,Aaron Wagner,EMI
S2836,P2936,9/4/2023,4675387,Vernon Walker,EMI
S2837,P2937,9/5/2023,8395310,Randy Trapp,EMI
S2838,P2938,9/6/2023,8206616,Antoinette Menendez,EMI
S2839,P2939,9/7/2023,5143887,Rose Holmes,EMI
S2840,P2940,9/8/2023,5623214,Gregory Saldivar,EMI
S2841,P2941,9/9/2023,5657404,Eliseo Brown,EMI
S2842,P2942,9/10/2023,5844094,Michael Edwards,EMI
S2843,P2943,9/11/2023,5772398,John Marchan,EMI
S2844,P2944,9/12/2023,7354070,Arthur Wittke,EMI
S2845,P2945,9/13/2023,6861016,Reed Condra,EMI
S2846,P2946,9/14/2023,6771429,Emilia Wood,EMI
S2847,P2947,9/15/2023,5322112,Betty Theuret,EMI
S2848,P2948,9/16/2023,4866970,Trisha Chisler,EMI
S2849,P2949,9/17/2023,8894055,Lucien Tuck,EMI
S2850,P2950,9/18/2023,7346522,Harry Bryant,EMI
S2851,P2951,9/19/2023,7885839,Henrietta Beaver,EMI
S2852,P2952,9/20/2023,6739701,Robert Hagadone,EMI
S2853,P2953,9/21/2023,5997600,Robin Henderson,EMI
S2854,P2954,9/22/2023,8699668,Jason Lewis,EMI
S2855,P2955,9/23/2023,7675500,John Grandfield,EMI
S2856,P2956,9/24/2023,8595564,Frank Honse,EMI
S2857,P2957,9/25/2023,6286256,Jamie Brown,EMI
S2858,P2958,9/26/2023,9047278,Sandra Cavanaugh,EMI
S2859,P2959,9/27/2023,7562770,Joshua Keen,EMI
S2860,P2960,9/28/2023,6551150,Thomas Raney,EMI
S2861,P2961,9/29/2023,8935734,Ryan Lapp,EMI
S2862,P2962,9/30/2023,5143286,Peter Mandeville,EMI
S2863,P2963,10/1/2023,6742590,Janet Borkowski,EMI
S2864,P2964,10/2/2023,9111140,Brant Mcclendon,EMI
S2865,P2965,10/3/2023,6361848,Phillip Crowley,EMI
S2866,P2966,10/4/2023,8312261,Jamie Camacho,EMI
S2867,P2967,10/5/2023,8255880,Thomas Tuggle,EMI
S2868,P2968,10/6/2023,5973964,Thomas Martini,EMI
S2869,P2969,10/7/2023,6578845,Cletus Adams,EMI
S2870,P2970,10/8/2023,7879015,Allan Burkman,EMI
S2871,P2971,10/9/2023,8210103,Orville Hoover,EMI
S2872,P2972,10/10/2023,8691091,Melissa Jacobs,EMI
S2873,P2973,10/11/2023,8741387,Dora Leary,EMI
S2874,P2974,10/12/2023,7568581,James Levasseur,EMI
S2875,P2975,10/13/2023,9072000,Edward Piazza,EMI
S2876,P2976,10/14/2023,4556289,Marcus Gummer,EMI
S2877,P2977,10/15/2023,4815594,Lillian Hernandez,EMI
S2878,P2978,10/16/2023,6164164,Donna Bair,EMI
S2879,P2979,10/17/2023,7496023,Vernon Leri,EMI
S2880,P2980,10/18/2023,7067850,John Donahue,EMI
S2881,P2981,10/19/2023,8151526,Jessica Morris,EMI
S2882,P2982,10/20/2023,5743707,Larry Leanos,EMI
S2883,P2983,10/21/2023,5930126,Shirley Smith,EMI
S2884,P2984,10/22/2023,4908303,Mildred Akins,EMI
S2885,P2985,10/23/2023,8327104,Kevin Webb,EMI
S2886,P2986,10/24/2023,5205464,Joseph Bailey,EMI
S2887,P2987,10/25/2023,5213044,Abbie Swan,EMI
S2888,P2988,10/26/2023,6419620,Cristal Rodriguez,EMI
S2889,P2989,10/27/2023,5428183,Anthony Mallon,EMI
S2890,P2990,10/28/2023,5525120,Abigail Byers,EMI
S2891,P2991,10/29/2023,7943544,Wanda Culbreath,EMI
S2892,P2992,10/30/2023,4676200,Amy Budds,EMI
S2893,P2993,10/31/2023,7459062,Mary Tratar,EMI
S2894,P2994,11/1/2023,4753218,Margo Stark,EMI
S2895,P2995,11/2/2023,5607153,Allen Rose,EMI
S2896,P2996,11/3/2023,5668455,Rachel Atchison,EMI
S2897,P2997,11/4/2023,7214021,Vanessa Pierce,EMI
S2898,P2998,11/5/2023,7722124,James Marshall,EMI
S2899,P2999,11/6/2023,6869378,Richard Hills,EMI
S2900,P3000,11/7/2023,7362503,June Deshong,EMI
S2901,P3001,11/8/2023,9220982,Sean Everette,EMI
S2902,P3002,11/9/2023,5507545,Martha Johnson,EMI
S2903,P3003,11/10/2023,5874610,Richard Hammond,EMI
S2904,P3004,11/11/2023,9212064,Monica Guerrero,EMI
S2905,P3005,11/12/2023,8001870,Beulah Clover,EMI
S2906,P3006,11/13/2023,4629708,Richard Pinto,EMI
S2907,P3007,11/14/2023,7718829,Janet King,EMI
S2908,P3008,11/15/2023,4783436,Aleta Patino,EMI
S2909,P3009,11/16/2023,4665823,Larry Campbell,EMI
S2910,P3010,11/17/2023,5589343,Joan Restivo,EMI
S2911,P3011,11/18/2023,4895896,James Owens,EMI
S2912,P3012,11/19/2023,9061351,Eugene West,EMI
S2913,P3013,11/20/2023,6920479,Joel Gibbons,EMI
S2914,P3014,11/21/2023,7724014,Johnathan Dong,EMI
S2915,P3015,11/22/2023,7805909,John Mcdaniel,EMI
S2916,P3016,11/23/2023,7453440,Judy Mattox,EMI
S2917,P3017,11/24/2023,6595205,Peggy Scarborough,EMI
S2918,P3018,11/25/2023,7234763,Norma Stanfill,EMI
S2919,P3019,11/26/2023,9189682,Maria Alvares,EMI
S2920,P3020,11/27/2023,5739442,Wayne Harris,EMI
S2921,P3021,11/28/2023,7297468,Jeremy Adams,EMI
S2922,P3022,11/29/2023,8843912,Clara Smart,EMI
S2923,P3023,11/30/2023,8891894,Carl Belvin,EMI
S2924,P3024,12/1/2023,5551418,Sean Becker,EMI
S2925,P3025,12/2/2023,8422737,Gertrude May,EMI
S2926,P3026,12/3/2023,8474834,Edward Charles,EMI
S2927,P3027,12/4/2023,6012052,Samuel Chavez,EMI
S2928,P3028,12/5/2023,8862630,Robin Cooley,EMI
S2929,P3029,12/6/2023,5817749,Jacqueline Stifter,EMI
S2930,P3030,12/7/2023,5774484,Stacey Cannon,EMI
S2931,P3031,12/8/2023,5353410,Cheri Lanier,EMI
S2932,P3032,12/9/2023,8090596,Rebecca Longmore,EMI
S2933,P3033,12/10/2023,8243576,Nicole Mcgee,EMI
S2934,P3034,12/11/2023,5976188,Ramon Kim,EMI
S2935,P3035,12/12/2023,4567472,Edward Chambers,EMI
S2936,P3036,12/13/2023,8131425,Robert Lemm,EMI
S2937,P3037,12/14/2023,9091089,Jackie Sheets,EMI
S2938,P3038,12/15/2023,8742122,Salvador Bolden,EMI
S2939,P3039,12/16/2023,4938080,Pamela Nielsen,EMI
S2940,P3040,12/17/2023,7723380,Sandra Smith,EMI
S2941,P3041,12/18/2023,6061605,Alberta Lewis,EMI
S2942,P3042,12/19/2023,8770854,Curtis Ford,EMI
S2943,P3043,12/20/2023,8501312,Kevin Gold,EMI
S2944,P3044,12/21/2023,7110603,Kimberly Alberts,EMI
S2945,P3045,12/22/2023,7019853,Ralph Bostic,EMI
S2946,P3046,12/23/2023,8709850,Joseph Earnest,EMI
S2947,P3047,12/24/2023,5628867,Nathaniel Padilla,EMI
S2948,P3048,12/25/2023,4676462,Damon Crutcher,EMI
S2949,P3049,12/26/2023,9458394,Nicholas Smith,EMI
S2950,P3050,12/27/2023,5455621,Mary Johnson,EMI
S2951,P3051,12/28/2023,7450984,Patricia Steinberger,EMI
S2952,P3052,12/29/2023,8051398,Lauralee Sanchez,EMI
S2953,P3053,12/30/2023,8840681,Geoffrey Whatley,EMI
S2954,P3054,12/31/2023,4806064,Laura Darling,EMI
S2955,P3055,1/1/2024,7179116,Sandra Dean,EMI
S2956,P3056,1/2/2024,8769995,Katherine Lowe,EMI
S2957,P3057,1/3/2024,4834335,Frank Anderson,EMI
S2958,P3058,1/4/2024,8363942,Ray Giorgi,EMI
S2959,P3059,1/5/2024,6300448,Thomas Graham,EMI
S2960,P3060,1/6/2024,7016431,Charles Jones,EMI
S2961,P3061,1/7/2024,6479519,Walter Montgomery,EMI
S2962,P3062,1/8/2024,5876329,Robert Medrano,EMI
S2963,P3063,1/9/2024,5905324,Letty Cook,EMI
S2964,P3064,1/10/2024,6707834,Catherine Arvelo,EMI
S2965,P3065,1/11/2024,4916373,Alma Murphy,EMI
S2966,P3066,1/12/2024,5956187,Maria Sweezer,EMI
S2967,P3067,1/13/2024,8245984,Nicole Welch,EMI
S2968,P3068,1/14/2024,8905689,Sherry Ollendick,EMI
S2969,P3069,1/15/2024,7319219,Scott Randolph,EMI
S2970,P3070,1/16/2024,6594775,Arden Boyd,EMI
S2971,P3071,1/17/2024,8052711,Janice Glatt,EMI
S2972,P3072,1/18/2024,8958382,Rebecca Bay,EMI
S2973,P3073,1/19/2024,5216954,Ellis Redman,EMI
S2974,P3074,1/20/2024,8566073,Petrina Nugent,EMI
S2975,P3075,1/21/2024,4902039,Sam Mellerson,EMI
S2976,P3076,1/22/2024,8648204,Beatrice Campbell,EMI
S2977,P3077,1/23/2024,8740541,Jessica Thompson,EMI
S2978,P3078,1/24/2024,9004955,Louann Ramsey,EMI
S2979,P3079,1/25/2024,7438927,Angela Noble,EMI
S2980,P3080,1/26/2024,5543118,Betty English,EMI
S2981,P3081,1/27/2024,6886437,Crystal Song,EMI
S2982,P3082,1/28/2024,6316008,Yvonne Smith,EMI
S2983,P3083,1/29/2024,5866295,Rene Pershall,EMI
S2984,P3084,1/30/2024,9486421,Joshua Buffum,EMI
S2985,P3085,1/31/2024,9125535,Eric Fields,EMI
S2986,P3086,2/1/2024,8040067,Richard Colon,EMI
S2987,P3087,2/2/2024,7856194,Felton Hardy,EMI
S2988,P3088,2/3/2024,7314583,Benjamin Mitchell,EMI
S2989,P3089,2/4/2024,8929813,Rafael Martin,EMI
S2990,P3090,2/5/2024,7232564,Brett Ferrell,EMI
S2991,P3091,2/6/2024,4524413,Joseph Rathbone,EMI
S2992,P3092,2/7/2024,5944993,Louise Glassman,EMI
S2993,P3093,2/8/2024,8448999,Joshua Oshell,EMI
S2994,P3094,2/9/2024,5876341,James York,EMI
S2995,P3095,2/10/2024,7953119,Scott Jones,EMI
S2996,P3096,2/11/2024,7342494,Eric Roblez,EMI
S2997,P3097,2/12/2024,6404442,Janay Brown,EMI
S2998,P3098,2/13/2024,7679448,Valerie Gates,EMI
S2999,P3099,2/14/2024,8324307,Anthony Fraser,EMI
S3000,P3100,2/15/2024,7767670,Ronald Smith,EMI
